[Licensing::Module] Trying to connect to existing licensing client channel...
Built from '6000.5/staging' branch; Version is '6000.5.7f1 (017862109af0) revision 96354'; Using compiler version '194234433'; Build Type 'Release'
[Licensing::IpcConnector] Successfully connected to: "LicenseClient-Maksimka" at "2026-08-15T10:17:27.0229161Z"
OS: 'Windows 11  (10.0.26200) Professional' Language: 'ru' Physical Memory: 16344 MB
BatchMode: 1, IsHumanControllingUs: 0, StartBugReporterOnCrash: 0, Is64bit: 1
System  architecture: x64
Process architecture: x64
Date: 2026-08-15T10:17:27Z

COMMAND LINE ARGUMENTS:
C:\Program Files\Unity\Hub\Editor\6000.5.7f1\Editor\Unity.exe
-adb2
-batchMode
-noUpm
-name
AssetImportWorkerHW1
-projectPath
D:/Grid Fighter/Grid Fighter
-logFile
Logs/AssetImportWorkerHW1.log
-srvPort
59820
-parentPid
14892
-analyticsCloudUserId
7972051870223
-analyticsCloudProjectId
b4ca7c0e-940c-4d91-8a87-3a4691b568e3
-analyticsLocalProjectId
74b822b069ba9894e98d4d3750fea8f6
-editorAnalyticsEnabled
1
-cbmEditorLicense
640141920f9bf247bce7f9ab76a488aefd681808
-cbmMachineId
dB+ggyamTgBRQMhIkTOw1Q8a8sA=
-noDiagnosticSwitchPersistentStore
-job-worker-count
3
-background-job-worker-count
8
-asset-garbage-collectors
1
-force-d3d12
-name
AssetImport
Successfully changed project path to: D:/Grid Fighter/Grid Fighter
D:/Grid Fighter/Grid Fighter
[UnityMemory] Configuration Parameters - Can be set up in boot.config
    "memorysetup-temp-allocator-size-gi-baking-worker=262144"
    "memorysetup-temp-allocator-size-gi-baking-worker=262144"
    "memorysetup-temp-allocator-size-gi-baking-worker=262144"
    "memorysetup-temp-allocator-size-gi-baking-worker=262144"
    "memorysetup-temp-allocator-size-gi-baking-worker=262144"
    "memorysetup-temp-allocator-size-nav-mesh-worker=65536"
    "memorysetup-temp-allocator-size-audio-worker=65536"
    "memorysetup-temp-allocator-size-cloud-worker=32768"
    "memorysetup-temp-allocator-size-gfx=262144"
    "memorysetup-temp-allocator-size-preload-manager=33554432"
    "memorysetup-allocator-temp-initial-block-size-main=262144"
    "memorysetup-allocator-temp-initial-block-size-worker=262144"
    "memorysetup-temp-allocator-size-job-worker=262144"
    "memorysetup-temp-allocator-size-background-worker=32768"
    "memorysetup-bucket-allocator-granularity=16"
    "memorysetup-bucket-allocator-bucket-count=8"
    "memorysetup-bucket-allocator-block-size=33554432"
    "memorysetup-bucket-allocator-block-count=8"
    "memorysetup-main-allocator-block-size=16777216"
    "memorysetup-thread-allocator-block-size=16777216"
    "memorysetup-main-allocator-mimalloc-enabled=0"
    "memorysetup-gfx-main-allocator-block-size=16777216"
    "memorysetup-gfx-thread-allocator-block-size=16777216"
    "memorysetup-cache-allocator-block-size=4194304"
    "memorysetup-typetree-allocator-block-size=2097152"
    "memorysetup-profiler-bucket-allocator-granularity=16"
    "memorysetup-profiler-bucket-allocator-bucket-count=8"
    "memorysetup-profiler-bucket-allocator-block-size=33554432"
    "memorysetup-profiler-bucket-allocator-block-count=8"
    "memorysetup-profiler-allocator-block-size=16777216"
    "memorysetup-profiler-editor-allocator-block-size=1048576"
    "memorysetup-temp-allocator-size-main=16777216"
    "memorysetup-job-temp-allocator-block-size=2097152"
    "memorysetup-job-temp-allocator-block-size-background=1048576"
    "memorysetup-job-temp-allocator-reduction-small-platforms=262144"
Player connection [15824]  Target information:

Player connection [15824]  * "[IP] 192.168.100.122 [Port] 0 [Flags] 2 [Guid] 3514233821 [EditorId] 3514233821 [Version] 1048832 [Id] WindowsEditor(7,maksim) [Debug] 1 [PackageName] WindowsEditor [ProjectName] Editor" 

Player connection [15824]  * "[IP] 26.113.28.38 [Port] 0 [Flags] 2 [Guid] 3514233821 [EditorId] 3514233821 [Version] 1048832 [Id] WindowsEditor(7,maksim) [Debug] 1 [PackageName] WindowsEditor [ProjectName] Editor" 

Player connection [15824] Host joined multi-casting on [225.0.0.222:54997]...
Player connection [15824] Host joined alternative multi-casting on [225.0.0.222:34997]...
JobSystem: Creating JobQueue using job-worker-count value 3
Input System module state changed to: Initialized.
[Physics::Module] Initialized fallback backend.
[Physics::Module] Id: 0xdecafbad
Library Redirect Path: Library/
[Physics::Module] Selected backend.
[Physics::Module] Name: PhysX
[Physics::Module] Id: 0xf2b8ea05
[Physics::Module] SDK Version: 4.1.2
[Physics::Module] Integration Version: 1.0.0
[Physics::Module] Threading Mode: Multi-Threaded
Active build profile path: `Assets/Settings/Build Profiles/Android™.asset`
[Licensing::Module] Licensing is not yet initialized.
[Licensing::Client] Error: HandshakeResponse reported an error:
	ResponseCode: 505
	ResponseStatus: Unsupported protocol version '1.18.1'.
[Licensing::Module] Error: Failed to handshake to channel: "LicenseClient-Maksimka"
[Licensing::IpcConnector] LicenseClient-Maksimka channel disconnected successfully.
[Licensing::IpcConnector] Successfully connected to: "LicenseClient-Maksimka-6000.5.7" at "2026-08-15T10:17:30.0385026Z"
[Licensing::Client] Code 10 while verifying Licensing Client signature (process Id: 3996, path: "C:/Program Files/Unity/Hub/Editor/6000.5.7f1/Editor/Data/Resources/Licensing/Client/Unity.Licensing.Client.exe")
[Licensing::Module] LicensingClient has failed validation; ignoring
[Licensing::Client] Handshaking with LicensingClient:
  Version:                 1.18.1+9fbee8e
  Session Id:              4d984ce5edd44d5e8dabb6434f858d94
  Correlation Id:          d5dfcbdc5151574fecd9859046567fad
  External correlation Id: 4477502677879326086
  Machine Id:              dB+ggyamTgBRQMhIkTOw1Q8a8sA=
[Licensing::Module] Successfully connected to LicensingClient on channel: "LicenseClient-Maksimka-6000.5.7" (connect: 0.00s, validation: 0.00s, handshake: 0.01s)
[Licensing::IpcConnector] Successfully connected to: "LicenseClient-Maksimka-6000.5.7-notifications" at "2026-08-15T10:17:30.0557246Z"
[Licensing::Module] Licensing Background thread has ended after 3.03s
[Licensing::Module] Licensing is initialized (took 2.38s).
[Licensing::Client] Successfully resolved entitlement details
[Licensing::Module] License group:
  Id: 7972051870223-UnityPersXXXX
  Product: Unity Personal
  Type: Assigned
  Expiration: Unlimited
Got setting from build profile YAML, name `m_BuildTarget`, value `13`
Got setting from build profile YAML, name `m_Subtarget`, value `0`
Refreshing native plugins compatible for Editor in 13.04 ms, found 5 plugins.
Initialize engine version: 6000.5.7f1 (017862109af0)
[Subsystems] Discovering subsystems at path C:/Program Files/Unity/Hub/Editor/6000.5.7f1/Editor/Data/Resources/UnitySubsystems
[Subsystems] Discovering subsystems at path D:/Grid Fighter/Grid Fighter/Assets
Forcing GfxDevice: Direct3D 12
GfxDevice: creating device client; kGfxThreadingModeNonThreaded
d3d12: failed to query info queue interface (0x80004002).
Direct3D:
    Version:         Direct3D 12 [level 12.1]
    Renderer:        NVIDIA GeForce GTX 1070 Ti (ID=0x1b82)
    Vendor:          NVIDIA
    VRAM:            8059 MB
    App VRAM Budget: 7291 MB
    Driver:          32.0.15.8266
Shader 'TextMeshPro/Distance Field SSD - SpaceWarp': fallback shader 'TextMeshPro/Mobile/Distance Field' not found
Shader 'TextMeshPro/Distance Field - SpaceWarp': fallback shader 'TextMeshPro/Mobile/Distance Field' not found
Initialize mono
Mono path[0] = 'C:/Program Files/Unity/Hub/Editor/6000.5.7f1/Editor/Data/Managed'
Mono path[1] = 'C:/Program Files/Unity/Hub/Editor/6000.5.7f1/Editor/Data/BCLExtensions/runtime/netstandard2.1'
Mono path[2] = 'C:/Program Files/Unity/Hub/Editor/6000.5.7f1/Editor/Data/MonoBleedingEdge/lib/mono/unityjit-win32'
Mono config path = 'C:/Program Files/Unity/Hub/Editor/6000.5.7f1/Editor/Data/MonoBleedingEdge/etc'
Using monoOptions --debugger-agent=transport=dt_socket,embedding=1,server=y,suspend=n,address=127.0.0.1:56480
CodeReloadManager initialized
Begin MonoManager ReloadAssembly
Registering precompiled unity dll's ...
Register platform support module: C:/Program Files/Unity/Hub/Editor/6000.5.7f1/Editor/Data/PlaybackEngines/WebGLSupport/UnityEditor.WebGL.Extensions.dll
Register platform support module: C:/Program Files/Unity/Hub/Editor/6000.5.7f1/Editor/Data/PlaybackEngines/WindowsStandaloneSupport/UnityEditor.WindowsStandalone.Extensions.dll
Register platform support module: C:/Program Files/Unity/Hub/Editor/6000.5.7f1/Editor/Data/PlaybackEngines/AndroidPlayer/UnityEditor.Android.Extensions.dll
Registered in 0.006492 seconds.
Native extension for Android target not found
Native extension for WindowsStandalone target not found
Native extension for WebGL target not found
Package Manager log level set to [2]
[Package Manager] Failed to launch server process. Reason: Unity was launched with the -noUpm command-line argument
[Package Manager] Unable to send message (not connected to server process).
[Package Manager] Cannot connect to Unity Package Manager local server
ScheduleIndexationOnStartup MainProcess:False IndexOnStartup:True
Mono: successfully reloaded assembly
- Finished resetting the current domain, in  0.592 seconds
Domain Reload Profiling: 1504ms
	BeginReloadAssembly (231ms)
	RebuildCommonClasses (7ms)
	RebuildNativeTypeToScriptingClass (25ms)
	initialDomainReloadingComplete (122ms)
	LoadAllAssembliesAndSetupDomain (524ms)
		LoadAssemblies (224ms)
		AnalyzeDomain (392ms)
			TypeCache.Refresh (390ms)
				TypeCache.ScanAssembly (363ms)
	FinalizeReload (595ms)
		SetupLoadedEditorAssemblies (0ms)
			InitializePlatformSupportModulesInManaged (13ms)
			BeforeProcessingInitializeOnLoad (143ms)
			ProcessInitializeOnLoadAttributes (139ms)
			ProcessInitializeOnLoadMethodAttributes (176ms)
Initializing Unity extensions:
[Licensing::Client] Successfully resolved entitlement details
Curl error 3: URL rejected: Malformed input to a URL function
========================================================================
Worker process is ready to serve import requests
Import Worker Mode flag is 0x00
Begin MonoManager ReloadAssembly
Refreshing native plugins compatible for Editor in 6.00 ms, found 5 plugins.
Native extension for Android target not found
Native extension for WindowsStandalone target not found
Native extension for WebGL target not found
[Package Manager] Failed to launch server process. Reason: Unity was launched with the -noUpm command-line argument
[Package Manager] Unable to send message (not connected to server process).
[Package Manager] Cannot connect to Unity Package Manager local server
Refreshing native plugins compatible for Editor in 5.75 ms, found 5 plugins.
[Package Manager] Failed to launch server process. Reason: Unity was launched with the -noUpm command-line argument
[Package Manager] Unable to send message (not connected to server process).
[Package Manager] Cannot connect to Unity Package Manager local server
ScheduleIndexationOnStartup MainProcess:False IndexOnStartup:True
Mono: successfully reloaded assembly
- Finished resetting the current domain, in  1.275 seconds
Domain Reload Profiling: 3131ms
	BeginReloadAssembly (322ms)
		DisableScriptedObjects (34ms)
		CreateAndSetChildDomain (45ms)
	RebuildCommonClasses (13ms)
	RebuildNativeTypeToScriptingClass (26ms)
	initialDomainReloadingComplete (134ms)
	LoadAllAssembliesAndSetupDomain (1359ms)
		LoadAssemblies (764ms)
		AnalyzeDomain (561ms)
			TypeCache.Refresh (400ms)
				TypeCache.ScanAssembly (369ms)
			BuildScriptInfoCaches (149ms)
			ResolveRequiredComponents (8ms)
	FinalizeReload (1277ms)
		SetupLoadedEditorAssemblies (0ms)
			InitializePlatformSupportModulesInManaged (12ms)
			BeforeProcessingInitializeOnLoad (146ms)
			ProcessInitializeOnLoadAttributes (594ms)
			ProcessInitializeOnLoadMethodAttributes (243ms)
			AfterProcessingInitializeOnLoad (16ms)
		AwakeInstancesAfterBackupRestoration (22ms)
AcceleratorClientConnectionCallback - disconnected - :0
WARNING: Shader Unsupported: 'Hidden/Universal Render Pipeline/Terrain/Lit (Base Pass)' - All subshaders removed
WARNING: Shader Did you use #pragma only_renderers and omit this platform?
WARNING: Shader If subshaders removal was intentional, you may have forgotten turning Fallback off?
WARNING: Shader Unsupported: 'Universal Render Pipeline/Terrain/Lit' - All subshaders removed
WARNING: Shader Did you use #pragma only_renderers and omit this platform?
WARNING: Shader If subshaders removal was intentional, you may have forgotten turning Fallback off?
Shader 'TextMeshPro/Distance Field SSD - SpaceWarp': fallback shader 'TextMeshPro/Mobile/Distance Field' not found
Shader 'TextMeshPro/Distance Field - SpaceWarp': fallback shader 'TextMeshPro/Mobile/Distance Field' not found
Launched and connected shader compiler UnityShaderCompiler.exe after 0.03 seconds
Refreshing native plugins compatible for Editor in 5.60 ms, found 5 plugins.
Unloading 56 Unused Serialized files (Serialized files now loaded: 0)
Curl error 3: URL rejected: Malformed input to a URL function
Unloading 7888 unused Assets / (9.9 MB). Loaded Objects now: 8540.
Memory consumption went from 360.5 MB to 350.6 MB.
Total: 20.003200 ms (FindLiveObjects: 1.167400 ms CreateObjectMapping: 3.478000 ms MarkObjects: 9.987400 ms  DeleteObjects: 5.363800 ms)

========================================================================
Received Prepare
AcceleratorClientConnectionCallback - disconnected - :0
[Licensing::Client] Successfully resolved entitlement details
[Licensing::Client] Successfully resolved entitlement details
Begin MonoManager ReloadAssembly
Refreshing native plugins compatible for Editor in 5.42 ms, found 5 plugins.
Native extension for Android target not found
Native extension for WindowsStandalone target not found
Native extension for WebGL target not found
[Package Manager] Failed to launch server process. Reason: Unity was launched with the -noUpm command-line argument
[Package Manager] Unable to send message (not connected to server process).
[Package Manager] Cannot connect to Unity Package Manager local server
[Package Manager] Failed to launch server process. Reason: Unity was launched with the -noUpm command-line argument
[Package Manager] Unable to send message (not connected to server process).
[Package Manager] Cannot connect to Unity Package Manager local server
ScheduleIndexationOnStartup MainProcess:False IndexOnStartup:True
Mono: successfully reloaded assembly
- Finished resetting the current domain, in  1.155 seconds
Domain Reload Profiling: 2517ms
	BeginReloadAssembly (413ms)
		DisableScriptedObjects (54ms)
		CreateAndSetChildDomain (90ms)
	RebuildCommonClasses (13ms)
	RebuildNativeTypeToScriptingClass (28ms)
	initialDomainReloadingComplete (140ms)
	LoadAllAssembliesAndSetupDomain (767ms)
		LoadAssemblies (712ms)
		AnalyzeDomain (25ms)
			TypeCache.Refresh (11ms)
			ResolveRequiredComponents (8ms)
	FinalizeReload (1156ms)
		SetupLoadedEditorAssemblies (0ms)
			InitializePlatformSupportModulesInManaged (12ms)
			BeforeProcessingInitializeOnLoad (148ms)
			ProcessInitializeOnLoadAttributes (474ms)
			ProcessInitializeOnLoadMethodAttributes (192ms)
			AfterProcessingInitializeOnLoad (14ms)
		AwakeInstancesAfterBackupRestoration (25ms)
WARNING: Shader Unsupported: 'Hidden/Universal Render Pipeline/Terrain/Lit (Base Pass)' - All subshaders removed
WARNING: Shader Did you use #pragma only_renderers and omit this platform?
WARNING: Shader If subshaders removal was intentional, you may have forgotten turning Fallback off?
WARNING: Shader Unsupported: 'Universal Render Pipeline/Terrain/Lit' - All subshaders removed
WARNING: Shader Did you use #pragma only_renderers and omit this platform?
WARNING: Shader If subshaders removal was intentional, you may have forgotten turning Fallback off?
Refreshing native plugins compatible for Editor in 5.47 ms, found 5 plugins.
Unloading 55 Unused Serialized files (Serialized files now loaded: 0)
Unloading 7884 unused Assets / (9.2 MB). Loaded Objects now: 8544.
Memory consumption went from 345.9 MB to 336.7 MB.
Total: 18.089900 ms (FindLiveObjects: 1.141500 ms CreateObjectMapping: 3.960500 ms MarkObjects: 7.734400 ms  DeleteObjects: 5.252400 ms)

Prepare: number of updated asset objects reloaded= 0
Shader 'TextMeshPro/Distance Field SSD - SpaceWarp': fallback shader 'TextMeshPro/Mobile/Distance Field' not found
Shader 'TextMeshPro/Distance Field - SpaceWarp': fallback shader 'TextMeshPro/Mobile/Distance Field' not found
EnvironmentDependencyValues requested are different than current active one (requested -> active):
  graphicsApiMask: 2099200 -> 2361344
========================================================================
Received Prepare
AcceleratorClientConnectionCallback - disconnected - :0
WARNING: Shader Unsupported: 'Hidden/Universal Render Pipeline/Terrain/Lit (Base Pass)' - All subshaders removed
WARNING: Shader Did you use #pragma only_renderers and omit this platform?
WARNING: Shader If subshaders removal was intentional, you may have forgotten turning Fallback off?
WARNING: Shader Unsupported: 'Universal Render Pipeline/Terrain/Lit' - All subshaders removed
WARNING: Shader Did you use #pragma only_renderers and omit this platform?
WARNING: Shader If subshaders removal was intentional, you may have forgotten turning Fallback off?
Refreshing native plugins compatible for Editor in 7.73 ms, found 5 plugins.
Unloading 69 Unused Serialized files (Serialized files now loaded: 0)
Unloading 70 unused Assets / (5.2 MB). Loaded Objects now: 8544.
Memory consumption went from 346.2 MB to 341.0 MB.
Total: 19.111500 ms (FindLiveObjects: 0.779100 ms CreateObjectMapping: 1.774600 ms MarkObjects: 14.714000 ms  DeleteObjects: 1.841400 ms)

Prepare: number of updated asset objects reloaded= 4
EnvironmentDependencyValues requested are different than current active one (requested -> active):
  graphicsApiMask: 2099200 -> 2361344
========================================================================
Received Prepare
AcceleratorClientConnectionCallback - disconnected - :0
[Licensing::Client] Successfully resolved entitlement details
[Licensing::Client] Successfully resolved entitlement details
Begin MonoManager ReloadAssembly
Refreshing native plugins compatible for Editor in 4.97 ms, found 5 plugins.
Native extension for Android target not found
Native extension for WindowsStandalone target not found
Native extension for WebGL target not found
[Package Manager] Failed to launch server process. Reason: Unity was launched with the -noUpm command-line argument
[Package Manager] Unable to send message (not connected to server process).
[Package Manager] Cannot connect to Unity Package Manager local server
[Package Manager] Failed to launch server process. Reason: Unity was launched with the -noUpm command-line argument
[Package Manager] Unable to send message (not connected to server process).
[Package Manager] Cannot connect to Unity Package Manager local server
ScheduleIndexationOnStartup MainProcess:False IndexOnStartup:True
Mono: successfully reloaded assembly
- Finished resetting the current domain, in  1.348 seconds
Domain Reload Profiling: 2714ms
	BeginReloadAssembly (391ms)
		DisableScriptedObjects (53ms)
		CreateAndSetChildDomain (86ms)
	RebuildCommonClasses (12ms)
	RebuildNativeTypeToScriptingClass (32ms)
	initialDomainReloadingComplete (148ms)
	LoadAllAssembliesAndSetupDomain (780ms)
		LoadAssemblies (707ms)
		AnalyzeDomain (35ms)
			TypeCache.Refresh (14ms)
			ResolveRequiredComponents (13ms)
	FinalizeReload (1350ms)
		SetupLoadedEditorAssemblies (0ms)
			InitializePlatformSupportModulesInManaged (14ms)
			BeforeProcessingInitializeOnLoad (183ms)
			ProcessInitializeOnLoadAttributes (536ms)
			ProcessInitializeOnLoadMethodAttributes (256ms)
			AfterProcessingInitializeOnLoad (18ms)
		AwakeInstancesAfterBackupRestoration (24ms)
WARNING: Shader Unsupported: 'Hidden/Universal Render Pipeline/Terrain/Lit (Base Pass)' - All subshaders removed
WARNING: Shader Did you use #pragma only_renderers and omit this platform?
WARNING: Shader If subshaders removal was intentional, you may have forgotten turning Fallback off?
WARNING: Shader Unsupported: 'Universal Render Pipeline/Terrain/Lit' - All subshaders removed
WARNING: Shader Did you use #pragma only_renderers and omit this platform?
WARNING: Shader If subshaders removal was intentional, you may have forgotten turning Fallback off?
Refreshing native plugins compatible for Editor in 6.02 ms, found 5 plugins.
Unloading 68 Unused Serialized files (Serialized files now loaded: 0)
Unloading 7898 unused Assets / (10.7 MB). Loaded Objects now: 8548.
Memory consumption went from 353.7 MB to 343.0 MB.
Total: 21.989000 ms (FindLiveObjects: 1.356400 ms CreateObjectMapping: 4.287600 ms MarkObjects: 9.011800 ms  DeleteObjects: 7.332000 ms)

Prepare: number of updated asset objects reloaded= 0
EnvironmentDependencyValues requested are different than current active one (requested -> active):
  graphicsApiMask: 2099200 -> 2361344
========================================================================
Received Import Request.
  Time of request: 2026-08-15T10:22:49.0811034Z
  Time since last request: 223805.97010830001091 seconds.
  importAddress: GUID: 1a2c68d86b6234344bcf1777ddd04463 - Path: Assets/_Project/Art/Environment/Dungeon/Preview (Variation A).png - Importer: PreviewImporter
Importing 'GUID: 1a2c68d86b6234344bcf1777ddd04463 - Path: Assets/_Project/Art/Environment/Dungeon/Preview (Variation A).png - Importer: PreviewImporter' with importer (PreviewImporter)
Imported 'GUID: 1a2c68d86b6234344bcf1777ddd04463' -> (Import Result ID: 'be3f95839bf4ef53e161e77525bfffe7') in 0.100 seconds [static and dynamic dependencies]. Details - ImportResultOutputID=70827c9f0c2d1ff84f1b5622a1262e6d DependenciesID=651b2fdd13be70ce4940cdcf91c7cf44 StaticDependenciesID=e0eca2964a5984ae873209cefe8b1ac4 
Number of updated asset objects reloaded before import = 0
Number of asset objects unloaded after import = 2
========================================================================
Received Import Request.
  Time of request: 2026-08-15T10:22:49.195292Z
  Time since last request: 0.000344 seconds.
  importAddress: GUID: f9356f8a291a4ef46bbd218e17a86146 - Path: Assets/_Project/Art/Environment/Dungeon/Sample.png - Importer: PreviewImporter
Importing 'GUID: f9356f8a291a4ef46bbd218e17a86146 - Path: Assets/_Project/Art/Environment/Dungeon/Sample.png - Importer: PreviewImporter' with importer (PreviewImporter)
Imported 'GUID: f9356f8a291a4ef46bbd218e17a86146' -> (Import Result ID: '3929af85d50cc156c5806cfe7a1333f4') in 0.013 seconds [static and dynamic dependencies]. Details - ImportResultOutputID=dc42487972cc487a3ace96d3bfd8de77 DependenciesID=3e67e17c81897e2bbabc974cf3dac33e StaticDependenciesID=9d0c79cdbfdf0713cf9d25231a71fb1a 
Number of updated asset objects reloaded before import = 0
Number of asset objects unloaded after import = 2
========================================================================
Received Import Request.
  Time of request: 2026-08-15T10:22:51.7753203Z
  Time since last request: 2.5518138 seconds.
  importAddress: GUID: 97ce48012bef20c45aafd7fc0af69577 - Path: Assets/_Project/Art/Environment/Cave/Preview (Variation A).png - Importer: PreviewImporter
Importing 'GUID: 97ce48012bef20c45aafd7fc0af69577 - Path: Assets/_Project/Art/Environment/Cave/Preview (Variation A).png - Importer: PreviewImporter' with importer (PreviewImporter)
Imported 'GUID: 97ce48012bef20c45aafd7fc0af69577' -> (Import Result ID: '4b5925c69c548b0047fb4b3cedaf847e') in 0.012 seconds [static and dynamic dependencies]. Details - ImportResultOutputID=b45d5d0c945def221454ae1ddbbd3b1c DependenciesID=c7dc71e1b2b06ea9ab7944a6ea10cd8e StaticDependenciesID=7fcc4b7caf18118dc0273da5bfc6cb28 
Number of updated asset objects reloaded before import = 0
Number of asset objects unloaded after import = 2
========================================================================
Received Import Request.
  Time of request: 2026-08-15T10:22:51.8021392Z
  Time since last request: 0.0004953 seconds.
  importAddress: GUID: d291731429d9e9c41b9637d2fa8acb8e - Path: Assets/_Project/Art/Environment/Cave/Sample.png - Importer: PreviewImporter
Importing 'GUID: d291731429d9e9c41b9637d2fa8acb8e - Path: Assets/_Project/Art/Environment/Cave/Sample.png - Importer: PreviewImporter' with importer (PreviewImporter)
Imported 'GUID: d291731429d9e9c41b9637d2fa8acb8e' -> (Import Result ID: 'ceeac06c92fe069e04951310e190ba60') in 0.013 seconds [static and dynamic dependencies]. Details - ImportResultOutputID=bb8cc6c870f4c2ce48994fe19d32451e DependenciesID=58866070d36c2c8a243527b58d0d9eeb StaticDependenciesID=e5caa2400801a0eb13ac98546f277544 
Number of updated asset objects reloaded before import = 0
Number of asset objects unloaded after import = 2
========================================================================
Received Prepare
AcceleratorClientConnectionCallback - disconnected - :0
WARNING: Shader Unsupported: 'Hidden/Universal Render Pipeline/Terrain/Lit (Base Pass)' - All subshaders removed
WARNING: Shader Did you use #pragma only_renderers and omit this platform?
WARNING: Shader If subshaders removal was intentional, you may have forgotten turning Fallback off?
WARNING: Shader Unsupported: 'Universal Render Pipeline/Terrain/Lit' - All subshaders removed
WARNING: Shader Did you use #pragma only_renderers and omit this platform?
WARNING: Shader If subshaders removal was intentional, you may have forgotten turning Fallback off?
Refreshing native plugins compatible for Editor in 7.19 ms, found 5 plugins.
Unloading 68 Unused Serialized files (Serialized files now loaded: 0)
Unloading 69 unused Assets / (5.1 MB). Loaded Objects now: 8553.
Memory consumption went from 346.0 MB to 340.8 MB.
Total: 16.334400 ms (FindLiveObjects: 0.670400 ms CreateObjectMapping: 1.578000 ms MarkObjects: 12.670800 ms  DeleteObjects: 1.413100 ms)

Prepare: number of updated asset objects reloaded= 0
EnvironmentDependencyValues requested are different than current active one (requested -> active):
  graphicsApiMask: 2099200 -> 2361344
========================================================================
Received Import Request.
  Time of request: 2026-08-15T10:29:38.4311789Z
  Time since last request: 406.60003840000002 seconds.
  importAddress: GUID: e73a58f6e2794ae7b1b7e50b7fb811b0 - Path: Assets/TextMesh Pro/Resources/Fonts & Materials/LiberationSans SDF - Drop Shadow.mat - Importer: ScriptedImporter/UnityEditor.QuickSearchModule:UnityEditor.Search:ASIAI0B
Importing 'GUID: e73a58f6e2794ae7b1b7e50b7fb811b0 - Path: Assets/TextMesh Pro/Resources/Fonts & Materials/LiberationSans SDF - Drop Shadow.mat - Importer: ScriptedImporter/UnityEditor.QuickSearchModule:UnityEditor.Search:ASIAI0B' with importer (ScriptedImporter : UnityEditor.QuickSearchModule:UnityEditor.Search:ASIAI0B)
Imported 'GUID: e73a58f6e2794ae7b1b7e50b7fb811b0' -> (Import Result ID: '54bf07df2f41dddf037029081745c031') in 0.156 seconds [static and dynamic dependencies]. Details - ImportResultOutputID=6aa37338cefeebd8385443ce85d4094e DependenciesID=b8b63b6bd16ce2f926227bce098d5483 StaticDependenciesID=a3e34b18c6241ca1e95e2faef03d9855 
Number of updated asset objects reloaded before import = 0
Number of asset objects unloaded after import = 2
========================================================================
Received Import Request.
  Time of request: 2026-08-15T10:29:38.6056657Z
  Time since last request: 0.0009596 seconds.
  importAddress: GUID: bc1ede39bf3643ee8e493720e4259791 - Path: Assets/TextMesh Pro/Shaders/TMP_SDF-Mobile Masking.shader - Importer: ScriptedImporter/UnityEditor.QuickSearchModule:UnityEditor.Search:ASIAI0B
Importing 'GUID: bc1ede39bf3643ee8e493720e4259791 - Path: Assets/TextMesh Pro/Shaders/TMP_SDF-Mobile Masking.shader - Importer: ScriptedImporter/UnityEditor.QuickSearchModule:UnityEditor.Search:ASIAI0B' with importer (ScriptedImporter : UnityEditor.QuickSearchModule:UnityEditor.Search:ASIAI0B)
Imported 'GUID: bc1ede39bf3643ee8e493720e4259791' -> (Import Result ID: 'aeeff2c8f6a2c4ce3e31d8dc680e336f') in 0.023 seconds [static and dynamic dependencies]. Details - ImportResultOutputID=9f5de545cd767f1f90ea98a845b07e94 DependenciesID=a0549cfa4ebb23152b1b97a65ed4fde0 StaticDependenciesID=c5cbba0447380ea4bdc31ef4cacd2ccf 
Number of updated asset objects reloaded before import = 0
Number of asset objects unloaded after import = 1
========================================================================
Received Import Request.
  Time of request: 2026-08-15T10:29:38.6481109Z
  Time since last request: 0.0009717 seconds.
  importAddress: GUID: 71529b88994c1a341b22bc57c038674a - Path: Assets/TextMesh Pro/Examples & Extras/Materials/Ground - URP.mat - Importer: ScriptedImporter/UnityEditor.QuickSearchModule:UnityEditor.Search:ASIAI0B
Importing 'GUID: 71529b88994c1a341b22bc57c038674a - Path: Assets/TextMesh Pro/Examples & Extras/Materials/Ground - URP.mat - Importer: ScriptedImporter/UnityEditor.QuickSearchModule:UnityEditor.Search:ASIAI0B' with importer (ScriptedImporter : UnityEditor.QuickSearchModule:UnityEditor.Search:ASIAI0B)
Imported 'GUID: 71529b88994c1a341b22bc57c038674a' -> (Import Result ID: '8d124342e746ac0114c7373967760a93') in 0.012 seconds [static and dynamic dependencies]. Details - ImportResultOutputID=af872828af57793f663eda0326829d06 DependenciesID=e4074e19ecf80110dbdc759faf1a8864 StaticDependenciesID=b05923f741201bcd7b0fb6d4c913411a 
Number of updated asset objects reloaded before import = 0
Number of asset objects unloaded after import = 2
========================================================================
Received Import Request.
  Time of request: 2026-08-15T10:29:38.6778723Z
  Time since last request: 0.0007316 seconds.
  importAddress: GUID: 85187c2149c549c5b33f0cdb02836b17 - Path: Assets/TextMesh Pro/Shaders/TMP_SDF-Surface-Mobile.shader - Importer: ScriptedImporter/UnityEditor.QuickSearchModule:UnityEditor.Search:ASIAI0B
Importing 'GUID: 85187c2149c549c5b33f0cdb02836b17 - Path: Assets/TextMesh Pro/Shaders/TMP_SDF-Surface-Mobile.shader - Importer: ScriptedImporter/UnityEditor.QuickSearchModule:UnityEditor.Search:ASIAI0B' with importer (ScriptedImporter : UnityEditor.QuickSearchModule:UnityEditor.Search:ASIAI0B)
Imported 'GUID: 85187c2149c549c5b33f0cdb02836b17' -> (Import Result ID: '20f69b00838df096126e109dd5cfdc92') in 0.008 seconds [static and dynamic dependencies]. Details - ImportResultOutputID=686bf30b177eb529a376b9c8d9e5303a DependenciesID=9a742ea1edc7939f24a54f35165ba7a1 StaticDependenciesID=679401d1eaf6d79ac5dc79446f4026f6 
Number of updated asset objects reloaded before import = 0
Number of asset objects unloaded after import = 1
========================================================================
Received Import Request.
  Time of request: 2026-08-15T10:29:38.712775Z
  Time since last request: 0.0032243 seconds.
  importAddress: GUID: e3265ab4bf004d28a9537516768c1c75 - Path: Assets/TextMesh Pro/Fonts/LiberationSans.ttf - Importer: ScriptedImporter/UnityEditor.QuickSearchModule:UnityEditor.Search:ASIAI0B
Importing 'GUID: e3265ab4bf004d28a9537516768c1c75 - Path: Assets/TextMesh Pro/Fonts/LiberationSans.ttf - Importer: ScriptedImporter/UnityEditor.QuickSearchModule:UnityEditor.Search:ASIAI0B' with importer (ScriptedImporter : UnityEditor.QuickSearchModule:UnityEditor.Search:ASIAI0B)
Imported 'GUID: e3265ab4bf004d28a9537516768c1c75' -> (Import Result ID: '0c6d3a81c74fc49078697fc839c1f37a') in 0.047 seconds [static and dynamic dependencies]. Details - ImportResultOutputID=0b93b331711ff411360c57883a902701 DependenciesID=5ae60698658aeeb34fbc7e0ba6852f81 StaticDependenciesID=fa1e3516c3e03ed309c88c65720f1d20 
Number of updated asset objects reloaded before import = 0
Number of asset objects unloaded after import = 3
========================================================================
Received Import Request.
  Time of request: 2026-08-15T10:29:38.7841144Z
  Time since last request: 0.0005705 seconds.
  importAddress: GUID: 48bb5f55d8670e349b6e614913f9d910 - Path: Assets/TextMesh Pro/Shaders/TMP_Bitmap-Custom-Atlas.shader - Importer: ScriptedImporter/UnityEditor.QuickSearchModule:UnityEditor.Search:ASIAI0B
Importing 'GUID: 48bb5f55d8670e349b6e614913f9d910 - Path: Assets/TextMesh Pro/Shaders/TMP_Bitmap-Custom-Atlas.shader - Importer: ScriptedImporter/UnityEditor.QuickSearchModule:UnityEditor.Search:ASIAI0B' with importer (ScriptedImporter : UnityEditor.QuickSearchModule:UnityEditor.Search:ASIAI0B)
Imported 'GUID: 48bb5f55d8670e349b6e614913f9d910' -> (Import Result ID: 'e27203d88ecac1625d295ed3a70ee721') in 0.011 seconds [static and dynamic dependencies]. Details - ImportResultOutputID=6f114adef49e310ab476c62291f5040e DependenciesID=7582864df2384777f399bf5586e97ded StaticDependenciesID=5467c0dbb2ecaf594faf486a9a2f3341 
Number of updated asset objects reloaded before import = 0
Number of asset objects unloaded after import = 1
========================================================================
Received Import Request.
  Time of request: 2026-08-15T10:29:38.8112555Z
  Time since last request: 0.0012026 seconds.
  importAddress: GUID: 4aecb92fff08436c8303b10eab8da368 - Path: Assets/TextMesh Pro/Resources/Style Sheets - Importer: ScriptedImporter/UnityEditor.QuickSearchModule:UnityEditor.Search:ASIAI0B
Importing 'GUID: 4aecb92fff08436c8303b10eab8da368 - Path: Assets/TextMesh Pro/Resources/Style Sheets - Importer: ScriptedImporter/UnityEditor.QuickSearchModule:UnityEditor.Search:ASIAI0B' with importer (ScriptedImporter : UnityEditor.QuickSearchModule:UnityEditor.Search:ASIAI0B)
Imported 'GUID: 4aecb92fff08436c8303b10eab8da368' -> (Import Result ID: '98d55676a1cd935a50e210f5cdda1297') in 0.006 seconds [static and dynamic dependencies]. Details - ImportResultOutputID=ae179b24e3418a4e4f837c1ba0e9b945 DependenciesID=f2c33e89ace1a3a943b2af0e867a57ba StaticDependenciesID=82fff376c297d8b864b360d20a07e963 
Number of updated asset objects reloaded before import = 0
Number of asset objects unloaded after import = 1
========================================================================
Received Import Request.
  Time of request: 2026-08-15T10:29:38.8378738Z
  Time since last request: 0.0020063 seconds.
  importAddress: GUID: 96de908384869cd409c75efa351d5edf - Path: Assets/TextMesh Pro/Shaders/SDFFunctions.hlsl - Importer: ScriptedImporter/UnityEditor.QuickSearchModule:UnityEditor.Search:ASIAI0B
Importing 'GUID: 96de908384869cd409c75efa351d5edf - Path: Assets/TextMesh Pro/Shaders/SDFFunctions.hlsl - Importer: ScriptedImporter/UnityEditor.QuickSearchModule:UnityEditor.Search:ASIAI0B' with importer (ScriptedImporter : UnityEditor.QuickSearchModule:UnityEditor.Search:ASIAI0B)
Imported 'GUID: 96de908384869cd409c75efa351d5edf' -> (Import Result ID: 'c16e4709bad8408f82ed9893c0950d3a') in 0.006 seconds [static and dynamic dependencies]. Details - ImportResultOutputID=d6c9f8285c4eb4a929a717ff7bc8881d DependenciesID=8a03d71f5a4fbd0659982a49f4d2cded StaticDependenciesID=0db13b9ffa4ca31f6a0b9303d3eb458a 
Number of updated asset objects reloaded before import = 0
Number of asset objects unloaded after import = 1
========================================================================
Received Import Request.
  Time of request: 2026-08-15T10:29:38.8657942Z
  Time since last request: 0.0010748 seconds.
  importAddress: GUID: 731f1baa9d144a9897cb1d341c2092b8 - Path: Assets/TextMesh Pro/Resources/Fonts & Materials - Importer: ScriptedImporter/UnityEditor.QuickSearchModule:UnityEditor.Search:ASIAI0B
Importing 'GUID: 731f1baa9d144a9897cb1d341c2092b8 - Path: Assets/TextMesh Pro/Resources/Fonts & Materials - Importer: ScriptedImporter/UnityEditor.QuickSearchModule:UnityEditor.Search:ASIAI0B' with importer (ScriptedImporter : UnityEditor.QuickSearchModule:UnityEditor.Search:ASIAI0B)
Imported 'GUID: 731f1baa9d144a9897cb1d341c2092b8' -> (Import Result ID: 'fbd0e75031acaf22e108c065fb3d86f3') in 0.009 seconds [static and dynamic dependencies]. Details - ImportResultOutputID=d02d41d9928bc36faf11e9f8094d444f DependenciesID=3690db6e7d1b42cd1ed7366413465ac0 StaticDependenciesID=99841dddccf6d903017752e22c9cca4f 
Number of updated asset objects reloaded before import = 0
Number of asset objects unloaded after import = 1
========================================================================
Received Import Request.
  Time of request: 2026-08-15T10:29:38.8931342Z
  Time since last request: 0.0004737 seconds.
  importAddress: GUID: 0178fcb869bafef4690d177d31d17db8 - Path: Assets/TextMesh Pro/Shaders/TMP_SDF-Mobile-2-Pass.shader - Importer: ScriptedImporter/UnityEditor.QuickSearchModule:UnityEditor.Search:ASIAI0B
Importing 'GUID: 0178fcb869bafef4690d177d31d17db8 - Path: Assets/TextMesh Pro/Shaders/TMP_SDF-Mobile-2-Pass.shader - Importer: ScriptedImporter/UnityEditor.QuickSearchModule:UnityEditor.Search:ASIAI0B' with importer (ScriptedImporter : UnityEditor.QuickSearchModule:UnityEditor.Search:ASIAI0B)
Imported 'GUID: 0178fcb869bafef4690d177d31d17db8' -> (Import Result ID: 'b8b8b8a4e693f51eadfaf4c0afb73deb') in 0.008 seconds [static and dynamic dependencies]. Details - ImportResultOutputID=f9c280473c3a788a5aa6ff481143278f DependenciesID=fb45ac04603a805078ed57c39b864075 StaticDependenciesID=dc1b2602a5ab73d250b979bdbb3bf6ff 
Number of updated asset objects reloaded before import = 0
Number of asset objects unloaded after import = 1
========================================================================
Received Import Request.
  Time of request: 2026-08-15T10:29:38.9188047Z
  Time since last request: 0.0006634 seconds.
  importAddress: GUID: ca2ed216f98028c4dae6c5224a952b3c - Path: Assets/TextMesh Pro/Shaders/TMP_SDF-HDRP LIT.shadergraph - Importer: ScriptedImporter/UnityEditor.QuickSearchModule:UnityEditor.Search:ASIAI0B
Importing 'GUID: ca2ed216f98028c4dae6c5224a952b3c - Path: Assets/TextMesh Pro/Shaders/TMP_SDF-HDRP LIT.shadergraph - Importer: ScriptedImporter/UnityEditor.QuickSearchModule:UnityEditor.Search:ASIAI0B' with importer (ScriptedImporter : UnityEditor.QuickSearchModule:UnityEditor.Search:ASIAI0B)
Imported 'GUID: ca2ed216f98028c4dae6c5224a952b3c' -> (Import Result ID: 'bb0c6d647f02ecb1f357687504fd4d48') in 0.064 seconds [static and dynamic dependencies]. Details - ImportResultOutputID=89e2a9387c4bb6fae1f75e892e0bd53a DependenciesID=2e9072dacd0ad2a342b0904076df2a85 StaticDependenciesID=7c5fba1bc5945f85eca0c6e79a79b9e4 
Number of updated asset objects reloaded before import = 0
Number of asset objects unloaded after import = 4
========================================================================
Received Import Request.
  Time of request: 2026-08-15T10:29:39.0073109Z
  Time since last request: 0.0019044 seconds.
  importAddress: GUID: 1e3b057af24249748ff873be7fafee47 - Path: Assets/TextMesh Pro/Shaders/TMP_Bitmap-Mobile.shader - Importer: ScriptedImporter/UnityEditor.QuickSearchModule:UnityEditor.Search:ASIAI0B
Importing 'GUID: 1e3b057af24249748ff873be7fafee47 - Path: Assets/TextMesh Pro/Shaders/TMP_Bitmap-Mobile.shader - Importer: ScriptedImporter/UnityEditor.QuickSearchModule:UnityEditor.Search:ASIAI0B' with importer (ScriptedImporter : UnityEditor.QuickSearchModule:UnityEditor.Search:ASIAI0B)
Imported 'GUID: 1e3b057af24249748ff873be7fafee47' -> (Import Result ID: '82b51b6b07445692758bf1a9a4b04a77') in 0.009 seconds [static and dynamic dependencies]. Details - ImportResultOutputID=0223d1313c20384fcb1e0e61e41d5ec4 DependenciesID=c91e467fd2dd38c4de7a43289e51a7d1 StaticDependenciesID=5dc6991abef7e504e7a1c5c157347142 
Number of updated asset objects reloaded before import = 0
Number of asset objects unloaded after import = 1
========================================================================
Received Import Request.
  Time of request: 2026-08-15T10:29:39.0361261Z
  Time since last request: 0.0007457 seconds.
  importAddress: GUID: 407bc68d299748449bbf7f48ee690f8d - Path: Assets/TextMesh Pro/Shaders/TMPro.cginc - Importer: ScriptedImporter/UnityEditor.QuickSearchModule:UnityEditor.Search:ASIAI0B
Importing 'GUID: 407bc68d299748449bbf7f48ee690f8d - Path: Assets/TextMesh Pro/Shaders/TMPro.cginc - Importer: ScriptedImporter/UnityEditor.QuickSearchModule:UnityEditor.Search:ASIAI0B' with importer (ScriptedImporter : UnityEditor.QuickSearchModule:UnityEditor.Search:ASIAI0B)
Imported 'GUID: 407bc68d299748449bbf7f48ee690f8d' -> (Import Result ID: '6de3b706e9cd72e7e87291f42f98a8a5') in 0.004 seconds [static and dynamic dependencies]. Details - ImportResultOutputID=f43eafa99651908ba87845c70182be0f DependenciesID=35ef008c49d4a0e16d49cd923a7084ed StaticDependenciesID=a96c123391e84ad60e6a52eee325617b 
Number of updated asset objects reloaded before import = 0
Number of asset objects unloaded after import = 1
========================================================================
Received Import Request.
  Time of request: 2026-08-15T10:29:39.0574308Z
  Time since last request: 0.0019418 seconds.
  importAddress: GUID: dd89cf5b9246416f84610a006f916af7 - Path: Assets/TextMesh Pro/Shaders/TMP_SDF Overlay.shader - Importer: ScriptedImporter/UnityEditor.QuickSearchModule:UnityEditor.Search:ASIAI0B
Importing 'GUID: dd89cf5b9246416f84610a006f916af7 - Path: Assets/TextMesh Pro/Shaders/TMP_SDF Overlay.shader - Importer: ScriptedImporter/UnityEditor.QuickSearchModule:UnityEditor.Search:ASIAI0B' with importer (ScriptedImporter : UnityEditor.QuickSearchModule:UnityEditor.Search:ASIAI0B)
Imported 'GUID: dd89cf5b9246416f84610a006f916af7' -> (Import Result ID: '924cdc26d65e10ab5f1b4f74ac5a96d9') in 0.012 seconds [static and dynamic dependencies]. Details - ImportResultOutputID=33266be9d32fc6c11c3a3765de6f78d6 DependenciesID=334e9cfb93f834cefe5af5f807501178 StaticDependenciesID=ac3bb52e348d9e64c14909744ec41ec9 
Number of updated asset objects reloaded before import = 0
Number of asset objects unloaded after import = 1
========================================================================
Received Import Request.
  Time of request: 2026-08-15T10:29:39.0898083Z
  Time since last request: 0.0006763 seconds.
  importAddress: GUID: 243e06394e614e5d99fab26083b707fa - Path: Assets/TextMesh Pro/Resources - Importer: ScriptedImporter/UnityEditor.QuickSearchModule:UnityEditor.Search:ASIAI0B
Importing 'GUID: 243e06394e614e5d99fab26083b707fa - Path: Assets/TextMesh Pro/Resources - Importer: ScriptedImporter/UnityEditor.QuickSearchModule:UnityEditor.Search:ASIAI0B' with importer (ScriptedImporter : UnityEditor.QuickSearchModule:UnityEditor.Search:ASIAI0B)
Imported 'GUID: 243e06394e614e5d99fab26083b707fa' -> (Import Result ID: 'b09b6d39435553484b3f0ef4cfb1d4f0') in 0.006 seconds [static and dynamic dependencies]. Details - ImportResultOutputID=f51338520f8b1ba6977931b48b4ab51e DependenciesID=bd8678ee7d87f145312b044cdb4a1e2a StaticDependenciesID=2a67612f5407b5c5be9ebc8afb1edfab 
Number of updated asset objects reloaded before import = 0
Number of asset objects unloaded after import = 1
========================================================================
Received Import Request.
  Time of request: 2026-08-15T10:29:39.1152186Z
  Time since last request: 0.0014738 seconds.
  importAddress: GUID: 3997e2241185407d80309a82f9148466 - Path: Assets/TextMesh Pro/Shaders/TMPro_Properties.cginc - Importer: ScriptedImporter/UnityEditor.QuickSearchModule:UnityEditor.Search:ASIAI0B
Importing 'GUID: 3997e2241185407d80309a82f9148466 - Path: Assets/TextMesh Pro/Shaders/TMPro_Properties.cginc - Importer: ScriptedImporter/UnityEditor.QuickSearchModule:UnityEditor.Search:ASIAI0B' with importer (ScriptedImporter : UnityEditor.QuickSearchModule:UnityEditor.Search:ASIAI0B)
Imported 'GUID: 3997e2241185407d80309a82f9148466' -> (Import Result ID: '5ca91fbb54b9bdfdfd2b80145528e429') in 0.005 seconds [static and dynamic dependencies]. Details - ImportResultOutputID=a2e9ba680abd0c4439c71b5c4714c679 DependenciesID=3c659c7b7b22945a1146f72e40b319da StaticDependenciesID=8e5895dc576eb58bf911f851783afdca 
Number of updated asset objects reloaded before import = 0
Number of asset objects unloaded after import = 1
========================================================================
Received Import Request.
  Time of request: 2026-08-15T10:29:39.1367507Z
  Time since last request: 0.003226 seconds.
  importAddress: GUID: c334973cef89a9840b0b0c507e0377ab - Path: Assets/TextMesh Pro/Shaders/TMPro_Mobile.cginc - Importer: ScriptedImporter/UnityEditor.QuickSearchModule:UnityEditor.Search:ASIAI0B
Importing 'GUID: c334973cef89a9840b0b0c507e0377ab - Path: Assets/TextMesh Pro/Shaders/TMPro_Mobile.cginc - Importer: ScriptedImporter/UnityEditor.QuickSearchModule:UnityEditor.Search:ASIAI0B' with importer (ScriptedImporter : UnityEditor.QuickSearchModule:UnityEditor.Search:ASIAI0B)
Imported 'GUID: c334973cef89a9840b0b0c507e0377ab' -> (Import Result ID: '7a5423debd685df44d2c0c2f1f0f8846') in 0.005 seconds [static and dynamic dependencies]. Details - ImportResultOutputID=e4ab4e44c43778700551c12a884b278d DependenciesID=7e902307b5b102c994443cf3660d2285 StaticDependenciesID=3ba75a4124c6fb93344de900d11d5ab4 
Number of updated asset objects reloaded before import = 0
Number of asset objects unloaded after import = 1
========================================================================
Received Import Request.
  Time of request: 2026-08-15T10:29:39.159148Z
  Time since last request: 0.0009583 seconds.
  importAddress: GUID: 6e59c59b81ab47f9b6ec5781fa725d2c - Path: Assets/TextMesh Pro/Fonts/LiberationSans - OFL.txt - Importer: ScriptedImporter/UnityEditor.QuickSearchModule:UnityEditor.Search:ASIAI0B
Importing 'GUID: 6e59c59b81ab47f9b6ec5781fa725d2c - Path: Assets/TextMesh Pro/Fonts/LiberationSans - OFL.txt - Importer: ScriptedImporter/UnityEditor.QuickSearchModule:UnityEditor.Search:ASIAI0B' with importer (ScriptedImporter : UnityEditor.QuickSearchModule:UnityEditor.Search:ASIAI0B)
Imported 'GUID: 6e59c59b81ab47f9b6ec5781fa725d2c' -> (Import Result ID: 'eadff243d91720e6d2eec9829f6541ef') in 0.019 seconds [static and dynamic dependencies]. Details - ImportResultOutputID=f7aef33029320407cd638318e53425a6 DependenciesID=32e3d2d77e88dfb53867cfb929a7d3d0 StaticDependenciesID=0886b1b0a30cb1e7ed6baa05eb5dfe3b 
Number of updated asset objects reloaded before import = 0
Number of asset objects unloaded after import = 1
========================================================================
Received Import Request.
  Time of request: 2026-08-15T10:29:39.2080882Z
  Time since last request: 0.0019178 seconds.
  importAddress: GUID: c8d12adcee749c344b8117cf7c7eb912 - Path: Assets/TextMesh Pro/Shaders/TMP_SDF-Mobile SSD.shader - Importer: ScriptedImporter/UnityEditor.QuickSearchModule:UnityEditor.Search:ASIAI0B
Importing 'GUID: c8d12adcee749c344b8117cf7c7eb912 - Path: Assets/TextMesh Pro/Shaders/TMP_SDF-Mobile SSD.shader - Importer: ScriptedImporter/UnityEditor.QuickSearchModule:UnityEditor.Search:ASIAI0B' with importer (ScriptedImporter : UnityEditor.QuickSearchModule:UnityEditor.Search:ASIAI0B)
Imported 'GUID: c8d12adcee749c344b8117cf7c7eb912' -> (Import Result ID: 'c6b91f346a5cb37fac61daaf6208a2fd') in 0.013 seconds [static and dynamic dependencies]. Details - ImportResultOutputID=de525c6e44c9ef4a9fc4bf67c2523a38 DependenciesID=acdbfb7c9a2be1a9c4fce17fcb820b25 StaticDependenciesID=af8e851d82d9f013b4b4f4ec692170d5 
Number of updated asset objects reloaded before import = 0
Number of asset objects unloaded after import = 1
========================================================================
Received Import Request.
  Time of request: 2026-08-15T10:29:39.3200333Z
  Time since last request: 0.0017305 seconds.
  importAddress: GUID: 2e498d1c8094910479dc3e1b768306a4 - Path: Assets/TextMesh Pro/Resources/Fonts & Materials/LiberationSans SDF - Fallback.asset - Importer: ScriptedImporter/UnityEditor.QuickSearchModule:UnityEditor.Search:ASIAI0B
Importing 'GUID: 2e498d1c8094910479dc3e1b768306a4 - Path: Assets/TextMesh Pro/Resources/Fonts & Materials/LiberationSans SDF - Fallback.asset - Importer: ScriptedImporter/UnityEditor.QuickSearchModule:UnityEditor.Search:ASIAI0B' with importer (ScriptedImporter : UnityEditor.QuickSearchModule:UnityEditor.Search:ASIAI0B)
Imported 'GUID: 2e498d1c8094910479dc3e1b768306a4' -> (Import Result ID: '6bdad89791cd3fc36046f760f1c9a2df') in 0.048 seconds [static and dynamic dependencies]. Details - ImportResultOutputID=0a1ec9e8195bf83ecb2553c02169cc6c DependenciesID=09f792cebcbaf94c639c2cd4cf63bb63 StaticDependenciesID=3eb9e8c9a4e659b9d4f0dc67a11eb36b 
Number of updated asset objects reloaded before import = 0
Number of asset objects unloaded after import = 5
========================================================================
Received Import Request.
  Time of request: 2026-08-15T10:29:39.3892631Z
  Time since last request: 0.0004445 seconds.
  importAddress: GUID: 79459efec17a4d00a321bdcc27bbc385 - Path: Assets/TextMesh Pro/Resources/Fonts & Materials/LiberationSans SDF - Outline.mat - Importer: ScriptedImporter/UnityEditor.QuickSearchModule:UnityEditor.Search:ASIAI0B
Importing 'GUID: 79459efec17a4d00a321bdcc27bbc385 - Path: Assets/TextMesh Pro/Resources/Fonts & Materials/LiberationSans SDF - Outline.mat - Importer: ScriptedImporter/UnityEditor.QuickSearchModule:UnityEditor.Search:ASIAI0B' with importer (ScriptedImporter : UnityEditor.QuickSearchModule:UnityEditor.Search:ASIAI0B)
Imported 'GUID: 79459efec17a4d00a321bdcc27bbc385' -> (Import Result ID: '16afd5ad9bb7cbb8cdc754d7c75b8ed4') in 0.056 seconds [static and dynamic dependencies]. Details - ImportResultOutputID=e919d8a5f8eada780e8a1dc27e1b0773 DependenciesID=eea35cbd4fc5ab14282feaccbedfc83a StaticDependenciesID=cb554a64c286b798df20c4b0e168b693 
Number of updated asset objects reloaded before import = 0
Number of asset objects unloaded after import = 2
========================================================================
Received Import Request.
  Time of request: 2026-08-15T10:29:39.4751757Z
  Time since last request: 0.0009764 seconds.
  importAddress: GUID: d82c1b31c7e74239bff1220585707d2b - Path: Assets/TextMesh Pro/Resources/LineBreaking Leading Characters.txt - Importer: ScriptedImporter/UnityEditor.QuickSearchModule:UnityEditor.Search:ASIAI0B
Importing 'GUID: d82c1b31c7e74239bff1220585707d2b - Path: Assets/TextMesh Pro/Resources/LineBreaking Leading Characters.txt - Importer: ScriptedImporter/UnityEditor.QuickSearchModule:UnityEditor.Search:ASIAI0B' with importer (ScriptedImporter : UnityEditor.QuickSearchModule:UnityEditor.Search:ASIAI0B)
Imported 'GUID: d82c1b31c7e74239bff1220585707d2b' -> (Import Result ID: 'a7c009f212bb93c2ba47d9103f9ae2c8') in 0.016 seconds [static and dynamic dependencies]. Details - ImportResultOutputID=b9bb9997b583d3e5a97ec0caece88238 DependenciesID=74187514701bf6c96f86007b421c7777 StaticDependenciesID=0ff13f114539bfdfa6707b1af12c7e73 
Number of updated asset objects reloaded before import = 0
Number of asset objects unloaded after import = 1
========================================================================
Received Import Request.
  Time of request: 2026-08-15T10:29:39.5214048Z
  Time since last request: 0.0007488 seconds.
  importAddress: GUID: 6ab70aee4d56447429c680537fbf93ed - Path: Assets/TextMesh Pro/Fonts - Importer: ScriptedImporter/UnityEditor.QuickSearchModule:UnityEditor.Search:ASIAI0B
Importing 'GUID: 6ab70aee4d56447429c680537fbf93ed - Path: Assets/TextMesh Pro/Fonts - Importer: ScriptedImporter/UnityEditor.QuickSearchModule:UnityEditor.Search:ASIAI0B' with importer (ScriptedImporter : UnityEditor.QuickSearchModule:UnityEditor.Search:ASIAI0B)
Imported 'GUID: 6ab70aee4d56447429c680537fbf93ed' -> (Import Result ID: '2a23e3b43ed39a73e5a0dd776a3db15f') in 0.009 seconds [static and dynamic dependencies]. Details - ImportResultOutputID=63c37f6a3ef7fd2aa2cbc1427aeb18e5 DependenciesID=ade07b064ec14a152d167ad264fc3755 StaticDependenciesID=58037a5f192d2b27176b8bab37132f49 
Number of updated asset objects reloaded before import = 0
Number of asset objects unloaded after import = 1
========================================================================
Received Import Request.
  Time of request: 2026-08-15T10:29:39.5688051Z
  Time since last request: 0.0061498 seconds.
  importAddress: GUID: fe393ace9b354375a9cb14cdbbc28be4 - Path: Assets/TextMesh Pro/Shaders/TMP_SDF-Mobile.shader - Importer: ScriptedImporter/UnityEditor.QuickSearchModule:UnityEditor.Search:ASIAI0B
Importing 'GUID: fe393ace9b354375a9cb14cdbbc28be4 - Path: Assets/TextMesh Pro/Shaders/TMP_SDF-Mobile.shader - Importer: ScriptedImporter/UnityEditor.QuickSearchModule:UnityEditor.Search:ASIAI0B' with importer (ScriptedImporter : UnityEditor.QuickSearchModule:UnityEditor.Search:ASIAI0B)
Imported 'GUID: fe393ace9b354375a9cb14cdbbc28be4' -> (Import Result ID: '02640bd76273c149abb1680b3c98e7a4') in 0.013 seconds [static and dynamic dependencies]. Details - ImportResultOutputID=3af1161277634a1dc754608907f125ff DependenciesID=b93fcc73a159916ad100367524721bca StaticDependenciesID=3e6e2f4896fbb623ae7879b3066ff14a 
Number of updated asset objects reloaded before import = 0
Number of asset objects unloaded after import = 1
========================================================================
Received Import Request.
  Time of request: 2026-08-15T10:29:39.6136042Z
  Time since last request: 0.0006085 seconds.
  importAddress: GUID: e6b9b44320f4448d9d5e0ee634259966 - Path: Assets/TextMesh Pro/Examples & Extras/Materials/Crate - Surface Shader Scene.mat - Importer: ScriptedImporter/UnityEditor.QuickSearchModule:UnityEditor.Search:ASIAI0B
Importing 'GUID: e6b9b44320f4448d9d5e0ee634259966 - Path: Assets/TextMesh Pro/Examples & Extras/Materials/Crate - Surface Shader Scene.mat - Importer: ScriptedImporter/UnityEditor.QuickSearchModule:UnityEditor.Search:ASIAI0B' with importer (ScriptedImporter : UnityEditor.QuickSearchModule:UnityEditor.Search:ASIAI0B)
Imported 'GUID: e6b9b44320f4448d9d5e0ee634259966' -> (Import Result ID: '54eed79a74126dc5d246c080ddb57d80') in 0.015 seconds [static and dynamic dependencies]. Details - ImportResultOutputID=5d5349603ece36d0515f418042ad2280 DependenciesID=d32fc1bc88ca03e0cace148a36d49821 StaticDependenciesID=aec00ff793ac41a25824c28dd91969ad 
Number of updated asset objects reloaded before import = 0
Number of asset objects unloaded after import = 2
========================================================================
Received Import Request.
  Time of request: 2026-08-15T10:29:39.6523786Z
  Time since last request: 0.0008099 seconds.
  importAddress: GUID: 3f5b5dff67a942289a9defa416b206f3 - Path: Assets/TextMesh Pro/Resources/TMP Settings.asset - Importer: ScriptedImporter/UnityEditor.QuickSearchModule:UnityEditor.Search:ASIAI0B
Importing 'GUID: 3f5b5dff67a942289a9defa416b206f3 - Path: Assets/TextMesh Pro/Resources/TMP Settings.asset - Importer: ScriptedImporter/UnityEditor.QuickSearchModule:UnityEditor.Search:ASIAI0B' with importer (ScriptedImporter : UnityEditor.QuickSearchModule:UnityEditor.Search:ASIAI0B)
Imported 'GUID: 3f5b5dff67a942289a9defa416b206f3' -> (Import Result ID: '45b46ed9abf5ae2239e48e9b1a50e365') in 0.038 seconds [static and dynamic dependencies]. Details - ImportResultOutputID=5bf483073521795848e3a09f2b54cd89 DependenciesID=f1f2c21610fd804281766cc22c6b6486 StaticDependenciesID=5bf506d97e28743410e4305eb989a7b1 
Number of updated asset objects reloaded before import = 0
Number of asset objects unloaded after import = 12
========================================================================
Received Import Request.
  Time of request: 2026-08-15T10:31:15.5593002Z
  Time since last request: 95.85002350000001 seconds.
  importAddress: GUID: 1ebdb550252401240914268a5345a783 - Path: Assets/_Project/Art/Environment/Cave/Models/Textures/variation-b.png - Importer: PreviewImporter
Importing 'GUID: 1ebdb550252401240914268a5345a783 - Path: Assets/_Project/Art/Environment/Cave/Models/Textures/variation-b.png - Importer: PreviewImporter' with importer (PreviewImporter)
Imported 'GUID: 1ebdb550252401240914268a5345a783' -> (Import Result ID: '28e2db202d88a0456d14fed2ca5b705b') in 0.013 seconds [static and dynamic dependencies]. Details - ImportResultOutputID=56eca3738315d37be81b71d01f60b74b DependenciesID=266ea567a0965fcce728f6193fb77c9b StaticDependenciesID=d8ddab96bd4ef14c76a97df5ae03f55d 
Number of updated asset objects reloaded before import = 0
Number of asset objects unloaded after import = 2
========================================================================
Received Import Request.
  Time of request: 2026-08-15T10:31:18.9575195Z
  Time since last request: 3.368789 seconds.
  importAddress: GUID: 4dcfe8417d7ae924da94646a515991e1 - Path: Assets/_Project/Art/Environment/Cave/Previews/corridor-corner.png - Importer: PreviewImporter
Importing 'GUID: 4dcfe8417d7ae924da94646a515991e1 - Path: Assets/_Project/Art/Environment/Cave/Previews/corridor-corner.png - Importer: PreviewImporter' with importer (PreviewImporter)
Imported 'GUID: 4dcfe8417d7ae924da94646a515991e1' -> (Import Result ID: 'd166fbfea8feb918b81237a9c72dd15f') in 0.007 seconds [static and dynamic dependencies]. Details - ImportResultOutputID=c45d44786eb6935a4932343e24c442b7 DependenciesID=cfe5114f6993328fe7f54fa9997bee49 StaticDependenciesID=3b43cdf5a46a6af8c5392492b049b11b 
Number of updated asset objects reloaded before import = 0
Number of asset objects unloaded after import = 2
========================================================================
Received Import Request.
  Time of request: 2026-08-15T10:31:18.9810153Z
  Time since last request: 0.0026545 seconds.
  importAddress: GUID: f1e34052598fa034b9a7767d7a3080cc - Path: Assets/_Project/Art/Environment/Cave/Previews/corridor-intersection.png - Importer: PreviewImporter
Importing 'GUID: f1e34052598fa034b9a7767d7a3080cc - Path: Assets/_Project/Art/Environment/Cave/Previews/corridor-intersection.png - Importer: PreviewImporter' with importer (PreviewImporter)
Imported 'GUID: f1e34052598fa034b9a7767d7a3080cc' -> (Import Result ID: 'bbb3504c24058398c018c2d5ae619a06') in 0.009 seconds [static and dynamic dependencies]. Details - ImportResultOutputID=9b722b4785cc12e8de0111419c1a0f01 DependenciesID=aaffcc56022e9bbb6cc861235a5f975f StaticDependenciesID=ab594cef6aa3062668c25c224d005b48 
Number of updated asset objects reloaded before import = 0
Number of asset objects unloaded after import = 2
========================================================================
Received Import Request.
  Time of request: 2026-08-15T10:31:19.002848Z
  Time since last request: 0.0006622 seconds.
  importAddress: GUID: c0ddbc3fdf4a13d4287f2bd541fee323 - Path: Assets/_Project/Art/Environment/Cave/Previews/corridor-transition.png - Importer: PreviewImporter
Importing 'GUID: c0ddbc3fdf4a13d4287f2bd541fee323 - Path: Assets/_Project/Art/Environment/Cave/Previews/corridor-transition.png - Importer: PreviewImporter' with importer (PreviewImporter)
Imported 'GUID: c0ddbc3fdf4a13d4287f2bd541fee323' -> (Import Result ID: 'ec9903c2dd97881209efc3b01852fc03') in 0.006 seconds [static and dynamic dependencies]. Details - ImportResultOutputID=30ff647c7021cb158b2110a36be12297 DependenciesID=dc08f85e5a0bf4e9023cf20a6639bd87 StaticDependenciesID=ea172d8dc70b53593541dfb2edd0389f 
Number of updated asset objects reloaded before import = 0
Number of asset objects unloaded after import = 2
========================================================================
Received Import Request.
  Time of request: 2026-08-15T10:31:19.0222072Z
  Time since last request: 0.0009315 seconds.
  importAddress: GUID: 744b926d7d2442f4eb8a52edc7237ca9 - Path: Assets/_Project/Art/Environment/Cave/Previews/corridor-wide-corner.png - Importer: PreviewImporter
Importing 'GUID: 744b926d7d2442f4eb8a52edc7237ca9 - Path: Assets/_Project/Art/Environment/Cave/Previews/corridor-wide-corner.png - Importer: PreviewImporter' with importer (PreviewImporter)
Imported 'GUID: 744b926d7d2442f4eb8a52edc7237ca9' -> (Import Result ID: '9acc38a8750910ee2ce7ae5610b7cdeb') in 0.006 seconds [static and dynamic dependencies]. Details - ImportResultOutputID=3460a667b7b963ad7cb188477695cc2e DependenciesID=cfd49a8d7d215b133d1a0c7d6d2abb26 StaticDependenciesID=86eae269a0706b87328863b4ebc8ae86 
Number of updated asset objects reloaded before import = 0
Number of asset objects unloaded after import = 2
========================================================================
Received Import Request.
  Time of request: 2026-08-15T10:31:19.0452718Z
  Time since last request: 0.0060125 seconds.
  importAddress: GUID: 4d5d526e37eac2b4193d503b70a23cb5 - Path: Assets/_Project/Art/Environment/Cave/Previews/corridor-wide-intersection.png - Importer: PreviewImporter
Importing 'GUID: 4d5d526e37eac2b4193d503b70a23cb5 - Path: Assets/_Project/Art/Environment/Cave/Previews/corridor-wide-intersection.png - Importer: PreviewImporter' with importer (PreviewImporter)
Imported 'GUID: 4d5d526e37eac2b4193d503b70a23cb5' -> (Import Result ID: '8b211d095f2f6c5726a4c40e5e86ffe2') in 0.007 seconds [static and dynamic dependencies]. Details - ImportResultOutputID=86e8a12ac273a2a36a72c0f9146cfa32 DependenciesID=42253280dc280c401725a17ba39d9219 StaticDependenciesID=f14ddb3370d2975f5d3fbaf4f161915f 
Number of updated asset objects reloaded before import = 0
Number of asset objects unloaded after import = 2
========================================================================
Received Import Request.
  Time of request: 2026-08-15T10:31:19.0671675Z
  Time since last request: 0.0007813 seconds.
  importAddress: GUID: a56778726ce5268488c40575c92afd7b - Path: Assets/_Project/Art/Environment/Cave/Previews/gate.png - Importer: PreviewImporter
Importing 'GUID: a56778726ce5268488c40575c92afd7b - Path: Assets/_Project/Art/Environment/Cave/Previews/gate.png - Importer: PreviewImporter' with importer (PreviewImporter)
Imported 'GUID: a56778726ce5268488c40575c92afd7b' -> (Import Result ID: '8be1efbd2dead49fb3b27ab5b0b0383c') in 0.006 seconds [static and dynamic dependencies]. Details - ImportResultOutputID=63532f86bbba996841ef0b5282c44871 DependenciesID=d000d58730fb19ad19bddef83b7c8887 StaticDependenciesID=87859c8b810c8effba2ac222ae0c6474 
Number of updated asset objects reloaded before import = 0
Number of asset objects unloaded after import = 2
========================================================================
Received Import Request.
  Time of request: 2026-08-15T10:31:19.0862905Z
  Time since last request: 0.0008755 seconds.
  importAddress: GUID: ac8b1c65066a0fd4b8b2c16dec53df02 - Path: Assets/_Project/Art/Environment/Cave/Previews/gate-overhang.png - Importer: PreviewImporter
Importing 'GUID: ac8b1c65066a0fd4b8b2c16dec53df02 - Path: Assets/_Project/Art/Environment/Cave/Previews/gate-overhang.png - Importer: PreviewImporter' with importer (PreviewImporter)
Imported 'GUID: ac8b1c65066a0fd4b8b2c16dec53df02' -> (Import Result ID: 'ae8c8f269f7adf7d788eea13d96c07d8') in 0.008 seconds [static and dynamic dependencies]. Details - ImportResultOutputID=70caa03785bd89e1079faead631e96ec DependenciesID=9164db7a9481003161f7cb770c800bdd StaticDependenciesID=2e25b76c83003899303ef1ce07c000ac 
Number of updated asset objects reloaded before import = 0
Number of asset objects unloaded after import = 2
========================================================================
Received Import Request.
  Time of request: 2026-08-15T10:31:19.1065102Z
  Time since last request: 0.0007748 seconds.
  importAddress: GUID: b39d2c642ce0f054dbcf88e951d506e2 - Path: Assets/_Project/Art/Environment/Cave/Previews/ladder.png - Importer: PreviewImporter
Importing 'GUID: b39d2c642ce0f054dbcf88e951d506e2 - Path: Assets/_Project/Art/Environment/Cave/Previews/ladder.png - Importer: PreviewImporter' with importer (PreviewImporter)
Imported 'GUID: b39d2c642ce0f054dbcf88e951d506e2' -> (Import Result ID: 'fc29a16e3be82e3e79fa472836234ba3') in 0.006 seconds [static and dynamic dependencies]. Details - ImportResultOutputID=713ec5f513788c837b6bae5db080a919 DependenciesID=81d5d9d4f703995728ab472d678a8968 StaticDependenciesID=e916a57dfe30c164445c8fd3b937bc0e 
Number of updated asset objects reloaded before import = 0
Number of asset objects unloaded after import = 2
========================================================================
Received Import Request.
  Time of request: 2026-08-15T10:31:19.1278272Z
  Time since last request: 0.0036322 seconds.
  importAddress: GUID: a4df232891084ac4d87235fe60f7e34f - Path: Assets/_Project/Art/Environment/Cave/Previews/room-large.png - Importer: PreviewImporter
Importing 'GUID: a4df232891084ac4d87235fe60f7e34f - Path: Assets/_Project/Art/Environment/Cave/Previews/room-large.png - Importer: PreviewImporter' with importer (PreviewImporter)
Imported 'GUID: a4df232891084ac4d87235fe60f7e34f' -> (Import Result ID: 'f8d2f550e08b3408ed6f448029111656') in 0.008 seconds [static and dynamic dependencies]. Details - ImportResultOutputID=75c2e84caaf20f8790bbff4a50073b85 DependenciesID=49e32d43832a6c014210488209a0a2e4 StaticDependenciesID=7ef0854015cc9bf2fcb0dc80ab9a8366 
Number of updated asset objects reloaded before import = 0
Number of asset objects unloaded after import = 2
========================================================================
Received Import Request.
  Time of request: 2026-08-15T10:31:19.1495267Z
  Time since last request: 0.0005946 seconds.
  importAddress: GUID: 1cd7f3401e88c1e4bad8d8fd5fa1d57d - Path: Assets/_Project/Art/Environment/Cave/Previews/room-small.png - Importer: PreviewImporter
Importing 'GUID: 1cd7f3401e88c1e4bad8d8fd5fa1d57d - Path: Assets/_Project/Art/Environment/Cave/Previews/room-small.png - Importer: PreviewImporter' with importer (PreviewImporter)
Imported 'GUID: 1cd7f3401e88c1e4bad8d8fd5fa1d57d' -> (Import Result ID: 'ea5238f7d7a860a855b589828265f34d') in 0.006 seconds [static and dynamic dependencies]. Details - ImportResultOutputID=68a5bda229df6b33dd6bfb6cf9b4d2c4 DependenciesID=b787b0cee0ea5809772e20eb41bd3564 StaticDependenciesID=5f15606b469c53729788def289a4077a 
Number of updated asset objects reloaded before import = 0
Number of asset objects unloaded after import = 2
========================================================================
Received Import Request.
  Time of request: 2026-08-15T10:31:19.1740148Z
  Time since last request: 0.0060023 seconds.
  importAddress: GUID: b6f1a5feb817d214ab069463139cc26e - Path: Assets/_Project/Art/Environment/Cave/Previews/room-wide.png - Importer: PreviewImporter
Importing 'GUID: b6f1a5feb817d214ab069463139cc26e - Path: Assets/_Project/Art/Environment/Cave/Previews/room-wide.png - Importer: PreviewImporter' with importer (PreviewImporter)
Imported 'GUID: b6f1a5feb817d214ab069463139cc26e' -> (Import Result ID: '31efb4b015ae0a4aa217722a5e5acc96') in 0.008 seconds [static and dynamic dependencies]. Details - ImportResultOutputID=9fc7c6f83cec158a4f8c347d349e9edf DependenciesID=0c81f328751ccc1970b81156d6fa6502 StaticDependenciesID=7441df3bd764cda2f21306c0b5866402 
Number of updated asset objects reloaded before import = 0
Number of asset objects unloaded after import = 2
========================================================================
Received Import Request.
  Time of request: 2026-08-15T10:31:19.1977941Z
  Time since last request: 0.0006439 seconds.
  importAddress: GUID: c26a9212fd070e2499bff13de328fff6 - Path: Assets/_Project/Art/Environment/Cave/Previews/stairs.png - Importer: PreviewImporter
Importing 'GUID: c26a9212fd070e2499bff13de328fff6 - Path: Assets/_Project/Art/Environment/Cave/Previews/stairs.png - Importer: PreviewImporter' with importer (PreviewImporter)
Imported 'GUID: c26a9212fd070e2499bff13de328fff6' -> (Import Result ID: 'd9eb52d593989b8a5e76bb00dc33a045') in 0.006 seconds [static and dynamic dependencies]. Details - ImportResultOutputID=5c2232058ec47a21c9426d1826060773 DependenciesID=cb7a8a72d306fce5bd66904a78700b2a StaticDependenciesID=ada6d2ba76b33dc2e7c3ae306cf6a33c 
Number of updated asset objects reloaded before import = 0
Number of asset objects unloaded after import = 2
========================================================================
Received Import Request.
  Time of request: 2026-08-15T10:31:19.216965Z
  Time since last request: 0.0007469 seconds.
  importAddress: GUID: 138492f915bda624bb70abcf12e3a7ce - Path: Assets/_Project/Art/Environment/Cave/Previews/template-corner.png - Importer: PreviewImporter
Importing 'GUID: 138492f915bda624bb70abcf12e3a7ce - Path: Assets/_Project/Art/Environment/Cave/Previews/template-corner.png - Importer: PreviewImporter' with importer (PreviewImporter)
Imported 'GUID: 138492f915bda624bb70abcf12e3a7ce' -> (Import Result ID: '8af32f08a13dd234f717e1264c9bdcc3') in 0.006 seconds [static and dynamic dependencies]. Details - ImportResultOutputID=948bdc3adb3c6ec447edbe11ddb61f37 DependenciesID=16bc1470fb96f22f221a2d7d647ecd39 StaticDependenciesID=a3fd2302b6e60d896341374f4270fd7a 
Number of updated asset objects reloaded before import = 0
Number of asset objects unloaded after import = 2
========================================================================
Received Import Request.
  Time of request: 2026-08-15T10:31:19.2354189Z
  Time since last request: 0.000871 seconds.
  importAddress: GUID: 4b0791fe459d62f4eacbb50c25031174 - Path: Assets/_Project/Art/Environment/Cave/Previews/template-floor.png - Importer: PreviewImporter
Importing 'GUID: 4b0791fe459d62f4eacbb50c25031174 - Path: Assets/_Project/Art/Environment/Cave/Previews/template-floor.png - Importer: PreviewImporter' with importer (PreviewImporter)
Imported 'GUID: 4b0791fe459d62f4eacbb50c25031174' -> (Import Result ID: '7eb00ee8d0cba3b297c713f8292c913a') in 0.006 seconds [static and dynamic dependencies]. Details - ImportResultOutputID=eedf849f3246cc772e75a9c1fecb07c3 DependenciesID=01b18fd4f515442f848e422c3445e457 StaticDependenciesID=a8330db5802191c2d7b98d804df7e358 
Number of updated asset objects reloaded before import = 0
Number of asset objects unloaded after import = 2
========================================================================
Received Import Request.
  Time of request: 2026-08-15T10:31:19.253163Z
  Time since last request: 0.0007938 seconds.
  importAddress: GUID: 1a4f70ecfaef3774abaa0c4ff4cb9890 - Path: Assets/_Project/Art/Environment/Cave/Previews/template-floor-detail.png - Importer: PreviewImporter
Importing 'GUID: 1a4f70ecfaef3774abaa0c4ff4cb9890 - Path: Assets/_Project/Art/Environment/Cave/Previews/template-floor-detail.png - Importer: PreviewImporter' with importer (PreviewImporter)
Imported 'GUID: 1a4f70ecfaef3774abaa0c4ff4cb9890' -> (Import Result ID: 'b48b7fc5fe91c504194594f8e9fa050e') in 0.008 seconds [static and dynamic dependencies]. Details - ImportResultOutputID=c9944b1d5ed68482ba7c0a23c1b0866b DependenciesID=1add89cefc60440b7be751036e754115 StaticDependenciesID=ea96c05af8b2a03b6d2d03817d4762d2 
Number of updated asset objects reloaded before import = 0
Number of asset objects unloaded after import = 2
========================================================================
Received Import Request.
  Time of request: 2026-08-15T10:31:19.2746306Z
  Time since last request: 0.0018273 seconds.
  importAddress: GUID: b8ba8b537a9ca534497f3ae925ce32a8 - Path: Assets/_Project/Art/Environment/Cave/Previews/template-floor-layer.png - Importer: PreviewImporter
Importing 'GUID: b8ba8b537a9ca534497f3ae925ce32a8 - Path: Assets/_Project/Art/Environment/Cave/Previews/template-floor-layer.png - Importer: PreviewImporter' with importer (PreviewImporter)
Imported 'GUID: b8ba8b537a9ca534497f3ae925ce32a8' -> (Import Result ID: '353f58b1a72a9117cb517e72b27d6a05') in 0.006 seconds [static and dynamic dependencies]. Details - ImportResultOutputID=ad66a6c1c9be1600cd99efe7b27bdb53 DependenciesID=32e664a02eea264ff44105de0382917e StaticDependenciesID=c3bd7a7e360db5a3eac0c0636f7d7762 
Number of updated asset objects reloaded before import = 0
Number of asset objects unloaded after import = 2
========================================================================
Received Import Request.
  Time of request: 2026-08-15T10:31:19.293533Z
  Time since last request: 0.0009465 seconds.
  importAddress: GUID: 4e7cbb3a44fd81940af88af90cb47f01 - Path: Assets/_Project/Art/Environment/Cave/Previews/template-floor-layer-raised.png - Importer: PreviewImporter
Importing 'GUID: 4e7cbb3a44fd81940af88af90cb47f01 - Path: Assets/_Project/Art/Environment/Cave/Previews/template-floor-layer-raised.png - Importer: PreviewImporter' with importer (PreviewImporter)
Imported 'GUID: 4e7cbb3a44fd81940af88af90cb47f01' -> (Import Result ID: '1a5244bdd4980d1411ea09318b077431') in 0.006 seconds [static and dynamic dependencies]. Details - ImportResultOutputID=d2aad590be6c48893bae838b353ef056 DependenciesID=d86bdea7f6964de29f8b361fc5d8d806 StaticDependenciesID=a8ce471ed576c636cc51d191ac272610 
Number of updated asset objects reloaded before import = 0
Number of asset objects unloaded after import = 2
========================================================================
Received Import Request.
  Time of request: 2026-08-15T10:31:19.3133381Z
  Time since last request: 0.0022748 seconds.
  importAddress: GUID: 170e474bfec56ff40b28157fe4a5d772 - Path: Assets/_Project/Art/Environment/Cave/Previews/template-wall-corner.png - Importer: PreviewImporter
Importing 'GUID: 170e474bfec56ff40b28157fe4a5d772 - Path: Assets/_Project/Art/Environment/Cave/Previews/template-wall-corner.png - Importer: PreviewImporter' with importer (PreviewImporter)
Imported 'GUID: 170e474bfec56ff40b28157fe4a5d772' -> (Import Result ID: '6305024ebbd05a64e1108f4426a14dbc') in 0.008 seconds [static and dynamic dependencies]. Details - ImportResultOutputID=0a14e444e84d8a03c413788f7c750349 DependenciesID=b0f75f66ffbac29cf009161773040e0d StaticDependenciesID=d0ceb4f3edda10803166879fbbda2dae 
Number of updated asset objects reloaded before import = 0
Number of asset objects unloaded after import = 2
========================================================================
Received Import Request.
  Time of request: 2026-08-15T10:31:19.3372929Z
  Time since last request: 0.0011396 seconds.
  importAddress: GUID: 802ae806a18176d419852d93488a2bab - Path: Assets/_Project/Art/Environment/Cave/Previews/template-wall-half.png - Importer: PreviewImporter
Importing 'GUID: 802ae806a18176d419852d93488a2bab - Path: Assets/_Project/Art/Environment/Cave/Previews/template-wall-half.png - Importer: PreviewImporter' with importer (PreviewImporter)
Imported 'GUID: 802ae806a18176d419852d93488a2bab' -> (Import Result ID: '0f02bb2ecdaa4a8ca892271e3ae20407') in 0.005 seconds [static and dynamic dependencies]. Details - ImportResultOutputID=b71221b898800746d09f35592942f15c DependenciesID=906559e982e5bf6de0302bf428304fa6 StaticDependenciesID=f96b53667fe68b5d94113f9c8d1e5b20 
Number of updated asset objects reloaded before import = 0
Number of asset objects unloaded after import = 2
========================================================================
Received Import Request.
  Time of request: 2026-08-15T10:31:19.3573349Z
  Time since last request: 0.0010296 seconds.
  importAddress: GUID: e7be92357c0b97f45b0656bdd8f11e30 - Path: Assets/_Project/Art/Environment/Cave/Previews/template-wall-top.png - Importer: PreviewImporter
Importing 'GUID: e7be92357c0b97f45b0656bdd8f11e30 - Path: Assets/_Project/Art/Environment/Cave/Previews/template-wall-top.png - Importer: PreviewImporter' with importer (PreviewImporter)
Imported 'GUID: e7be92357c0b97f45b0656bdd8f11e30' -> (Import Result ID: 'a90a8974d3e4ea0845cc0d4af508e649') in 0.008 seconds [static and dynamic dependencies]. Details - ImportResultOutputID=ffbca2fd757f0c03c0e1c6404d738b37 DependenciesID=cb97606a5d98fa2d198a81c05be136f0 StaticDependenciesID=4696e2bf56209ce74400fff0692ca137 
Number of updated asset objects reloaded before import = 0
Number of asset objects unloaded after import = 2
========================================================================
Received Import Request.
  Time of request: 2026-08-15T10:31:56.1301111Z
  Time since last request: 36.752978 seconds.
  importAddress: GUID: 125cb55b44b24c4393181402bc6200e6 - Path: Assets/TextMesh Pro/Examples & Extras/Resources/Fonts & Materials/Bangers SDF.asset - Importer: PreviewImporter
Importing 'GUID: 125cb55b44b24c4393181402bc6200e6 - Path: Assets/TextMesh Pro/Examples & Extras/Resources/Fonts & Materials/Bangers SDF.asset - Importer: PreviewImporter' with importer (PreviewImporter)
Imported 'GUID: 125cb55b44b24c4393181402bc6200e6' -> (Import Result ID: '3dd98582ed0b2a0af02c5798ea9ab5af') in 0.102 seconds [static and dynamic dependencies]. Details - ImportResultOutputID=055d86808d05bde75c11c306d89b2a16 DependenciesID=3e7f918fab959a3b3e27e5aa4f7be2bd StaticDependenciesID=330932654a38e9345c4d5ea0007a9f94 
Number of updated asset objects reloaded before import = 0
Number of asset objects unloaded after import = 7
========================================================================
Received Import Request.
  Time of request: 2026-08-15T10:31:56.2546035Z
  Time since last request: 0.000034 seconds.
  importAddress: GUID: c9f6d0e7bc8541498c9a4799ba184ede - Path: Assets/TextMesh Pro/Examples & Extras/Fonts/Oswald-Bold.ttf - Importer: PreviewImporter
Importing 'GUID: c9f6d0e7bc8541498c9a4799ba184ede - Path: Assets/TextMesh Pro/Examples & Extras/Fonts/Oswald-Bold.ttf - Importer: PreviewImporter' with importer (PreviewImporter)
Imported 'GUID: c9f6d0e7bc8541498c9a4799ba184ede' -> (Import Result ID: 'd4afdd7def2d6bfcd64943ba12f59663') in 0.056 seconds [static and dynamic dependencies]. Details - ImportResultOutputID=5dc8b4b3feccddea42f7c46b40d6efc8 DependenciesID=315f0faa0e3e26f48bed9e95c5053d0e StaticDependenciesID=c8921c8078439cabf7bc0312d924c06d 
Number of updated asset objects reloaded before import = 0
Number of asset objects unloaded after import = 4
========================================================================
Received Import Request.
  Time of request: 2026-08-15T10:31:56.3245081Z
  Time since last request: 0.0006625 seconds.
  importAddress: GUID: c9adb1f542a93ae489bacfeae21e8394 - Path: Assets/TextMesh Pro/Examples & Extras/Resources/Fonts & Materials/Unity SDF.asset - Importer: PreviewImporter
Importing 'GUID: c9adb1f542a93ae489bacfeae21e8394 - Path: Assets/TextMesh Pro/Examples & Extras/Resources/Fonts & Materials/Unity SDF.asset - Importer: PreviewImporter' with importer (PreviewImporter)
Imported 'GUID: c9adb1f542a93ae489bacfeae21e8394' -> (Import Result ID: '8769e7e7bb7e1e42bdacb9f586a685e0') in 0.082 seconds [static and dynamic dependencies]. Details - ImportResultOutputID=12476fcc276191751d42b558cc15c36c DependenciesID=f9080e78823cee186c42986d1809aafe StaticDependenciesID=b39850ef8a23161caf4cd2bf38e4d1dd 
Number of updated asset objects reloaded before import = 0
Number of asset objects unloaded after import = 5
========================================================================
Received Import Request.
  Time of request: 2026-08-15T10:31:56.4234088Z
  Time since last request: 0.00076 seconds.
  importAddress: GUID: 2e498d1c8094910479dc3e1b768306a4 - Path: Assets/TextMesh Pro/Resources/Fonts & Materials/LiberationSans SDF - Fallback.asset - Importer: PreviewImporter
Importing 'GUID: 2e498d1c8094910479dc3e1b768306a4 - Path: Assets/TextMesh Pro/Resources/Fonts & Materials/LiberationSans SDF - Fallback.asset - Importer: PreviewImporter' with importer (PreviewImporter)
Imported 'GUID: 2e498d1c8094910479dc3e1b768306a4' -> (Import Result ID: 'c61b1e77785f44335e4e3ef1c7c73458') in 0.025 seconds [static and dynamic dependencies]. Details - ImportResultOutputID=de3b9b5f3064ade73deacbd671395302 DependenciesID=3efccff3fbfdbd48258464cb13893401 StaticDependenciesID=e10cf7b3a9fad7e57249bc2ae2677908 
Number of updated asset objects reloaded before import = 0
Number of asset objects unloaded after import = 6
========================================================================
Received Import Request.
  Time of request: 2026-08-15T10:31:56.4647446Z
  Time since last request: 0.0010398 seconds.
  importAddress: GUID: 997a43b767814dd0a7642ec9b78cba41 - Path: Assets/TextMesh Pro/Examples & Extras/Fonts/Anton.ttf - Importer: PreviewImporter
Importing 'GUID: 997a43b767814dd0a7642ec9b78cba41 - Path: Assets/TextMesh Pro/Examples & Extras/Fonts/Anton.ttf - Importer: PreviewImporter' with importer (PreviewImporter)
Imported 'GUID: 997a43b767814dd0a7642ec9b78cba41' -> (Import Result ID: '6535fa35091605c10d83bec9d421b3a6') in 0.018 seconds [static and dynamic dependencies]. Details - ImportResultOutputID=dab98aca1c496f34ec017d8a81b6ee92 DependenciesID=e4c7cfcc09bd1f5544b863707a12db57 StaticDependenciesID=2f9cb287aeaf36277d1f250d80dad9eb 
Number of updated asset objects reloaded before import = 0
Number of asset objects unloaded after import = 4
========================================================================
Received Import Request.
  Time of request: 2026-08-15T10:31:56.4968515Z
  Time since last request: 0.0008007 seconds.
  importAddress: GUID: 5302535af1044152a457ed104f1f4b91 - Path: Assets/TextMesh Pro/Examples & Extras/Resources/Fonts & Materials/Roboto-Bold SDF.asset - Importer: PreviewImporter
Importing 'GUID: 5302535af1044152a457ed104f1f4b91 - Path: Assets/TextMesh Pro/Examples & Extras/Resources/Fonts & Materials/Roboto-Bold SDF.asset - Importer: PreviewImporter' with importer (PreviewImporter)
Imported 'GUID: 5302535af1044152a457ed104f1f4b91' -> (Import Result ID: 'd9767b5652c3792a1f9f04e002aa5598') in 0.019 seconds [static and dynamic dependencies]. Details - ImportResultOutputID=eca8add19d2bf724baafdacfc94f9c1a DependenciesID=7251c779cd8d7e6232300b7ce156b338 StaticDependenciesID=eb65cd29d3641945e8b73909922cbec2 
Number of updated asset objects reloaded before import = 0
Number of asset objects unloaded after import = 6
========================================================================
Received Import Request.
  Time of request: 2026-08-15T10:32:11.542782Z
  Time since last request: 15.0143253 seconds.
  importAddress: GUID: 3b5cc91c3bf8cf74391252247f52fb59 - Path: Assets/TextMesh Pro/Examples & Extras/Materials/Crate - URP.mat - Importer: PreviewImporter
Importing 'GUID: 3b5cc91c3bf8cf74391252247f52fb59 - Path: Assets/TextMesh Pro/Examples & Extras/Materials/Crate - URP.mat - Importer: PreviewImporter' with importer (PreviewImporter)
Imported 'GUID: 3b5cc91c3bf8cf74391252247f52fb59' -> (Import Result ID: 'd67189a9f1d52c04cb036879f1bf098d') in 0.022 seconds [static and dynamic dependencies]. Details - ImportResultOutputID=281b0d0b42f0e2d920080d81309c4b3b DependenciesID=c4cf403480ce75723931d13c0e9d8c76 StaticDependenciesID=b79798bdd3230b134282699755ddf3f3 
Number of updated asset objects reloaded before import = 0
Number of asset objects unloaded after import = 3
========================================================================
Received Import Request.
  Time of request: 2026-08-15T10:32:11.5820952Z
  Time since last request: 0.0007713 seconds.
  importAddress: GUID: 71529b88994c1a341b22bc57c038674a - Path: Assets/TextMesh Pro/Examples & Extras/Materials/Ground - URP.mat - Importer: PreviewImporter
Importing 'GUID: 71529b88994c1a341b22bc57c038674a - Path: Assets/TextMesh Pro/Examples & Extras/Materials/Ground - URP.mat - Importer: PreviewImporter' with importer (PreviewImporter)
Imported 'GUID: 71529b88994c1a341b22bc57c038674a' -> (Import Result ID: '0d1395c07f38b5c9ebfe4e207f98ea6d') in 0.018 seconds [static and dynamic dependencies]. Details - ImportResultOutputID=8b5bcf55cb8138b1fe4d18b7b685f558 DependenciesID=5f8e8595e697bf3ab299092ef4e34200 StaticDependenciesID=801a76980ca2d48d62d256d1b5aa5816 
Number of updated asset objects reloaded before import = 0
Number of asset objects unloaded after import = 2
========================================================================
Received Import Request.
  Time of request: 2026-08-15T10:32:11.6180361Z
  Time since last request: 0.0004836 seconds.
  importAddress: GUID: c719e38f25a9480abd2480ab621a2949 - Path: Assets/TextMesh Pro/Examples & Extras/Materials/Ground - Logo Scene.mat - Importer: PreviewImporter
Importing 'GUID: c719e38f25a9480abd2480ab621a2949 - Path: Assets/TextMesh Pro/Examples & Extras/Materials/Ground - Logo Scene.mat - Importer: PreviewImporter' with importer (PreviewImporter)
Imported 'GUID: c719e38f25a9480abd2480ab621a2949' -> (Import Result ID: '782e8e71e1b5df21c8443111abed0de2') in 0.014 seconds [static and dynamic dependencies]. Details - ImportResultOutputID=8438b28e6d71053739f40975acdac3ab DependenciesID=22cca0783342f3b4ed533446250fc9d2 StaticDependenciesID=c840a886c22c751b467add7b1d1203e1 
Number of updated asset objects reloaded before import = 0
Number of asset objects unloaded after import = 2
========================================================================
Received Import Request.
  Time of request: 2026-08-15T10:32:21.9791425Z
  Time since last request: 10.3319254 seconds.
  importAddress: GUID: 083e8dadd5d9d194aa119ca351862ab2 - Path: Assets/UniversalRenderPipelineGlobalSettings.asset - Importer: PreviewImporter
Importing 'GUID: 083e8dadd5d9d194aa119ca351862ab2 - Path: Assets/UniversalRenderPipelineGlobalSettings.asset - Importer: PreviewImporter' with importer (PreviewImporter)
Imported 'GUID: 083e8dadd5d9d194aa119ca351862ab2' -> (Import Result ID: '97803a859f19283ccfad47a794e7e7cc') in 0.309 seconds [static and dynamic dependencies]. Details - ImportResultOutputID=5613a50db0caaf03cdd3c15a615276a4 DependenciesID=68956f40df3b962fcacdc421d037d728 StaticDependenciesID=7f8db4687c962d4076d332610d727813 
Number of updated asset objects reloaded before import = 0
Number of asset objects unloaded after import = 164
========================================================================
Received Import Request.
  Time of request: 2026-08-15T10:32:25.7575109Z
  Time since last request: 3.449241 seconds.
  importAddress: GUID: e4e3a333c4aaff141983988f42b104ea - Path: Assets/_Project/Configs/Characters/SwordsmanAnimationSO.asset - Importer: PreviewImporter
Importing 'GUID: e4e3a333c4aaff141983988f42b104ea - Path: Assets/_Project/Configs/Characters/SwordsmanAnimationSO.asset - Importer: PreviewImporter' with importer (PreviewImporter)
Imported 'GUID: e4e3a333c4aaff141983988f42b104ea' -> (Import Result ID: '69800ff24527b12b6bc0d5b7d2dca141') in 0.015 seconds [static and dynamic dependencies]. Details - ImportResultOutputID=a8239b1bfbbb4d099d272a93b1efec91 DependenciesID=c3495deda12ca8001c1d83ea51b99657 StaticDependenciesID=3d04d851551ebafa08d5721d5315709a 
Number of updated asset objects reloaded before import = 0
Number of asset objects unloaded after import = 110
========================================================================
Received Import Request.
  Time of request: 2026-08-15T10:32:37.3487126Z
  Time since last request: 11.5594922 seconds.
  importAddress: GUID: cafcbdf7c6a198f4da8046334b5c65a2 - Path: Assets/_Project/Art/Environment/Dungeon/Models/GLB format/Textures/colormap.png - Importer: PreviewImporter
Importing 'GUID: cafcbdf7c6a198f4da8046334b5c65a2 - Path: Assets/_Project/Art/Environment/Dungeon/Models/GLB format/Textures/colormap.png - Importer: PreviewImporter' with importer (PreviewImporter)
Imported 'GUID: cafcbdf7c6a198f4da8046334b5c65a2' -> (Import Result ID: 'd875acf0f3dae69826b63dc9d41d4697') in 0.013 seconds [static and dynamic dependencies]. Details - ImportResultOutputID=3590f738da5c5907cd4882b858f753c7 DependenciesID=216f29123dd4a5423c4dde7253568af0 StaticDependenciesID=de8a32e01c1f03f0de0c2d6f69d405bd 
Number of updated asset objects reloaded before import = 0
Number of asset objects unloaded after import = 2
========================================================================
Received Import Request.
  Time of request: 2026-08-15T10:32:37.3782493Z
  Time since last request: 0.0007558 seconds.
  importAddress: GUID: 2088d0e9ece616d45868615f847a4811 - Path: Assets/_Project/Art/Environment/Dungeon/Models/OBJ format/template-wall-top.obj - Importer: PreviewImporter
Importing 'GUID: 2088d0e9ece616d45868615f847a4811 - Path: Assets/_Project/Art/Environment/Dungeon/Models/OBJ format/template-wall-top.obj - Importer: PreviewImporter' with importer (PreviewImporter)
Imported 'GUID: 2088d0e9ece616d45868615f847a4811' -> (Import Result ID: '627f9fcd880b8ef60494347b3a3ba711') in 0.105 seconds [static and dynamic dependencies]. Details - ImportResultOutputID=f4e5694cac892d02e7d58a5f6eccab46 DependenciesID=8e37ff533967cb4d461a8d1f62b28bd5 StaticDependenciesID=dfb332cb621c3e4024686dcbde710c9a 
Number of updated asset objects reloaded before import = 0
Number of asset objects unloaded after import = 12
========================================================================
Received Import Request.
  Time of request: 2026-08-15T10:32:37.5019945Z
  Time since last request: 0.0000535 seconds.
  importAddress: GUID: 893cd5823c64e6144a1d10047c8a0998 - Path: Assets/_Project/Art/Environment/Dungeon/Models/OBJ format/template-wall-detail-a.obj - Importer: PreviewImporter
Importing 'GUID: 893cd5823c64e6144a1d10047c8a0998 - Path: Assets/_Project/Art/Environment/Dungeon/Models/OBJ format/template-wall-detail-a.obj - Importer: PreviewImporter' with importer (PreviewImporter)
Imported 'GUID: 893cd5823c64e6144a1d10047c8a0998' -> (Import Result ID: '65e376ebe7fe9345c548070b21f19457') in 0.041 seconds [static and dynamic dependencies]. Details - ImportResultOutputID=19d73308d20b3293012febe7481bb0d2 DependenciesID=dfd832406c0f32a9fcd270bdf2993973 StaticDependenciesID=feb3446249063788feacb6ac971d6b74 
Number of updated asset objects reloaded before import = 0
Number of asset objects unloaded after import = 12
========================================================================
Received Import Request.
  Time of request: 2026-08-15T10:32:37.5615546Z
  Time since last request: 0.0007575 seconds.
  importAddress: GUID: 6a8081dca445922409a59144c8535b38 - Path: Assets/_Project/Art/Environment/Dungeon/Models/OBJ format/template-wall-corner.obj - Importer: PreviewImporter
Importing 'GUID: 6a8081dca445922409a59144c8535b38 - Path: Assets/_Project/Art/Environment/Dungeon/Models/OBJ format/template-wall-corner.obj - Importer: PreviewImporter' with importer (PreviewImporter)
Imported 'GUID: 6a8081dca445922409a59144c8535b38' -> (Import Result ID: 'cc5d9caaf39031b8de29380669c404d6') in 0.035 seconds [static and dynamic dependencies]. Details - ImportResultOutputID=986a17e0bf35b6c09ff43ec6cc0421f6 DependenciesID=97f8f5ae3cefeb739a42548f763f89e4 StaticDependenciesID=68331bfc3548113a9b45ec938c4fa1f5 
Number of updated asset objects reloaded before import = 0
Number of asset objects unloaded after import = 12
========================================================================
Received Import Request.
  Time of request: 2026-08-15T10:32:45.6252769Z
  Time since last request: 8.0092455 seconds.
  importAddress: GUID: 0a241a2160fb9e540b5a33f9e2157127 - Path: Assets/_Project/Art/Environment/Cave/Models/OBJ format/template-wall.obj - Importer: PreviewImporter
Importing 'GUID: 0a241a2160fb9e540b5a33f9e2157127 - Path: Assets/_Project/Art/Environment/Cave/Models/OBJ format/template-wall.obj - Importer: PreviewImporter' with importer (PreviewImporter)
Imported 'GUID: 0a241a2160fb9e540b5a33f9e2157127' -> (Import Result ID: '2408b251ffd5917681bff828e3d100b3') in 0.043 seconds [static and dynamic dependencies]. Details - ImportResultOutputID=a54de1e624c6fdc6f8e1d3610adda1b8 DependenciesID=93d08807fd7b724e00c7bc70a7e5e6f8 StaticDependenciesID=2f277528603570d2844548bf0bd36209 
Number of updated asset objects reloaded before import = 0
Number of asset objects unloaded after import = 12
========================================================================
Received Import Request.
  Time of request: 2026-08-15T10:32:45.6863268Z
  Time since last request: 0.001173 seconds.
  importAddress: GUID: cbf159fc1f70cd9418ad6b93b11add0a - Path: Assets/_Project/Art/Environment/Cave/Models/OBJ format/template-wall-stairs.obj - Importer: PreviewImporter
Importing 'GUID: cbf159fc1f70cd9418ad6b93b11add0a - Path: Assets/_Project/Art/Environment/Cave/Models/OBJ format/template-wall-stairs.obj - Importer: PreviewImporter' with importer (PreviewImporter)
Imported 'GUID: cbf159fc1f70cd9418ad6b93b11add0a' -> (Import Result ID: '526142c98b97b3c9fadcd93bf308c0f3') in 0.038 seconds [static and dynamic dependencies]. Details - ImportResultOutputID=7f875d055a6cd8c2238240d25b0852b1 DependenciesID=07b2834f6a0018aa5483caadd5b59e7b StaticDependenciesID=6f36ae80af3bf3f750b1001dbc8d4b5b 
Number of updated asset objects reloaded before import = 0
Number of asset objects unloaded after import = 12
========================================================================
Received Import Request.
  Time of request: 2026-08-15T10:32:46.2566877Z
  Time since last request: 0.5174314 seconds.
  importAddress: GUID: 44ec86e179b81e9458342b60f9979727 - Path: Assets/_Project/Art/Environment/Cave/Models/OBJ format/room-wide-variation.obj - Importer: PreviewImporter
Importing 'GUID: 44ec86e179b81e9458342b60f9979727 - Path: Assets/_Project/Art/Environment/Cave/Models/OBJ format/room-wide-variation.obj - Importer: PreviewImporter' with importer (PreviewImporter)
Imported 'GUID: 44ec86e179b81e9458342b60f9979727' -> (Import Result ID: 'aeba73c1b6d7952e1f88cb89bbfd1ed4') in 0.044 seconds [static and dynamic dependencies]. Details - ImportResultOutputID=bc3ea6be75951f2f80ba8a0d2d7358c4 DependenciesID=709a2cf413e1af32610dc22f0b29b7d3 StaticDependenciesID=b55cea1d4818e1ccf5e5d6aa915a002d 
Number of updated asset objects reloaded before import = 0
Number of asset objects unloaded after import = 12
========================================================================
Received Import Request.
  Time of request: 2026-08-15T10:32:46.3139809Z
  Time since last request: 0.0012015 seconds.
  importAddress: GUID: f788a19613290ee46a315c122424f6e3 - Path: Assets/_Project/Art/Environment/Cave/Models/OBJ format/template-wall-half.obj - Importer: PreviewImporter
Importing 'GUID: f788a19613290ee46a315c122424f6e3 - Path: Assets/_Project/Art/Environment/Cave/Models/OBJ format/template-wall-half.obj - Importer: PreviewImporter' with importer (PreviewImporter)
Imported 'GUID: f788a19613290ee46a315c122424f6e3' -> (Import Result ID: '2ce04f044b67fd48793bdec5f6959923') in 0.035 seconds [static and dynamic dependencies]. Details - ImportResultOutputID=dd2f7fb4dd75f1b181f09ad5fb5162a3 DependenciesID=5ba85fc2c56f7c82161e82b87c4d4630 StaticDependenciesID=73947349bc93dfdfda8b0a71d13c3bd7 
Number of updated asset objects reloaded before import = 0
Number of asset objects unloaded after import = 12
========================================================================
Received Import Request.
  Time of request: 2026-08-15T10:32:46.3682868Z
  Time since last request: 0.0006597 seconds.
  importAddress: GUID: 22fb22d2e73ad374ab608180d89d9a6c - Path: Assets/_Project/Art/Environment/Cave/Models/OBJ format/room-wide.obj - Importer: PreviewImporter
Importing 'GUID: 22fb22d2e73ad374ab608180d89d9a6c - Path: Assets/_Project/Art/Environment/Cave/Models/OBJ format/room-wide.obj - Importer: PreviewImporter' with importer (PreviewImporter)
Imported 'GUID: 22fb22d2e73ad374ab608180d89d9a6c' -> (Import Result ID: 'cc3a2630a9711f4677ba4199231c5303') in 0.039 seconds [static and dynamic dependencies]. Details - ImportResultOutputID=3c4f73666c847963e04a9908b1c087ba DependenciesID=a3aee8933d38b44f048241595d3cb0c1 StaticDependenciesID=10961f05647a470268b04b1cc69ea760 
Number of updated asset objects reloaded before import = 0
Number of asset objects unloaded after import = 12
========================================================================
Received Import Request.
  Time of request: 2026-08-15T10:32:46.4238802Z
  Time since last request: 0.0008392 seconds.
  importAddress: GUID: 475636928e8fb974cbcd9775cf789c9e - Path: Assets/_Project/Art/Environment/Cave/Models/OBJ format/template-wall-top.obj - Importer: PreviewImporter
Importing 'GUID: 475636928e8fb974cbcd9775cf789c9e - Path: Assets/_Project/Art/Environment/Cave/Models/OBJ format/template-wall-top.obj - Importer: PreviewImporter' with importer (PreviewImporter)
Imported 'GUID: 475636928e8fb974cbcd9775cf789c9e' -> (Import Result ID: '71d49db409151b2ebd6f96b58bd79363') in 0.039 seconds [static and dynamic dependencies]. Details - ImportResultOutputID=78798300b15ae788d1e623d9182c8eba DependenciesID=dabbe82dd1aa3905997ac1b74f8efb36 StaticDependenciesID=027ad66a9a3bdf947018d50569139562 
Number of updated asset objects reloaded before import = 0
Number of asset objects unloaded after import = 12
========================================================================
Received Import Request.
  Time of request: 2026-08-15T10:32:46.4791817Z
  Time since last request: 0.0005997 seconds.
  importAddress: GUID: 1d0cff0a3ca36a24fb8f1bcc42d930d0 - Path: Assets/_Project/Art/Environment/Cave/Models/OBJ format/template-floor-detail-a.obj - Importer: PreviewImporter
Importing 'GUID: 1d0cff0a3ca36a24fb8f1bcc42d930d0 - Path: Assets/_Project/Art/Environment/Cave/Models/OBJ format/template-floor-detail-a.obj - Importer: PreviewImporter' with importer (PreviewImporter)
Imported 'GUID: 1d0cff0a3ca36a24fb8f1bcc42d930d0' -> (Import Result ID: 'd54f01241b520d99ab6c896db0b09134') in 0.037 seconds [static and dynamic dependencies]. Details - ImportResultOutputID=4727b8c4c6f08f0c22e707126cbd1388 DependenciesID=5dada1bb21873e0ae25b57ed8459160e StaticDependenciesID=e78d4c222f2208b7c67b0873fe5e1e7a 
Number of updated asset objects reloaded before import = 0
Number of asset objects unloaded after import = 12
========================================================================
Received Import Request.
  Time of request: 2026-08-15T10:32:46.5329221Z
  Time since last request: 0.0010128 seconds.
  importAddress: GUID: 689bcac4dacaaee45b36143d78df5bc8 - Path: Assets/_Project/Art/Environment/Cave/Models/OBJ format/stairs.obj - Importer: PreviewImporter
Importing 'GUID: 689bcac4dacaaee45b36143d78df5bc8 - Path: Assets/_Project/Art/Environment/Cave/Models/OBJ format/stairs.obj - Importer: PreviewImporter' with importer (PreviewImporter)
Imported 'GUID: 689bcac4dacaaee45b36143d78df5bc8' -> (Import Result ID: '8cbada58fdd2370ee3397ef4b3ebeaaf') in 0.039 seconds [static and dynamic dependencies]. Details - ImportResultOutputID=c231c80ec2ec0afbfb8255ab8a423dbe DependenciesID=cedb55da40ed41d7e7d3f5778e30c82c StaticDependenciesID=a179ad4d7c6dc26d1ab95b7b70d52eae 
Number of updated asset objects reloaded before import = 0
Number of asset objects unloaded after import = 12
========================================================================
Received Import Request.
  Time of request: 2026-08-15T10:32:46.5866724Z
  Time since last request: 0.0010094 seconds.
  importAddress: GUID: 43b008e738d913b45bfe7f89f29a9012 - Path: Assets/_Project/Art/Environment/Cave/Models/OBJ format/room-large.obj - Importer: PreviewImporter
Importing 'GUID: 43b008e738d913b45bfe7f89f29a9012 - Path: Assets/_Project/Art/Environment/Cave/Models/OBJ format/room-large.obj - Importer: PreviewImporter' with importer (PreviewImporter)
Imported 'GUID: 43b008e738d913b45bfe7f89f29a9012' -> (Import Result ID: '7698fb5ef8c092cfa736177ab2ff0517') in 0.042 seconds [static and dynamic dependencies]. Details - ImportResultOutputID=acc5946034653a9f1155468bd869fc04 DependenciesID=9ec0a608e49b6fa514630ac8de94a2a8 StaticDependenciesID=51b1a833c4c41f292f30ec1866861f02 
Number of updated asset objects reloaded before import = 0
Number of asset objects unloaded after import = 12
========================================================================
Received Import Request.
  Time of request: 2026-08-15T10:32:46.6453282Z
  Time since last request: 0.0006087 seconds.
  importAddress: GUID: ec699afc85852294dad5705aafb9a0c1 - Path: Assets/_Project/Art/Environment/Cave/Models/OBJ format/stairs-wide.obj - Importer: PreviewImporter
Importing 'GUID: ec699afc85852294dad5705aafb9a0c1 - Path: Assets/_Project/Art/Environment/Cave/Models/OBJ format/stairs-wide.obj - Importer: PreviewImporter' with importer (PreviewImporter)
Imported 'GUID: ec699afc85852294dad5705aafb9a0c1' -> (Import Result ID: '6e43cc0a8471cb380c80d89695ebda12') in 0.038 seconds [static and dynamic dependencies]. Details - ImportResultOutputID=b121cb493eafc734d3d6a59d4993e993 DependenciesID=31f8848a06d01bfc78fc7be3c72ced5e StaticDependenciesID=3d4f580cd609b8de4df7d65b2c28e5e9 
Number of updated asset objects reloaded before import = 0
Number of asset objects unloaded after import = 12
========================================================================
Received Import Request.
  Time of request: 2026-08-15T10:32:46.6999014Z
  Time since last request: 0.0001364 seconds.
  importAddress: GUID: 2b18ab305161d1547beefdbbf9797211 - Path: Assets/_Project/Art/Environment/Cave/Models/OBJ format/template-floor-detail.obj - Importer: PreviewImporter
Importing 'GUID: 2b18ab305161d1547beefdbbf9797211 - Path: Assets/_Project/Art/Environment/Cave/Models/OBJ format/template-floor-detail.obj - Importer: PreviewImporter' with importer (PreviewImporter)
Imported 'GUID: 2b18ab305161d1547beefdbbf9797211' -> (Import Result ID: '74688ff653995ca0f769f021cc753e2f') in 0.040 seconds [static and dynamic dependencies]. Details - ImportResultOutputID=5c208d3fba5a7ad28e83d7219fb58319 DependenciesID=b5e62fe030cc4287cb24f582f1722aa7 StaticDependenciesID=fc112c05898f89034472329c1f9d4386 
Number of updated asset objects reloaded before import = 0
Number of asset objects unloaded after import = 12
========================================================================
Received Import Request.
  Time of request: 2026-08-15T10:32:46.7576306Z
  Time since last request: 0.0004557 seconds.
  importAddress: GUID: 4e5073726f732604a9aaa3eec30c341b - Path: Assets/_Project/Art/Environment/Cave/Models/OBJ format/template-floor-layer-raised.obj - Importer: PreviewImporter
Importing 'GUID: 4e5073726f732604a9aaa3eec30c341b - Path: Assets/_Project/Art/Environment/Cave/Models/OBJ format/template-floor-layer-raised.obj - Importer: PreviewImporter' with importer (PreviewImporter)
Imported 'GUID: 4e5073726f732604a9aaa3eec30c341b' -> (Import Result ID: '9c3710afa3a34a2bff2090d38a8eca24') in 0.037 seconds [static and dynamic dependencies]. Details - ImportResultOutputID=6fbb92e2fb1aeec9aa9c65716010397c DependenciesID=51e302beb5fdd523de50b4a1c000c424 StaticDependenciesID=ecf2ce4d76397b1ae10d12d02ac67fa7 
Number of updated asset objects reloaded before import = 0
Number of asset objects unloaded after import = 12
========================================================================
Received Import Request.
  Time of request: 2026-08-15T10:32:47.1257673Z
  Time since last request: 0.3197924 seconds.
  importAddress: GUID: 8d874a52a3b8e184eb23a00609544365 - Path: Assets/_Project/Art/Environment/Cave/Models/GLB format/Textures/colormap.png - Importer: PreviewImporter
Importing 'GUID: 8d874a52a3b8e184eb23a00609544365 - Path: Assets/_Project/Art/Environment/Cave/Models/GLB format/Textures/colormap.png - Importer: PreviewImporter' with importer (PreviewImporter)
Imported 'GUID: 8d874a52a3b8e184eb23a00609544365' -> (Import Result ID: '33e941541ec1c3efb1bfc1f6b040390d') in 0.014 seconds [static and dynamic dependencies]. Details - ImportResultOutputID=43d53f35e36b6bba58ecef62e804085a DependenciesID=c053e4da679d0e499e78f688b4ae55b2 StaticDependenciesID=42a61f236813cd6ed19d247654b5a9e0 
Number of updated asset objects reloaded before import = 0
Number of asset objects unloaded after import = 2
========================================================================
Received Import Request.
  Time of request: 2026-08-15T10:32:47.1860943Z
  Time since last request: 0.0010815 seconds.
  importAddress: GUID: 742769d45ce66a44fb0af06174ece1b0 - Path: Assets/_Project/Art/Environment/Cave/Models/OBJ format/corridor-corner.obj - Importer: PreviewImporter
Importing 'GUID: 742769d45ce66a44fb0af06174ece1b0 - Path: Assets/_Project/Art/Environment/Cave/Models/OBJ format/corridor-corner.obj - Importer: PreviewImporter' with importer (PreviewImporter)
Imported 'GUID: 742769d45ce66a44fb0af06174ece1b0' -> (Import Result ID: '23226e873896b4f0dab6df36849783b5') in 0.044 seconds [static and dynamic dependencies]. Details - ImportResultOutputID=4288e26c3e42a2529904bea8eaf6f859 DependenciesID=a79e61167602ccf8e8b5c5c36b2079c7 StaticDependenciesID=ff47a0b1350a18d40818c044645221bf 
Number of updated asset objects reloaded before import = 0
Number of asset objects unloaded after import = 12
========================================================================
Received Import Request.
  Time of request: 2026-08-15T10:32:47.245575Z
  Time since last request: 0.0007358 seconds.
  importAddress: GUID: 7480394432411a54c84591444dda09a9 - Path: Assets/_Project/Art/Environment/Dungeon/Models/OBJ format/Textures/colormap.png - Importer: PreviewImporter
Importing 'GUID: 7480394432411a54c84591444dda09a9 - Path: Assets/_Project/Art/Environment/Dungeon/Models/OBJ format/Textures/colormap.png - Importer: PreviewImporter' with importer (PreviewImporter)
Imported 'GUID: 7480394432411a54c84591444dda09a9' -> (Import Result ID: 'c40dc567cc1109d37da742140f2adece') in 0.013 seconds [static and dynamic dependencies]. Details - ImportResultOutputID=d4adaff39e002895835907dd98811006 DependenciesID=bf1dfad04215f5602de3a467fd4d19a5 StaticDependenciesID=b0582c6664b08bf959c62c62b986b8ef 
Number of updated asset objects reloaded before import = 0
Number of asset objects unloaded after import = 2
========================================================================
Received Import Request.
  Time of request: 2026-08-15T10:32:47.2741723Z
  Time since last request: 0.0006376 seconds.
  importAddress: GUID: 82a9c2d81d50dc340b50146550fc9417 - Path: Assets/_Project/Art/Environment/Cave/Models/OBJ format/corridor-wide-corner.obj - Importer: PreviewImporter
Importing 'GUID: 82a9c2d81d50dc340b50146550fc9417 - Path: Assets/_Project/Art/Environment/Cave/Models/OBJ format/corridor-wide-corner.obj - Importer: PreviewImporter' with importer (PreviewImporter)
Imported 'GUID: 82a9c2d81d50dc340b50146550fc9417' -> (Import Result ID: 'b1f46ae96d3b4471e1c832000fa62713') in 0.038 seconds [static and dynamic dependencies]. Details - ImportResultOutputID=cf55fca0eec427a2e43edb45272a1150 DependenciesID=d79b3dfcb99ee5ae62fa2ea9bd8b1c0e StaticDependenciesID=e1ad5ed88cf03f653c93d87c1a606fe5 
Number of updated asset objects reloaded before import = 0
Number of asset objects unloaded after import = 12
========================================================================
Received Import Request.
  Time of request: 2026-08-15T10:32:47.3262452Z
  Time since last request: 0.0004445 seconds.
  importAddress: GUID: 7aa393ead83708b44a675eec75892009 - Path: Assets/_Project/Art/Environment/Cave/Models/OBJ format/corridor-wide-intersection.obj - Importer: PreviewImporter
Importing 'GUID: 7aa393ead83708b44a675eec75892009 - Path: Assets/_Project/Art/Environment/Cave/Models/OBJ format/corridor-wide-intersection.obj - Importer: PreviewImporter' with importer (PreviewImporter)
Imported 'GUID: 7aa393ead83708b44a675eec75892009' -> (Import Result ID: '5b29aa8b412c71351053117fbe92d0c0') in 0.037 seconds [static and dynamic dependencies]. Details - ImportResultOutputID=a787a16fd43787e7aa896ecdf199a80e DependenciesID=b0a1182b064f48119ef916d87be571df StaticDependenciesID=1a5d5459bfb0c66f418422e3cbdcecc2 
Number of updated asset objects reloaded before import = 0
Number of asset objects unloaded after import = 12
========================================================================
Received Import Request.
  Time of request: 2026-08-15T10:32:47.3783403Z
  Time since last request: 0.0006026 seconds.
  importAddress: GUID: adafc19f3a8f13542bb507ed0ceff721 - Path: Assets/_Project/Art/Environment/Cave/Models/OBJ format/corridor-wide-junction.obj - Importer: PreviewImporter
Importing 'GUID: adafc19f3a8f13542bb507ed0ceff721 - Path: Assets/_Project/Art/Environment/Cave/Models/OBJ format/corridor-wide-junction.obj - Importer: PreviewImporter' with importer (PreviewImporter)
Imported 'GUID: adafc19f3a8f13542bb507ed0ceff721' -> (Import Result ID: '3253dea00fe9dacb45f86221269314c8') in 0.042 seconds [static and dynamic dependencies]. Details - ImportResultOutputID=eec7998662fc8e1bdc6b396279ea90d1 DependenciesID=df94304d6ae55f1516e6906594ff2dea StaticDependenciesID=7ab9c8dd15f8849dbe1d113510776887 
Number of updated asset objects reloaded before import = 0
Number of asset objects unloaded after import = 12
========================================================================
Received Import Request.
  Time of request: 2026-08-15T10:32:47.4394522Z
  Time since last request: 0.0014997 seconds.
  importAddress: GUID: f1d74daafd72f45449ab3c427464b989 - Path: Assets/_Project/Art/Environment/Cave/Models/OBJ format/gate-metal-bars.obj - Importer: PreviewImporter
Importing 'GUID: f1d74daafd72f45449ab3c427464b989 - Path: Assets/_Project/Art/Environment/Cave/Models/OBJ format/gate-metal-bars.obj - Importer: PreviewImporter' with importer (PreviewImporter)
Imported 'GUID: f1d74daafd72f45449ab3c427464b989' -> (Import Result ID: 'cad3e9818975838c1a5edb914bf12cdd') in 0.050 seconds [static and dynamic dependencies]. Details - ImportResultOutputID=0ce0a523fa08b849676b154c57625882 DependenciesID=2760db90c427653953c4e30fbfc73be5 StaticDependenciesID=2fc457acaeb72870d832cd322b7e9f91 
Number of updated asset objects reloaded before import = 0
Number of asset objects unloaded after import = 17
========================================================================
Received Import Request.
  Time of request: 2026-08-15T10:32:47.5067503Z
  Time since last request: 0.0006791 seconds.
  importAddress: GUID: f0164d3427a0fc14f8a3dacfba232876 - Path: Assets/_Project/Art/Environment/Cave/Models/OBJ format/corridor.obj - Importer: PreviewImporter
Importing 'GUID: f0164d3427a0fc14f8a3dacfba232876 - Path: Assets/_Project/Art/Environment/Cave/Models/OBJ format/corridor.obj - Importer: PreviewImporter' with importer (PreviewImporter)
Imported 'GUID: f0164d3427a0fc14f8a3dacfba232876' -> (Import Result ID: '5d3d733568e27a6a6d8ccea791b67df1') in 0.038 seconds [static and dynamic dependencies]. Details - ImportResultOutputID=e107a7539b9770b2823a2bd3e17e885f DependenciesID=8c22511ff78709e8a709f417a6eda9d3 StaticDependenciesID=2e8b35c54484b5d5015383160097c07d 
Number of updated asset objects reloaded before import = 0
Number of asset objects unloaded after import = 12
========================================================================
Received Import Request.
  Time of request: 2026-08-15T10:32:47.5586148Z
  Time since last request: 0.0008269 seconds.
  importAddress: GUID: 7c2eb54d8c9ed134086fe051a2d3cc6a - Path: Assets/_Project/Art/Environment/Cave/Models/OBJ format/ladder.obj - Importer: PreviewImporter
Importing 'GUID: 7c2eb54d8c9ed134086fe051a2d3cc6a - Path: Assets/_Project/Art/Environment/Cave/Models/OBJ format/ladder.obj - Importer: PreviewImporter' with importer (PreviewImporter)
Imported 'GUID: 7c2eb54d8c9ed134086fe051a2d3cc6a' -> (Import Result ID: '1cbf2b91fab3a31006e76f4150078257') in 0.039 seconds [static and dynamic dependencies]. Details - ImportResultOutputID=4a90f884f818f49ad3592604965c362b DependenciesID=4b9719bc76033b48b3f6426f9a70ba6f StaticDependenciesID=432544a02102ca488bd3ff04acb64d88 
Number of updated asset objects reloaded before import = 0
Number of asset objects unloaded after import = 12
========================================================================
Received Import Request.
  Time of request: 2026-08-15T10:32:47.6140595Z
  Time since last request: 0.0001093 seconds.
  importAddress: GUID: 1e4b0b42cbb36154082849c28ebb9993 - Path: Assets/_Project/Art/Environment/Cave/Models/OBJ format/gate-rock.obj - Importer: PreviewImporter
Importing 'GUID: 1e4b0b42cbb36154082849c28ebb9993 - Path: Assets/_Project/Art/Environment/Cave/Models/OBJ format/gate-rock.obj - Importer: PreviewImporter' with importer (PreviewImporter)
Imported 'GUID: 1e4b0b42cbb36154082849c28ebb9993' -> (Import Result ID: '59add4cc433c270e6746cd1ae5c50020') in 0.046 seconds [static and dynamic dependencies]. Details - ImportResultOutputID=7d6b6d3175103f6595a31cf41abd4106 DependenciesID=db21761130afc520f6c5058ce12c8229 StaticDependenciesID=df522a464e3adeb3528b7a3bbae3ff15 
Number of updated asset objects reloaded before import = 0
Number of asset objects unloaded after import = 12
========================================================================
Received Prepare
AcceleratorClientConnectionCallback - disconnected - :0
WARNING: Shader Unsupported: 'Hidden/Universal Render Pipeline/Terrain/Lit (Base Pass)' - All subshaders removed
WARNING: Shader Did you use #pragma only_renderers and omit this platform?
WARNING: Shader If subshaders removal was intentional, you may have forgotten turning Fallback off?
WARNING: Shader Unsupported: 'Universal Render Pipeline/Terrain/Lit' - All subshaders removed
WARNING: Shader Did you use #pragma only_renderers and omit this platform?
WARNING: Shader If subshaders removal was intentional, you may have forgotten turning Fallback off?
Refreshing native plugins compatible for Editor in 7.00 ms, found 5 plugins.
Unloading 68 Unused Serialized files (Serialized files now loaded: 0)
Unloading 73 unused Assets / (5.2 MB). Loaded Objects now: 8603.
Memory consumption went from 353.5 MB to 348.2 MB.
Total: 13.880100 ms (FindLiveObjects: 0.575300 ms CreateObjectMapping: 1.513800 ms MarkObjects: 10.172800 ms  DeleteObjects: 1.616600 ms)

Prepare: number of updated asset objects reloaded= 0
EnvironmentDependencyValues requested are different than current active one (requested -> active):
  graphicsApiMask: 2099200 -> 2361344
========================================================================
Received Prepare
AcceleratorClientConnectionCallback - disconnected - :0
WARNING: Shader Unsupported: 'Hidden/Universal Render Pipeline/Terrain/Lit (Base Pass)' - All subshaders removed
WARNING: Shader Did you use #pragma only_renderers and omit this platform?
WARNING: Shader If subshaders removal was intentional, you may have forgotten turning Fallback off?
WARNING: Shader Unsupported: 'Universal Render Pipeline/Terrain/Lit' - All subshaders removed
WARNING: Shader Did you use #pragma only_renderers and omit this platform?
WARNING: Shader If subshaders removal was intentional, you may have forgotten turning Fallback off?
Refreshing native plugins compatible for Editor in 5.82 ms, found 5 plugins.
Unloading 67 Unused Serialized files (Serialized files now loaded: 0)
Unloading 68 unused Assets / (5.1 MB). Loaded Objects now: 8603.
Memory consumption went from 354.8 MB to 349.7 MB.
Total: 11.714800 ms (FindLiveObjects: 0.588200 ms CreateObjectMapping: 1.228600 ms MarkObjects: 8.479600 ms  DeleteObjects: 1.417000 ms)

Prepare: number of updated asset objects reloaded= 0
EnvironmentDependencyValues requested are different than current active one (requested -> active):
  graphicsApiMask: 2099200 -> 2361344
========================================================================
Received Prepare
AcceleratorClientConnectionCallback - disconnected - :0
WARNING: Shader Unsupported: 'Hidden/Universal Render Pipeline/Terrain/Lit (Base Pass)' - All subshaders removed
WARNING: Shader Did you use #pragma only_renderers and omit this platform?
WARNING: Shader If subshaders removal was intentional, you may have forgotten turning Fallback off?
WARNING: Shader Unsupported: 'Universal Render Pipeline/Terrain/Lit' - All subshaders removed
WARNING: Shader Did you use #pragma only_renderers and omit this platform?
WARNING: Shader If subshaders removal was intentional, you may have forgotten turning Fallback off?
Refreshing native plugins compatible for Editor in 6.24 ms, found 5 plugins.
Unloading 67 Unused Serialized files (Serialized files now loaded: 0)
Unloading 68 unused Assets / (5.1 MB). Loaded Objects now: 8603.
Memory consumption went from 356.9 MB to 351.8 MB.
Total: 11.784800 ms (FindLiveObjects: 0.564900 ms CreateObjectMapping: 1.181400 ms MarkObjects: 8.595500 ms  DeleteObjects: 1.441700 ms)

Prepare: number of updated asset objects reloaded= 0
EnvironmentDependencyValues requested are different than current active one (requested -> active):
  graphicsApiMask: 2099200 -> 2361344
========================================================================
Received Prepare
AcceleratorClientConnectionCallback - disconnected - :0
WARNING: Shader Unsupported: 'Hidden/Universal Render Pipeline/Terrain/Lit (Base Pass)' - All subshaders removed
WARNING: Shader Did you use #pragma only_renderers and omit this platform?
WARNING: Shader If subshaders removal was intentional, you may have forgotten turning Fallback off?
WARNING: Shader Unsupported: 'Universal Render Pipeline/Terrain/Lit' - All subshaders removed
WARNING: Shader Did you use #pragma only_renderers and omit this platform?
WARNING: Shader If subshaders removal was intentional, you may have forgotten turning Fallback off?
Refreshing native plugins compatible for Editor in 4.79 ms, found 5 plugins.
Unloading 67 Unused Serialized files (Serialized files now loaded: 0)
Unloading 68 unused Assets / (5.1 MB). Loaded Objects now: 8603.
Memory consumption went from 358.9 MB to 353.9 MB.
Total: 16.310900 ms (FindLiveObjects: 0.575300 ms CreateObjectMapping: 1.269900 ms MarkObjects: 12.927900 ms  DeleteObjects: 1.536400 ms)

Prepare: number of updated asset objects reloaded= 0
EnvironmentDependencyValues requested are different than current active one (requested -> active):
  graphicsApiMask: 2099200 -> 2361344
========================================================================
Received Prepare
AcceleratorClientConnectionCallback - disconnected - :0
WARNING: Shader Unsupported: 'Hidden/Universal Render Pipeline/Terrain/Lit (Base Pass)' - All subshaders removed
WARNING: Shader Did you use #pragma only_renderers and omit this platform?
WARNING: Shader If subshaders removal was intentional, you may have forgotten turning Fallback off?
WARNING: Shader Unsupported: 'Universal Render Pipeline/Terrain/Lit' - All subshaders removed
WARNING: Shader Did you use #pragma only_renderers and omit this platform?
WARNING: Shader If subshaders removal was intentional, you may have forgotten turning Fallback off?
Refreshing native plugins compatible for Editor in 7.06 ms, found 5 plugins.
Unloading 66 Unused Serialized files (Serialized files now loaded: 0)
Unloading 67 unused Assets / (5.1 MB). Loaded Objects now: 8652.
Memory consumption went from 364.0 MB to 358.9 MB.
Total: 13.204900 ms (FindLiveObjects: 0.670000 ms CreateObjectMapping: 1.595400 ms MarkObjects: 9.060200 ms  DeleteObjects: 1.878100 ms)

Prepare: number of updated asset objects reloaded= 64
EnvironmentDependencyValues requested are different than current active one (requested -> active):
  graphicsApiMask: 2099200 -> 2361344
========================================================================
Received Prepare
AcceleratorClientConnectionCallback - disconnected - :0
WARNING: Shader Unsupported: 'Hidden/Universal Render Pipeline/Terrain/Lit (Base Pass)' - All subshaders removed
WARNING: Shader Did you use #pragma only_renderers and omit this platform?
WARNING: Shader If subshaders removal was intentional, you may have forgotten turning Fallback off?
WARNING: Shader Unsupported: 'Universal Render Pipeline/Terrain/Lit' - All subshaders removed
WARNING: Shader Did you use #pragma only_renderers and omit this platform?
WARNING: Shader If subshaders removal was intentional, you may have forgotten turning Fallback off?
Refreshing native plugins compatible for Editor in 5.70 ms, found 5 plugins.
Unloading 66 Unused Serialized files (Serialized files now loaded: 0)
Unloading 67 unused Assets / (5.1 MB). Loaded Objects now: 8652.
Memory consumption went from 362.8 MB to 357.8 MB.
Total: 11.750100 ms (FindLiveObjects: 0.593900 ms CreateObjectMapping: 1.295700 ms MarkObjects: 8.488700 ms  DeleteObjects: 1.370800 ms)

Prepare: number of updated asset objects reloaded= 0
EnvironmentDependencyValues requested are different than current active one (requested -> active):
  graphicsApiMask: 2099200 -> 2361344
========================================================================
Received Import Request.
  Time of request: 2026-08-15T10:34:17.7302679Z
  Time since last request: 90.0563739 seconds.
  importAddress: GUID: 100287d58b78ef84195b229fd803df71 - Path: Assets/_Project/Art/Environment/Cave/Models/FBX format/corridor-wide-junction.fbx - Importer: PreviewImporter
Importing 'GUID: 100287d58b78ef84195b229fd803df71 - Path: Assets/_Project/Art/Environment/Cave/Models/FBX format/corridor-wide-junction.fbx - Importer: PreviewImporter' with importer (PreviewImporter)
Imported 'GUID: 100287d58b78ef84195b229fd803df71' -> (Import Result ID: '5dc14cd564b6bbfe2d29a7e64a634134') in 0.608 seconds [static and dynamic dependencies]. Details - ImportResultOutputID=b59e50cb95d182d58181c6ca0de7613f DependenciesID=65645fc5237e9f3cd6e09021acb948dd StaticDependenciesID=8337755f4ab8107edd1cd44fc3da2237 
Number of updated asset objects reloaded before import = 0
Number of asset objects unloaded after import = 128
========================================================================
Received Import Request.
  Time of request: 2026-08-15T10:34:18.3621499Z
  Time since last request: 0.0000801 seconds.
  importAddress: GUID: 10d19531445f7404a9e60c7d9bd0a1ce - Path: Assets/_Project/Art/Environment/Cave/Models/FBX format/template-wall-top.fbx - Importer: PreviewImporter
Importing 'GUID: 10d19531445f7404a9e60c7d9bd0a1ce - Path: Assets/_Project/Art/Environment/Cave/Models/FBX format/template-wall-top.fbx - Importer: PreviewImporter' with importer (PreviewImporter)
Imported 'GUID: 10d19531445f7404a9e60c7d9bd0a1ce' -> (Import Result ID: 'b8ad3223dc5d1d23984a2bd44b40f34a') in 0.095 seconds [static and dynamic dependencies]. Details - ImportResultOutputID=4576c4bb88f6aaf0deebadfe237aeb54 DependenciesID=2506a731d18d707d5fa001ad9ca044a5 StaticDependenciesID=84ee98842f26cee1888c7791376f0989 
Number of updated asset objects reloaded before import = 0
Number of asset objects unloaded after import = 128
========================================================================
Received Import Request.
  Time of request: 2026-08-15T10:34:18.4829291Z
  Time since last request: 0.0000713 seconds.
  importAddress: GUID: 397374b417aaab343bbfd4176138d1aa - Path: Assets/_Project/Art/Environment/Cave/Models/OBJ format/room-small.obj - Importer: PreviewImporter
Importing 'GUID: 397374b417aaab343bbfd4176138d1aa - Path: Assets/_Project/Art/Environment/Cave/Models/OBJ format/room-small.obj - Importer: PreviewImporter' with importer (PreviewImporter)
Imported 'GUID: 397374b417aaab343bbfd4176138d1aa' -> (Import Result ID: '201af0cb0cd5b1b9868b9f2cab879e72') in 0.110 seconds [static and dynamic dependencies]. Details - ImportResultOutputID=a6f30dbec6688f78aa6df4aea28db6a8 DependenciesID=3924e73256c9e98ddf82ee7312b473c6 StaticDependenciesID=5a0dbcb1c525fe61fcc29e6e3487080e 
Number of updated asset objects reloaded before import = 0
Number of asset objects unloaded after import = 130
========================================================================
Received Import Request.
  Time of request: 2026-08-15T10:34:18.6217197Z
  Time since last request: 0.0000531 seconds.
  importAddress: GUID: d00d780840abfd64281cad213e4728ec - Path: Assets/_Project/Art/Environment/Cave/Models/OBJ format/template-wall-detail-a.obj - Importer: PreviewImporter
Importing 'GUID: d00d780840abfd64281cad213e4728ec - Path: Assets/_Project/Art/Environment/Cave/Models/OBJ format/template-wall-detail-a.obj - Importer: PreviewImporter' with importer (PreviewImporter)
Imported 'GUID: d00d780840abfd64281cad213e4728ec' -> (Import Result ID: 'e60fce5a11f4edaa5f38f59912727223') in 0.110 seconds [static and dynamic dependencies]. Details - ImportResultOutputID=76aad9a94a66d4c4853399231d3cd009 DependenciesID=9f072ca5bc4973e0171ebc429cb3c74a StaticDependenciesID=f43c3b2f3d8bc638f933fdc19d8d6144 
Number of updated asset objects reloaded before import = 0
Number of asset objects unloaded after import = 130
========================================================================
Received Import Request.
  Time of request: 2026-08-15T10:34:18.7644573Z
  Time since last request: 0.0000502 seconds.
  importAddress: GUID: 063b838409acc6148bce7cba907fdd3f - Path: Assets/_Project/Art/Environment/Cave/Models/OBJ format/room-small-variation.obj - Importer: PreviewImporter
Importing 'GUID: 063b838409acc6148bce7cba907fdd3f - Path: Assets/_Project/Art/Environment/Cave/Models/OBJ format/room-small-variation.obj - Importer: PreviewImporter' with importer (PreviewImporter)
Imported 'GUID: 063b838409acc6148bce7cba907fdd3f' -> (Import Result ID: '2c5e2c3b852d914e4b92b8ee6597c00f') in 0.114 seconds [static and dynamic dependencies]. Details - ImportResultOutputID=ff54ca00588cf9eee3b52db052f07223 DependenciesID=93ad5413c34ddfeff9322fb379ffd1fd StaticDependenciesID=0e94ac748fbf216b75b05912b94b037a 
Number of updated asset objects reloaded before import = 0
Number of asset objects unloaded after import = 130
========================================================================
Received Import Request.
  Time of request: 2026-08-15T10:34:18.9068026Z
  Time since last request: 0.0001181 seconds.
  importAddress: GUID: b2c201876ec4d994090fe99fcc443066 - Path: Assets/_Project/Art/Environment/Cave/Models/FBX format/room-corner.fbx - Importer: PreviewImporter
Importing 'GUID: b2c201876ec4d994090fe99fcc443066 - Path: Assets/_Project/Art/Environment/Cave/Models/FBX format/room-corner.fbx - Importer: PreviewImporter' with importer (PreviewImporter)
Imported 'GUID: b2c201876ec4d994090fe99fcc443066' -> (Import Result ID: '0687886afce7576e54cc42891add6856') in 0.104 seconds [static and dynamic dependencies]. Details - ImportResultOutputID=bc32c0a304d702a161bec95ef9d55125 DependenciesID=5deaf0b467e6861b658a06033ea4591f StaticDependenciesID=897558305976e2014b533550adbe661d 
Number of updated asset objects reloaded before import = 0
Number of asset objects unloaded after import = 128
========================================================================
Received Import Request.
  Time of request: 2026-08-15T10:34:19.0352085Z
  Time since last request: 0.0000428 seconds.
  importAddress: GUID: 19fc3b3f2d198644784d4baaa461e6c6 - Path: Assets/_Project/Art/Environment/Cave/Models/FBX format/template-wall-stairs.fbx - Importer: PreviewImporter
Importing 'GUID: 19fc3b3f2d198644784d4baaa461e6c6 - Path: Assets/_Project/Art/Environment/Cave/Models/FBX format/template-wall-stairs.fbx - Importer: PreviewImporter' with importer (PreviewImporter)
Imported 'GUID: 19fc3b3f2d198644784d4baaa461e6c6' -> (Import Result ID: 'a418852b70c1075e7d5c54621b0706cb') in 0.103 seconds [static and dynamic dependencies]. Details - ImportResultOutputID=b71f69f6689e71e7459c38399e8ec203 DependenciesID=b927ba97cd34864bb6731bd1f7917df1 StaticDependenciesID=51a0d2c7d9978548aaab0daf53a5aa61 
Number of updated asset objects reloaded before import = 0
Number of asset objects unloaded after import = 128
========================================================================
Received Import Request.
  Time of request: 2026-08-15T10:34:19.1631222Z
  Time since last request: 0.000058 seconds.
  importAddress: GUID: 4543750aba687e04dac09677d62c86da - Path: Assets/_Project/Art/Environment/Cave/Models/FBX format/corridor-wide-end.fbx - Importer: PreviewImporter
Importing 'GUID: 4543750aba687e04dac09677d62c86da - Path: Assets/_Project/Art/Environment/Cave/Models/FBX format/corridor-wide-end.fbx - Importer: PreviewImporter' with importer (PreviewImporter)
Imported 'GUID: 4543750aba687e04dac09677d62c86da' -> (Import Result ID: '0b20e45fc16dfb0b339131fb54f91a92') in 0.104 seconds [static and dynamic dependencies]. Details - ImportResultOutputID=dfa14bbc7e82e1df71ff483a5a22f708 DependenciesID=981734e2ec6d36899af54f213c4b64dd StaticDependenciesID=86c578d9a9d332c12b88f60b973a74fd 
Number of updated asset objects reloaded before import = 0
Number of asset objects unloaded after import = 128
========================================================================
Received Import Request.
  Time of request: 2026-08-15T10:34:19.2943902Z
  Time since last request: 0.0000563 seconds.
  importAddress: GUID: 74b485b8b32f4a44a9d24460b2b0f296 - Path: Assets/_Project/Art/Environment/Cave/Models/FBX format/template-floor-layer-raised.fbx - Importer: PreviewImporter
Importing 'GUID: 74b485b8b32f4a44a9d24460b2b0f296 - Path: Assets/_Project/Art/Environment/Cave/Models/FBX format/template-floor-layer-raised.fbx - Importer: PreviewImporter' with importer (PreviewImporter)
Imported 'GUID: 74b485b8b32f4a44a9d24460b2b0f296' -> (Import Result ID: 'dfb0d1caa8aa93f31137389ec8ffc767') in 0.099 seconds [static and dynamic dependencies]. Details - ImportResultOutputID=00a3728438274241252165ffd0a3737f DependenciesID=af5bc7ca426c12bf90b1b0f0c17e47e6 StaticDependenciesID=90e2f102f448040e5aadbfb21408f3e1 
Number of updated asset objects reloaded before import = 0
Number of asset objects unloaded after import = 128
========================================================================
Received Import Request.
  Time of request: 2026-08-15T10:34:19.4220821Z
  Time since last request: 0.0000419 seconds.
  importAddress: GUID: 2efc7c6a3cf21c643b53f432822e68de - Path: Assets/_Project/Art/Environment/Cave/Models/FBX format/room-large-variation.fbx - Importer: PreviewImporter
Importing 'GUID: 2efc7c6a3cf21c643b53f432822e68de - Path: Assets/_Project/Art/Environment/Cave/Models/FBX format/room-large-variation.fbx - Importer: PreviewImporter' with importer (PreviewImporter)
Imported 'GUID: 2efc7c6a3cf21c643b53f432822e68de' -> (Import Result ID: '8736e1143664d4716387804cb70e5204') in 0.102 seconds [static and dynamic dependencies]. Details - ImportResultOutputID=24227565295d6798ff892f3010208b27 DependenciesID=f0085f1739d7827117427ba2c36c1fa6 StaticDependenciesID=017510efe430ca5bedf7670547229925 
Number of updated asset objects reloaded before import = 0
Number of asset objects unloaded after import = 128
========================================================================
Received Import Request.
  Time of request: 2026-08-15T10:34:19.5522809Z
  Time since last request: 0.0000568 seconds.
  importAddress: GUID: f0a72562a35bf4b4b9a907e1f46b2bc3 - Path: Assets/_Project/Art/Environment/Cave/Models/FBX format/template-wall-corner.fbx - Importer: PreviewImporter
Importing 'GUID: f0a72562a35bf4b4b9a907e1f46b2bc3 - Path: Assets/_Project/Art/Environment/Cave/Models/FBX format/template-wall-corner.fbx - Importer: PreviewImporter' with importer (PreviewImporter)
Imported 'GUID: f0a72562a35bf4b4b9a907e1f46b2bc3' -> (Import Result ID: 'bc5384d7d0ec529fa0d28d0463111330') in 0.102 seconds [static and dynamic dependencies]. Details - ImportResultOutputID=f31ec757a6d776069cf4caacf99007c0 DependenciesID=5b5c8eb26c37cbc9757d89d8cef7dd3f StaticDependenciesID=940eeb990c327081f95495a80c2b8bd1 
Number of updated asset objects reloaded before import = 0
Number of asset objects unloaded after import = 128
========================================================================
Received Import Request.
  Time of request: 2026-08-15T10:34:19.684403Z
  Time since last request: 0.0000679 seconds.
  importAddress: GUID: 28c37fe317dd5b64db81e0745485b8b1 - Path: Assets/_Project/Art/Environment/Dungeon/Models/OBJ format/room-small-variation.obj - Importer: PreviewImporter
Importing 'GUID: 28c37fe317dd5b64db81e0745485b8b1 - Path: Assets/_Project/Art/Environment/Dungeon/Models/OBJ format/room-small-variation.obj - Importer: PreviewImporter' with importer (PreviewImporter)
Imported 'GUID: 28c37fe317dd5b64db81e0745485b8b1' -> (Import Result ID: 'f31796fb6bff609b02b399621ed17393') in 0.105 seconds [static and dynamic dependencies]. Details - ImportResultOutputID=f4c922417d597e87f06f1d20346a3935 DependenciesID=7c80cc1f8d1e972043afabd8f79fdf94 StaticDependenciesID=5e7fc361dd617198814aef0084b63ffc 
Number of updated asset objects reloaded before import = 0
Number of asset objects unloaded after import = 130
========================================================================
Received Import Request.
  Time of request: 2026-08-15T10:34:19.8157232Z
  Time since last request: 0.0000405 seconds.
  importAddress: GUID: 43bac0c5cbc31c04e99a3711eb8e4b52 - Path: Assets/_Project/Art/Environment/Cave/Models/FBX format/template-floor-detail-a.fbx - Importer: PreviewImporter
Importing 'GUID: 43bac0c5cbc31c04e99a3711eb8e4b52 - Path: Assets/_Project/Art/Environment/Cave/Models/FBX format/template-floor-detail-a.fbx - Importer: PreviewImporter' with importer (PreviewImporter)
Imported 'GUID: 43bac0c5cbc31c04e99a3711eb8e4b52' -> (Import Result ID: '70d2cf80ababce1f33884b961c1bab86') in 0.099 seconds [static and dynamic dependencies]. Details - ImportResultOutputID=0672050af88af74b991b45e180899af1 DependenciesID=924d88736b4c143f07eedbfa88382a0d StaticDependenciesID=e98b6ba0f65557185c0c6db17ee41f43 
Number of updated asset objects reloaded before import = 0
Number of asset objects unloaded after import = 128
========================================================================
Received Import Request.
  Time of request: 2026-08-15T10:34:19.9474644Z
  Time since last request: 0.000056 seconds.
  importAddress: GUID: 6c15521087465d4479bbfab1a3900f41 - Path: Assets/_Project/Art/Environment/Cave/Models/FBX format/Textures/colormap.png - Importer: PreviewImporter
Importing 'GUID: 6c15521087465d4479bbfab1a3900f41 - Path: Assets/_Project/Art/Environment/Cave/Models/FBX format/Textures/colormap.png - Importer: PreviewImporter' with importer (PreviewImporter)
Imported 'GUID: 6c15521087465d4479bbfab1a3900f41' -> (Import Result ID: 'b92e8be5a34d6b17f78b65d3fc5f3b21') in 0.011 seconds [static and dynamic dependencies]. Details - ImportResultOutputID=6028d4155946409dc4f5a8c34f2ae63a DependenciesID=f67ed93ea2615e4d5ca7a805a35ef518 StaticDependenciesID=20518f93906913bb7aaa48c5d45a0c21 
Number of updated asset objects reloaded before import = 0
Number of asset objects unloaded after import = 2
========================================================================
Received Import Request.
  Time of request: 2026-08-15T10:34:19.9799477Z
  Time since last request: 0.0007004 seconds.
  importAddress: GUID: 437bc681be5411c429f549032d359fec - Path: Assets/URPDefaultResources/Ultra.asset - Importer: ScriptedImporter/UnityEditor.QuickSearchModule:UnityEditor.Search:ASIAI0B
Importing 'GUID: 437bc681be5411c429f549032d359fec - Path: Assets/URPDefaultResources/Ultra.asset - Importer: ScriptedImporter/UnityEditor.QuickSearchModule:UnityEditor.Search:ASIAI0B' with importer (ScriptedImporter : UnityEditor.QuickSearchModule:UnityEditor.Search:ASIAI0B)
Imported 'GUID: 437bc681be5411c429f549032d359fec' -> (Import Result ID: '9ff13af96ff0220c0fec9fbc174ab9d5') in 0.097 seconds [static and dynamic dependencies]. Details - ImportResultOutputID=c82895be045862a6ae28a1a795f99a39 DependenciesID=def2ca703f87e1114c4db64b9a618cb1 StaticDependenciesID=df7d379f529332aa29bc46e6644913ff 
Number of updated asset objects reloaded before import = 0
Number of asset objects unloaded after import = 1
========================================================================
Received Import Request.
  Time of request: 2026-08-15T10:34:20.0991958Z
  Time since last request: 0.000646 seconds.
  importAddress: GUID: ec699afc85852294dad5705aafb9a0c1 - Path: Assets/_Project/Art/Environment/Cave/Models/OBJ format/stairs-wide.obj - Importer: PreviewImporter
Importing 'GUID: ec699afc85852294dad5705aafb9a0c1 - Path: Assets/_Project/Art/Environment/Cave/Models/OBJ format/stairs-wide.obj - Importer: PreviewImporter' with importer (PreviewImporter)
Imported 'GUID: ec699afc85852294dad5705aafb9a0c1' -> (Import Result ID: 'b5bd784f1dc0c8c6497cae42af3a963a') in 0.116 seconds [static and dynamic dependencies]. Details - ImportResultOutputID=09b46ab4e6db6fbbb625a05496e639d5 DependenciesID=b14e8eaf0160e70dceb55ac25e529cd1 StaticDependenciesID=3d4f580cd609b8de4df7d65b2c28e5e9 
Number of updated asset objects reloaded before import = 0
Number of asset objects unloaded after import = 130
========================================================================
Received Import Request.
  Time of request: 2026-08-15T10:34:20.2432502Z
  Time since last request: 0.0000581 seconds.
  importAddress: GUID: b7198859e50d504418e0c362bb8d3c9e - Path: Assets/URPDefaultResources/Medium.asset - Importer: ScriptedImporter/UnityEditor.QuickSearchModule:UnityEditor.Search:ASIAI0B
Importing 'GUID: b7198859e50d504418e0c362bb8d3c9e - Path: Assets/URPDefaultResources/Medium.asset - Importer: ScriptedImporter/UnityEditor.QuickSearchModule:UnityEditor.Search:ASIAI0B' with importer (ScriptedImporter : UnityEditor.QuickSearchModule:UnityEditor.Search:ASIAI0B)
Imported 'GUID: b7198859e50d504418e0c362bb8d3c9e' -> (Import Result ID: '772f3057e2d81200460046f04d8b94f3') in 0.018 seconds [static and dynamic dependencies]. Details - ImportResultOutputID=78e1b77c7be408dbadd8ac588a254c00 DependenciesID=9411f8840b2d0d179d2a52786978edcd StaticDependenciesID=d8dea5f0765e319de767aedc4689bcfb 
Number of updated asset objects reloaded before import = 0
Number of asset objects unloaded after import = 1
========================================================================
Received Import Request.
  Time of request: 2026-08-15T10:34:20.2841952Z
  Time since last request: 0.0007367 seconds.
  importAddress: GUID: dc0e283fb4dea0a43b54fc0fef0d5a30 - Path: Assets/_Project/Art/Environment/Cave/Models/OBJ format/template-floor.obj - Importer: PreviewImporter
Importing 'GUID: dc0e283fb4dea0a43b54fc0fef0d5a30 - Path: Assets/_Project/Art/Environment/Cave/Models/OBJ format/template-floor.obj - Importer: PreviewImporter' with importer (PreviewImporter)
Imported 'GUID: dc0e283fb4dea0a43b54fc0fef0d5a30' -> (Import Result ID: '848f7e3cf60606298c7fd9c76a00a675') in 0.110 seconds [static and dynamic dependencies]. Details - ImportResultOutputID=931e11a25af55cea2cb9de41012ff969 DependenciesID=5725ae0536a4cdcb14a68adcfa597ebd StaticDependenciesID=82af3f00085ff7cf531deb251e1f920f 
Number of updated asset objects reloaded before import = 0
Number of asset objects unloaded after import = 130
========================================================================
Received Import Request.
  Time of request: 2026-08-15T10:34:20.418966Z
  Time since last request: 0.0000565 seconds.
  importAddress: GUID: 6f5a60cf536640946aa6cbb05ee460d3 - Path: Assets/_Project/Art/Environment/Cave/Models/FBX format/ladder.fbx - Importer: PreviewImporter
Importing 'GUID: 6f5a60cf536640946aa6cbb05ee460d3 - Path: Assets/_Project/Art/Environment/Cave/Models/FBX format/ladder.fbx - Importer: PreviewImporter' with importer (PreviewImporter)
Imported 'GUID: 6f5a60cf536640946aa6cbb05ee460d3' -> (Import Result ID: '4149476b9ae9096b379620bff1d51530') in 0.102 seconds [static and dynamic dependencies]. Details - ImportResultOutputID=eea1324cd44db29f621c964b98db8d26 DependenciesID=4fd2a7576ef1b0a0f1c881dbefe7639e StaticDependenciesID=58cc93176d73c3e658967d6ddf973af1 
Number of updated asset objects reloaded before import = 0
Number of asset objects unloaded after import = 128
========================================================================
Received Import Request.
  Time of request: 2026-08-15T10:34:20.5436844Z
  Time since last request: 0.000048 seconds.
  importAddress: GUID: 0153c79f5c074bf4a9e9e07fb1a30f6b - Path: Assets/_Project/Art/Environment/Cave/Models/FBX format/template-wall-detail-a.fbx - Importer: PreviewImporter
Importing 'GUID: 0153c79f5c074bf4a9e9e07fb1a30f6b - Path: Assets/_Project/Art/Environment/Cave/Models/FBX format/template-wall-detail-a.fbx - Importer: PreviewImporter' with importer (PreviewImporter)
Imported 'GUID: 0153c79f5c074bf4a9e9e07fb1a30f6b' -> (Import Result ID: 'e978ed6f20b0eb861b3b2bdd519e02b1') in 0.104 seconds [static and dynamic dependencies]. Details - ImportResultOutputID=3ba3f59b0934da40057b7be5b46cc093 DependenciesID=4c8678e4cf35c433fcbee3c728e30822 StaticDependenciesID=ee8710de32ae3cc3f6620af61aed6844 
Number of updated asset objects reloaded before import = 0
Number of asset objects unloaded after import = 128
========================================================================
Received Import Request.
  Time of request: 2026-08-15T10:34:20.6752852Z
  Time since last request: 0.0000665 seconds.
  importAddress: GUID: cf3aa5d5b686fa546a5950606d244acb - Path: Assets/_Project/Art/Environment/Cave/Models/FBX format/corridor-transition.fbx - Importer: PreviewImporter
Importing 'GUID: cf3aa5d5b686fa546a5950606d244acb - Path: Assets/_Project/Art/Environment/Cave/Models/FBX format/corridor-transition.fbx - Importer: PreviewImporter' with importer (PreviewImporter)
Imported 'GUID: cf3aa5d5b686fa546a5950606d244acb' -> (Import Result ID: '07521630f1222de16f90c609903c152d') in 0.113 seconds [static and dynamic dependencies]. Details - ImportResultOutputID=026b4cbdb64a24bc52d12731325b8c5d DependenciesID=e2dd33bbe81e8f55693f7e41627c218e StaticDependenciesID=c9541773ddf3608af204fa119bfbdad0 
Number of updated asset objects reloaded before import = 0
Number of asset objects unloaded after import = 128
========================================================================
Received Import Request.
  Time of request: 2026-08-15T10:34:20.8148401Z
  Time since last request: 0.0000534 seconds.
  importAddress: GUID: ddff12f5699532b4faa59a79c8314108 - Path: Assets/_Project/Art/Environment/Cave/Models/FBX format/gate.fbx - Importer: PreviewImporter
Importing 'GUID: ddff12f5699532b4faa59a79c8314108 - Path: Assets/_Project/Art/Environment/Cave/Models/FBX format/gate.fbx - Importer: PreviewImporter' with importer (PreviewImporter)
Imported 'GUID: ddff12f5699532b4faa59a79c8314108' -> (Import Result ID: '368adc39f65bf6422376fa050aa77770') in 0.102 seconds [static and dynamic dependencies]. Details - ImportResultOutputID=7a3e636828dc7a280f4eb77059b79396 DependenciesID=8fc2868e45244581076f78bc7b51d027 StaticDependenciesID=c73516ba5dc3c063454a1e1fb2c332b3 
Number of updated asset objects reloaded before import = 0
Number of asset objects unloaded after import = 128
========================================================================
Received Import Request.
  Time of request: 2026-08-15T10:34:20.9432094Z
  Time since last request: 0.000043 seconds.
  importAddress: GUID: 87fc6783ddfc9684e9d1325fa37847c9 - Path: Assets/_Project/Art/Environment/Cave/Models/FBX format/template-wall-half.fbx - Importer: PreviewImporter
Importing 'GUID: 87fc6783ddfc9684e9d1325fa37847c9 - Path: Assets/_Project/Art/Environment/Cave/Models/FBX format/template-wall-half.fbx - Importer: PreviewImporter' with importer (PreviewImporter)
Imported 'GUID: 87fc6783ddfc9684e9d1325fa37847c9' -> (Import Result ID: '86a85b3e210ab08ef425842d0c08db3f') in 0.104 seconds [static and dynamic dependencies]. Details - ImportResultOutputID=4badfe34fa33ac608e62024b6d2b2858 DependenciesID=6666cbf6890dd2b081f280dda8ffb2a9 StaticDependenciesID=320060b19021648c2f15feb7a75e14d8 
Number of updated asset objects reloaded before import = 0
Number of asset objects unloaded after import = 128
========================================================================
Received Import Request.
  Time of request: 2026-08-15T10:34:21.0754841Z
  Time since last request: 0.0000532 seconds.
  importAddress: GUID: 4ba5ea41815498040bcad06df8123a85 - Path: Assets/_Project/Art/Environment/Cave/Models/FBX format/corridor-wide.fbx - Importer: PreviewImporter
Importing 'GUID: 4ba5ea41815498040bcad06df8123a85 - Path: Assets/_Project/Art/Environment/Cave/Models/FBX format/corridor-wide.fbx - Importer: PreviewImporter' with importer (PreviewImporter)
Imported 'GUID: 4ba5ea41815498040bcad06df8123a85' -> (Import Result ID: '32ba0910143bb55af175f5e82b3b6793') in 0.103 seconds [static and dynamic dependencies]. Details - ImportResultOutputID=650435a2683e94c2c64d4ab8a333f6d0 DependenciesID=69aea925e51dd21f9355f5c1a8a534e6 StaticDependenciesID=4647bdbb031901a2718ceda22621f8e6 
Number of updated asset objects reloaded before import = 0
Number of asset objects unloaded after import = 128
========================================================================
Received Import Request.
  Time of request: 2026-08-15T10:34:21.205891Z
  Time since last request: 0.0000472 seconds.
  importAddress: GUID: 7113612da90ee9940bd6a2f47ff83dfe - Path: Assets/_Project/Art/Environment/Cave/Models/FBX format/template-floor-detail.fbx - Importer: PreviewImporter
Importing 'GUID: 7113612da90ee9940bd6a2f47ff83dfe - Path: Assets/_Project/Art/Environment/Cave/Models/FBX format/template-floor-detail.fbx - Importer: PreviewImporter' with importer (PreviewImporter)
Imported 'GUID: 7113612da90ee9940bd6a2f47ff83dfe' -> (Import Result ID: 'd95b6bcc12cc1ddf633acfec9f9aa3c3') in 0.097 seconds [static and dynamic dependencies]. Details - ImportResultOutputID=c2f3d109d0cc6b015422f8621cd638e4 DependenciesID=a342da4c26f974dc219bb9a0a207ad96 StaticDependenciesID=40d92a7475a307125ccc0f8738a51562 
Number of updated asset objects reloaded before import = 0
Number of asset objects unloaded after import = 128
========================================================================
Received Import Request.
  Time of request: 2026-08-15T10:34:21.3295559Z
  Time since last request: 0.0000548 seconds.
  importAddress: GUID: d005b0f4eae5a7043951856cdad6390f - Path: Assets/_Project/Art/Environment/Cave/Models/FBX format/corridor-junction.fbx - Importer: PreviewImporter
Importing 'GUID: d005b0f4eae5a7043951856cdad6390f - Path: Assets/_Project/Art/Environment/Cave/Models/FBX format/corridor-junction.fbx - Importer: PreviewImporter' with importer (PreviewImporter)
Imported 'GUID: d005b0f4eae5a7043951856cdad6390f' -> (Import Result ID: '706db6ff4ca5ea6615847dc98d8429b7') in 0.095 seconds [static and dynamic dependencies]. Details - ImportResultOutputID=1154911630cf3f6e988c33b40d60d618 DependenciesID=da2227f5c7ab991d6e1f366f914b70e7 StaticDependenciesID=d2d1bf2dec931923ba4000f335ac0500 
Number of updated asset objects reloaded before import = 0
Number of asset objects unloaded after import = 128
========================================================================
Received Import Request.
  Time of request: 2026-08-15T10:34:21.453472Z
  Time since last request: 0.0000646 seconds.
  importAddress: GUID: 44b9fa266c00bce4399fb1dde4716d2f - Path: Assets/URPDefaultResources/Very Low.asset - Importer: ScriptedImporter/UnityEditor.QuickSearchModule:UnityEditor.Search:ASIAI0B
Importing 'GUID: 44b9fa266c00bce4399fb1dde4716d2f - Path: Assets/URPDefaultResources/Very Low.asset - Importer: ScriptedImporter/UnityEditor.QuickSearchModule:UnityEditor.Search:ASIAI0B' with importer (ScriptedImporter : UnityEditor.QuickSearchModule:UnityEditor.Search:ASIAI0B)
Imported 'GUID: 44b9fa266c00bce4399fb1dde4716d2f' -> (Import Result ID: '03ddb999b74c46625418d8ff4fe2a532') in 0.017 seconds [static and dynamic dependencies]. Details - ImportResultOutputID=165c9c504b73e38d9ae0e6ddea174516 DependenciesID=1a77095b23d149593037f81d667086db StaticDependenciesID=bee08edd15f4abc087bc027dbd3fd7c3 
Number of updated asset objects reloaded before import = 0
Number of asset objects unloaded after import = 1
========================================================================
Received Import Request.
  Time of request: 2026-08-15T10:34:21.4934808Z
  Time since last request: 0.0005513 seconds.
  importAddress: GUID: 536bb32c83a0d7149851cd31e59a5eec - Path: Assets/_Project/Art/Environment/Cave/Models/FBX format/gate-metal-bars.fbx - Importer: PreviewImporter
Importing 'GUID: 536bb32c83a0d7149851cd31e59a5eec - Path: Assets/_Project/Art/Environment/Cave/Models/FBX format/gate-metal-bars.fbx - Importer: PreviewImporter' with importer (PreviewImporter)
Imported 'GUID: 536bb32c83a0d7149851cd31e59a5eec' -> (Import Result ID: 'bd91afac6fd0126a899cf7ba7dcdbb6d') in 0.110 seconds [static and dynamic dependencies]. Details - ImportResultOutputID=59e95fca695b0f550e83d5356d7eccc5 DependenciesID=575034abf06c4771b22352f836de6776 StaticDependenciesID=6545618d273ea5155b476d21cc189933 
Number of updated asset objects reloaded before import = 0
Number of asset objects unloaded after import = 133
========================================================================
Received Import Request.
  Time of request: 2026-08-15T10:34:21.6319823Z
  Time since last request: 0.0000437 seconds.
  importAddress: GUID: abbfc8c1fce64e04d9a8c98b5052396f - Path: Assets/URPDefaultResources/High.asset - Importer: ScriptedImporter/UnityEditor.QuickSearchModule:UnityEditor.Search:ASIAI0B
Importing 'GUID: abbfc8c1fce64e04d9a8c98b5052396f - Path: Assets/URPDefaultResources/High.asset - Importer: ScriptedImporter/UnityEditor.QuickSearchModule:UnityEditor.Search:ASIAI0B' with importer (ScriptedImporter : UnityEditor.QuickSearchModule:UnityEditor.Search:ASIAI0B)
Imported 'GUID: abbfc8c1fce64e04d9a8c98b5052396f' -> (Import Result ID: '075549a14cd03a3210ac33f94d38765f') in 0.017 seconds [static and dynamic dependencies]. Details - ImportResultOutputID=6ad510c11d0df74802245ceb2b483d71 DependenciesID=3ed27dcb19ed9c4359f628f6a4530025 StaticDependenciesID=02dbd3252ab1185c644a526f9d201b26 
Number of updated asset objects reloaded before import = 0
Number of asset objects unloaded after import = 1
========================================================================
Received Import Request.
  Time of request: 2026-08-15T10:34:21.6718712Z
  Time since last request: 0.0007109 seconds.
  importAddress: GUID: 65f9d92670115fb49af0cce2d9005680 - Path: Assets/_Project/Art/Environment/Cave/Models/OBJ format/template-floor-layer.obj - Importer: PreviewImporter
Importing 'GUID: 65f9d92670115fb49af0cce2d9005680 - Path: Assets/_Project/Art/Environment/Cave/Models/OBJ format/template-floor-layer.obj - Importer: PreviewImporter' with importer (PreviewImporter)
Imported 'GUID: 65f9d92670115fb49af0cce2d9005680' -> (Import Result ID: '4c5b50034895bc9e6bca106b80855b0d') in 0.116 seconds [static and dynamic dependencies]. Details - ImportResultOutputID=df67fe8d935c62f34f7295062685f004 DependenciesID=029be397a43eaaf22e0750d6696f81c6 StaticDependenciesID=94fecc9a37e54b18ad54835ea2473177 
Number of updated asset objects reloaded before import = 0
Number of asset objects unloaded after import = 130
========================================================================
Received Import Request.
  Time of request: 2026-08-15T10:34:21.8175142Z
  Time since last request: 0.0000758 seconds.
  importAddress: GUID: ca3644ead5798564bbefb7704cee8b53 - Path: Assets/_Project/Art/Environment/Cave/Models/FBX format/room-small.fbx - Importer: PreviewImporter
Importing 'GUID: ca3644ead5798564bbefb7704cee8b53 - Path: Assets/_Project/Art/Environment/Cave/Models/FBX format/room-small.fbx - Importer: PreviewImporter' with importer (PreviewImporter)
Imported 'GUID: ca3644ead5798564bbefb7704cee8b53' -> (Import Result ID: '93b072577f5217103e2145fab4218a7c') in 0.098 seconds [static and dynamic dependencies]. Details - ImportResultOutputID=82e96565fbc9b5b71e4e547f5d531210 DependenciesID=5d7ba4980cb871cdf3071bcfd92d070b StaticDependenciesID=dfa1239dd50e196d150cef3de8f4a055 
Number of updated asset objects reloaded before import = 0
Number of asset objects unloaded after import = 128
========================================================================
Received Import Request.
  Time of request: 2026-08-15T10:34:21.9422526Z
  Time since last request: 0.0000523 seconds.
  importAddress: GUID: 0a241a2160fb9e540b5a33f9e2157127 - Path: Assets/_Project/Art/Environment/Cave/Models/OBJ format/template-wall.obj - Importer: PreviewImporter
Importing 'GUID: 0a241a2160fb9e540b5a33f9e2157127 - Path: Assets/_Project/Art/Environment/Cave/Models/OBJ format/template-wall.obj - Importer: PreviewImporter' with importer (PreviewImporter)
Imported 'GUID: 0a241a2160fb9e540b5a33f9e2157127' -> (Import Result ID: '8adf3743b2f7fd7fc2c78d18e51fd4d2') in 0.107 seconds [static and dynamic dependencies]. Details - ImportResultOutputID=5fb2d2695866e589d9251080929df9d1 DependenciesID=307fa8f9ea595cf2ced2943ea1949e03 StaticDependenciesID=2f277528603570d2844548bf0bd36209 
Number of updated asset objects reloaded before import = 0
Number of asset objects unloaded after import = 130
========================================================================
Received Prepare
AcceleratorClientConnectionCallback - disconnected - :0
[Licensing::Client] Successfully resolved entitlement details
[Licensing::Client] Successfully resolved entitlement details
Begin MonoManager ReloadAssembly
Refreshing native plugins compatible for Editor in 4.99 ms, found 5 plugins.
Native extension for Android target not found
Native extension for WindowsStandalone target not found
Native extension for WebGL target not found
[Package Manager] Failed to launch server process. Reason: Unity was launched with the -noUpm command-line argument
[Package Manager] Unable to send message (not connected to server process).
[Package Manager] Cannot connect to Unity Package Manager local server
[Package Manager] Failed to launch server process. Reason: Unity was launched with the -noUpm command-line argument
[Package Manager] Unable to send message (not connected to server process).
[Package Manager] Cannot connect to Unity Package Manager local server
ScheduleIndexationOnStartup MainProcess:False IndexOnStartup:True
Mono: successfully reloaded assembly
- Finished resetting the current domain, in  1.564 seconds
Domain Reload Profiling: 3168ms
	BeginReloadAssembly (497ms)
		DisableScriptedObjects (62ms)
		CreateAndSetChildDomain (126ms)
	RebuildCommonClasses (15ms)
	RebuildNativeTypeToScriptingClass (35ms)
	initialDomainReloadingComplete (163ms)
	LoadAllAssembliesAndSetupDomain (892ms)
		LoadAssemblies (826ms)
		AnalyzeDomain (32ms)
			TypeCache.Refresh (12ms)
			ResolveRequiredComponents (11ms)
	FinalizeReload (1566ms)
		SetupLoadedEditorAssemblies (0ms)
			InitializePlatformSupportModulesInManaged (14ms)
			BeforeProcessingInitializeOnLoad (148ms)
			ProcessInitializeOnLoadAttributes (477ms)
			ProcessInitializeOnLoadMethodAttributes (520ms)
			AfterProcessingInitializeOnLoad (18ms)
		AwakeInstancesAfterBackupRestoration (35ms)
Refreshing native plugins compatible for Editor in 5.61 ms, found 5 plugins.
Unloading 34 Unused Serialized files (Serialized files now loaded: 0)
Unloading 7864 unused Assets / (8.3 MB). Loaded Objects now: 8856.
Memory consumption went from 367.7 MB to 359.4 MB.
Total: 20.239900 ms (FindLiveObjects: 1.194000 ms CreateObjectMapping: 4.224200 ms MarkObjects: 8.806300 ms  DeleteObjects: 6.014000 ms)

Prepare: number of updated asset objects reloaded= 0
EnvironmentDependencyValues requested are different than current active one (requested -> active):
  graphicsApiMask: 2099200 -> 2361344
========================================================================
Received Import Request.
  Time of request: 2026-08-15T10:34:35.717027Z
  Time since last request: 13.6425426 seconds.
  importAddress: GUID: e175aa03ce8639c41b7f550ca28c8ae3 - Path: Assets/_Project/Art/Environment/Cave/Models/OBJ format/template-wall-corner.obj - Importer: PreviewImporter
Importing 'GUID: e175aa03ce8639c41b7f550ca28c8ae3 - Path: Assets/_Project/Art/Environment/Cave/Models/OBJ format/template-wall-corner.obj - Importer: PreviewImporter' with importer (PreviewImporter)
Imported 'GUID: e175aa03ce8639c41b7f550ca28c8ae3' -> (Import Result ID: '4382a97d51a92ae77578e5431c510588') in 0.579 seconds [static and dynamic dependencies]. Details - ImportResultOutputID=c4dc73ac0092f11c59a19ea7702b214f DependenciesID=8ec0f8145c4bb67f2d8fcd6bc13b5ed7 StaticDependenciesID=6a28466c81307c845c7e2ca323dbc1e0 
Number of updated asset objects reloaded before import = 0
Number of asset objects unloaded after import = 12
========================================================================
Received Import Request.
  Time of request: 2026-08-15T10:34:36.3249342Z
  Time since last request: 0.0003594 seconds.
  importAddress: GUID: 7ee8ff821af297143a1bc939a8fded53 - Path: Assets/_Project/Art/Environment/Cave/Models/FBX format/room-small-variation.fbx - Importer: PreviewImporter
Importing 'GUID: 7ee8ff821af297143a1bc939a8fded53 - Path: Assets/_Project/Art/Environment/Cave/Models/FBX format/room-small-variation.fbx - Importer: PreviewImporter' with importer (PreviewImporter)
Imported 'GUID: 7ee8ff821af297143a1bc939a8fded53' -> (Import Result ID: '1d88ecc693d8e683b6a436b33d4a3888') in 0.032 seconds [static and dynamic dependencies]. Details - ImportResultOutputID=542898e34edaa83ffa0c17b4f8742fa5 DependenciesID=315e60b424386bc08009c58b7d2bc33c StaticDependenciesID=487dbc0f2e59cf4e6ae943d62a559af3 
Number of updated asset objects reloaded before import = 0
Number of asset objects unloaded after import = 10
========================================================================
Received Import Request.
  Time of request: 2026-08-15T10:34:36.38471Z
  Time since last request: 0.0003677 seconds.
  importAddress: GUID: de235624ff9de4248b64c80d58b6045d - Path: Assets/_Project/Art/Environment/Cave/Models/FBX format/corridor-wide-intersection 1.fbx - Importer: PreviewImporter
Importing 'GUID: de235624ff9de4248b64c80d58b6045d - Path: Assets/_Project/Art/Environment/Cave/Models/FBX format/corridor-wide-intersection 1.fbx - Importer: PreviewImporter' with importer (PreviewImporter)
Imported 'GUID: de235624ff9de4248b64c80d58b6045d' -> (Import Result ID: '3699aaeb109101f4c123cbd3eca309a5') in 0.028 seconds [static and dynamic dependencies]. Details - ImportResultOutputID=5df5cd82518ff2629c138e451e4011af DependenciesID=47479938b07f67233af3a9dff0acfdea StaticDependenciesID=99e6302363fb40b5e0af381763695ec9 
Number of updated asset objects reloaded before import = 0
Number of asset objects unloaded after import = 10
========================================================================
Received Import Request.
  Time of request: 2026-08-15T10:34:36.4428833Z
  Time since last request: 0.0004587 seconds.
  importAddress: GUID: 19b95baa0600c9d49807207221503b55 - Path: Assets/_Project/Art/Environment/Cave/Models/OBJ format/template-floor-big.obj - Importer: PreviewImporter
Importing 'GUID: 19b95baa0600c9d49807207221503b55 - Path: Assets/_Project/Art/Environment/Cave/Models/OBJ format/template-floor-big.obj - Importer: PreviewImporter' with importer (PreviewImporter)
Imported 'GUID: 19b95baa0600c9d49807207221503b55' -> (Import Result ID: '6c5f6e708a0f586d955c3cf832f0aba3') in 0.036 seconds [static and dynamic dependencies]. Details - ImportResultOutputID=9540f67d43de8a97cdc0696b95dccb22 DependenciesID=e5c4b5d231b2da2c5e870e33d744f3a5 StaticDependenciesID=1d19f42213d8a0abc38f38566e991d0c 
Number of updated asset objects reloaded before import = 0
Number of asset objects unloaded after import = 12
========================================================================
Received Import Request.
  Time of request: 2026-08-15T10:34:36.5075129Z
  Time since last request: 0.0020093 seconds.
  importAddress: GUID: 4e5073726f732604a9aaa3eec30c341b - Path: Assets/_Project/Art/Environment/Cave/Models/OBJ format/template-floor-layer-raised.obj - Importer: PreviewImporter
Importing 'GUID: 4e5073726f732604a9aaa3eec30c341b - Path: Assets/_Project/Art/Environment/Cave/Models/OBJ format/template-floor-layer-raised.obj - Importer: PreviewImporter' with importer (PreviewImporter)
Imported 'GUID: 4e5073726f732604a9aaa3eec30c341b' -> (Import Result ID: '50a7ae46d269ad4bc1b958d02f422af7') in 0.038 seconds [static and dynamic dependencies]. Details - ImportResultOutputID=9461d3634fa566ded96012ca63c9a147 DependenciesID=e5483e7c16d17a729607afdd56346eef StaticDependenciesID=ecf2ce4d76397b1ae10d12d02ac67fa7 
Number of updated asset objects reloaded before import = 0
Number of asset objects unloaded after import = 12
========================================================================
Received Import Request.
  Time of request: 2026-08-15T10:34:36.5737396Z
  Time since last request: 0.001333 seconds.
  importAddress: GUID: 6dedff86b5f92e14897242eabd2ce789 - Path: Assets/_Project/Art/Environment/Cave/Models/FBX format/corridor-intersection.fbx - Importer: PreviewImporter
Importing 'GUID: 6dedff86b5f92e14897242eabd2ce789 - Path: Assets/_Project/Art/Environment/Cave/Models/FBX format/corridor-intersection.fbx - Importer: PreviewImporter' with importer (PreviewImporter)
Imported 'GUID: 6dedff86b5f92e14897242eabd2ce789' -> (Import Result ID: 'b7306b517fe3fcb151a14529295e0ae2') in 0.029 seconds [static and dynamic dependencies]. Details - ImportResultOutputID=5194d24696d83fd6a9148f9b988bf6dc DependenciesID=0a90d68a91a3b8bbd71428eff3d7104a StaticDependenciesID=c2d2bf51bb47d06781946740f09bad7d 
Number of updated asset objects reloaded before import = 0
Number of asset objects unloaded after import = 10
========================================================================
Received Import Request.
  Time of request: 2026-08-15T10:38:27.8988711Z
  Time since last request: 231.26646500000001 seconds.
  importAddress: GUID: 742769d45ce66a44fb0af06174ece1b0 - Path: Assets/_Project/Art/Environment/Cave/Models/OBJ format/corridor-corner.obj - Importer: PreviewImporter
Importing 'GUID: 742769d45ce66a44fb0af06174ece1b0 - Path: Assets/_Project/Art/Environment/Cave/Models/OBJ format/corridor-corner.obj - Importer: PreviewImporter' with importer (PreviewImporter)
Imported 'GUID: 742769d45ce66a44fb0af06174ece1b0' -> (Import Result ID: '1c3fbd87797a21f988b733deb98dd3f7') in 0.056 seconds [static and dynamic dependencies]. Details - ImportResultOutputID=4aa23744f481b94693a41580047e39e4 DependenciesID=440b575a0c36f1b7aa93909ca640f2c5 StaticDependenciesID=ff47a0b1350a18d40818c044645221bf 
Number of updated asset objects reloaded before import = 0
Number of asset objects unloaded after import = 12
========================================================================
Received Import Request.
  Time of request: 2026-08-15T10:38:27.9925186Z
  Time since last request: 0.0006779 seconds.
  importAddress: GUID: 7aa393ead83708b44a675eec75892009 - Path: Assets/_Project/Art/Environment/Cave/Models/OBJ format/corridor-wide-intersection.obj - Importer: PreviewImporter
Importing 'GUID: 7aa393ead83708b44a675eec75892009 - Path: Assets/_Project/Art/Environment/Cave/Models/OBJ format/corridor-wide-intersection.obj - Importer: PreviewImporter' with importer (PreviewImporter)
Imported 'GUID: 7aa393ead83708b44a675eec75892009' -> (Import Result ID: 'b0d15c8cf02d0b8ecb15d628a35cd168') in 0.050 seconds [static and dynamic dependencies]. Details - ImportResultOutputID=64c6b5ed859013810b5522b109e159e0 DependenciesID=b5c23af741ec3be791707d168887ac64 StaticDependenciesID=1a5d5459bfb0c66f418422e3cbdcecc2 
Number of updated asset objects reloaded before import = 0
Number of asset objects unloaded after import = 12
========================================================================
Received Import Request.
  Time of request: 2026-08-15T10:38:28.0706939Z
  Time since last request: 0.0002422 seconds.
  importAddress: GUID: 011a69bd8d4b5154db9ab586a47b3f9f - Path: Assets/_Project/Art/Environment/Cave/Models/OBJ format/corridor-end.obj - Importer: PreviewImporter
Importing 'GUID: 011a69bd8d4b5154db9ab586a47b3f9f - Path: Assets/_Project/Art/Environment/Cave/Models/OBJ format/corridor-end.obj - Importer: PreviewImporter' with importer (PreviewImporter)
Imported 'GUID: 011a69bd8d4b5154db9ab586a47b3f9f' -> (Import Result ID: 'bd447ca3c12d321db9901825b7301635') in 0.051 seconds [static and dynamic dependencies]. Details - ImportResultOutputID=616ba8588270fe40feced171c2c290b9 DependenciesID=ea91da38574039272a9b945df792997a StaticDependenciesID=106ddde5976af6f52abaae78297c3e15 
Number of updated asset objects reloaded before import = 0
Number of asset objects unloaded after import = 12
========================================================================
Received Import Request.
  Time of request: 2026-08-15T10:38:28.1517652Z
  Time since last request: 0.000787 seconds.
  importAddress: GUID: 6aaceed5a3e74d74cbb4d8035a48da30 - Path: Assets/_Project/Art/Environment/Cave/Models/OBJ format/corridor-transition.obj - Importer: PreviewImporter
Importing 'GUID: 6aaceed5a3e74d74cbb4d8035a48da30 - Path: Assets/_Project/Art/Environment/Cave/Models/OBJ format/corridor-transition.obj - Importer: PreviewImporter' with importer (PreviewImporter)
Imported 'GUID: 6aaceed5a3e74d74cbb4d8035a48da30' -> (Import Result ID: 'b5a8a69f1d913cac3c6a8719f1fba6f7') in 0.035 seconds [static and dynamic dependencies]. Details - ImportResultOutputID=7f89708968b67e2e19f1d101f495bd84 DependenciesID=1529ea777de268ab78256d35f9f46c98 StaticDependenciesID=0a3bdf53438d5881a43753cb3f9c4d15 
Number of updated asset objects reloaded before import = 0
Number of asset objects unloaded after import = 12
========================================================================
Received Import Request.
  Time of request: 2026-08-15T10:38:28.2197697Z
  Time since last request: 0.001693 seconds.
  importAddress: GUID: 7c2eb54d8c9ed134086fe051a2d3cc6a - Path: Assets/_Project/Art/Environment/Cave/Models/OBJ format/ladder.obj - Importer: PreviewImporter
Importing 'GUID: 7c2eb54d8c9ed134086fe051a2d3cc6a - Path: Assets/_Project/Art/Environment/Cave/Models/OBJ format/ladder.obj - Importer: PreviewImporter' with importer (PreviewImporter)
Imported 'GUID: 7c2eb54d8c9ed134086fe051a2d3cc6a' -> (Import Result ID: '378d94397d3dc3e47b384d9be51b22ed') in 0.035 seconds [static and dynamic dependencies]. Details - ImportResultOutputID=9842e338db91a4bd460ee305c4d6f648 DependenciesID=e0f52e86584600fe4986f5f77092fd0d StaticDependenciesID=432544a02102ca488bd3ff04acb64d88 
Number of updated asset objects reloaded before import = 0
Number of asset objects unloaded after import = 12
========================================================================
Received Import Request.
  Time of request: 2026-08-15T10:38:28.2844292Z
  Time since last request: 0.0006474 seconds.
  importAddress: GUID: 6594a5fc9f621b14c93cea247a9d69eb - Path: Assets/_Project/Art/Environment/Cave/Models/OBJ format/corridor-intersection.obj - Importer: PreviewImporter
Importing 'GUID: 6594a5fc9f621b14c93cea247a9d69eb - Path: Assets/_Project/Art/Environment/Cave/Models/OBJ format/corridor-intersection.obj - Importer: PreviewImporter' with importer (PreviewImporter)
Imported 'GUID: 6594a5fc9f621b14c93cea247a9d69eb' -> (Import Result ID: '6843c799bf56b7db010ac510d4a7ce26') in 0.035 seconds [static and dynamic dependencies]. Details - ImportResultOutputID=ba9c384bd3debf194c9f49d4efa0e549 DependenciesID=2b91005aac473654911e16d21681ef42 StaticDependenciesID=a476390273ffb45da706c1df48f9113e 
Number of updated asset objects reloaded before import = 0
Number of asset objects unloaded after import = 12
========================================================================
Received Import Request.
  Time of request: 2026-08-15T10:38:28.3471577Z
  Time since last request: 0.0007937 seconds.
  importAddress: GUID: 8857915771be06647aad03006df86e19 - Path: Assets/_Project/Art/Environment/Cave/Models/OBJ format/room-corner.obj - Importer: PreviewImporter
Importing 'GUID: 8857915771be06647aad03006df86e19 - Path: Assets/_Project/Art/Environment/Cave/Models/OBJ format/room-corner.obj - Importer: PreviewImporter' with importer (PreviewImporter)
Imported 'GUID: 8857915771be06647aad03006df86e19' -> (Import Result ID: '9bee06550c2bb5b205414151bef7f04d') in 0.036 seconds [static and dynamic dependencies]. Details - ImportResultOutputID=245063b972be7c62596372b047a850a5 DependenciesID=529c251a8e8aa5279803b0239ee24c59 StaticDependenciesID=92b8c7f2d30ea2f056014c5f4463e8f3 
Number of updated asset objects reloaded before import = 0
Number of asset objects unloaded after import = 12
========================================================================
Received Import Request.
  Time of request: 2026-08-15T10:38:28.4108307Z
  Time since last request: 0.0014107 seconds.
  importAddress: GUID: 865b6bb413c97d44192423ff9b22e5f8 - Path: Assets/_Project/Art/Environment/Cave/Models/OBJ format/room-large-variation.obj - Importer: PreviewImporter
Importing 'GUID: 865b6bb413c97d44192423ff9b22e5f8 - Path: Assets/_Project/Art/Environment/Cave/Models/OBJ format/room-large-variation.obj - Importer: PreviewImporter' with importer (PreviewImporter)
Imported 'GUID: 865b6bb413c97d44192423ff9b22e5f8' -> (Import Result ID: 'bff00d1267f59e1fff521df1066d4428') in 0.033 seconds [static and dynamic dependencies]. Details - ImportResultOutputID=965d83e958eecc70fed59b5bc96646e3 DependenciesID=e24c42a66538d73e7bfa2115b0e148bd StaticDependenciesID=36ecc345279f31026613a2214d5fca69 
Number of updated asset objects reloaded before import = 0
Number of asset objects unloaded after import = 12
========================================================================
Received Import Request.
  Time of request: 2026-08-15T10:38:28.4732585Z
  Time since last request: 0.0004383 seconds.
  importAddress: GUID: a520dd0a8dba37240b748beea94afcc6 - Path: Assets/_Project/Art/Environment/Cave/Models/OBJ format/gate-overhang.obj - Importer: PreviewImporter
Importing 'GUID: a520dd0a8dba37240b748beea94afcc6 - Path: Assets/_Project/Art/Environment/Cave/Models/OBJ format/gate-overhang.obj - Importer: PreviewImporter' with importer (PreviewImporter)
Imported 'GUID: a520dd0a8dba37240b748beea94afcc6' -> (Import Result ID: 'c91dc85a1980218b6b5beb77687db306') in 0.035 seconds [static and dynamic dependencies]. Details - ImportResultOutputID=a3988832e327606df3543bc4386a3a3f DependenciesID=75c9bc6864e47324c3db62aa0d2c2b6c StaticDependenciesID=d578f9eeb0074d5fd5e4b4a94de4c0d9 
Number of updated asset objects reloaded before import = 0
Number of asset objects unloaded after import = 12
========================================================================
Received Prepare
AcceleratorClientConnectionCallback - disconnected - :0
Refreshing native plugins compatible for Editor in 6.16 ms, found 5 plugins.
Unloading 34 Unused Serialized files (Serialized files now loaded: 0)
Unloading 7840 unused Assets / (7.7 MB). Loaded Objects now: 8942.
Memory consumption went from 372.7 MB to 365.1 MB.
Total: 21.002700 ms (FindLiveObjects: 1.320900 ms CreateObjectMapping: 3.619800 ms MarkObjects: 11.392200 ms  DeleteObjects: 4.668600 ms)

Prepare: number of updated asset objects reloaded= 0
EnvironmentDependencyValues requested are different than current active one (requested -> active):
  graphicsApiMask: 2099200 -> 2361344
========================================================================
Received Prepare
AcceleratorClientConnectionCallback - disconnected - :0
Refreshing native plugins compatible for Editor in 8.93 ms, found 5 plugins.
Unloading 34 Unused Serialized files (Serialized files now loaded: 0)
Unloading 7839 unused Assets / (8.4 MB). Loaded Objects now: 8941.
Memory consumption went from 372.9 MB to 364.5 MB.
Total: 37.022200 ms (FindLiveObjects: 1.743600 ms CreateObjectMapping: 10.419600 ms MarkObjects: 16.769900 ms  DeleteObjects: 8.087500 ms)

Prepare: number of updated asset objects reloaded= 0
EnvironmentDependencyValues requested are different than current active one (requested -> active):
  graphicsApiMask: 2099200 -> 2361344
========================================================================
Received Prepare
AcceleratorClientConnectionCallback - disconnected - :0
Refreshing native plugins compatible for Editor in 4.88 ms, found 5 plugins.
Unloading 34 Unused Serialized files (Serialized files now loaded: 0)
Unloading 7839 unused Assets / (7.3 MB). Loaded Objects now: 8941.
Memory consumption went from 373.0 MB to 365.8 MB.
Total: 23.983800 ms (FindLiveObjects: 1.229800 ms CreateObjectMapping: 3.597200 ms MarkObjects: 12.300200 ms  DeleteObjects: 6.855100 ms)

Prepare: number of updated asset objects reloaded= 0
EnvironmentDependencyValues requested are different than current active one (requested -> active):
  graphicsApiMask: 2099200 -> 2361344
========================================================================
Received Prepare
AcceleratorClientConnectionCallback - disconnected - :0
Refreshing native plugins compatible for Editor in 4.89 ms, found 5 plugins.
Unloading 34 Unused Serialized files (Serialized files now loaded: 0)
Unloading 7839 unused Assets / (8.0 MB). Loaded Objects now: 8941.
Memory consumption went from 373.2 MB to 365.1 MB.
Total: 22.536100 ms (FindLiveObjects: 1.299600 ms CreateObjectMapping: 3.893200 ms MarkObjects: 11.313400 ms  DeleteObjects: 6.028700 ms)

Prepare: number of updated asset objects reloaded= 0
EnvironmentDependencyValues requested are different than current active one (requested -> active):
  graphicsApiMask: 2099200 -> 2361344
========================================================================
Received Prepare
AcceleratorClientConnectionCallback - disconnected - :0
[Licensing::Client] Successfully resolved entitlement details
[Licensing::Client] Successfully resolved entitlement details
Begin MonoManager ReloadAssembly
Refreshing native plugins compatible for Editor in 5.61 ms, found 5 plugins.
Native extension for Android target not found
Native extension for WindowsStandalone target not found
Native extension for WebGL target not found
[Package Manager] Failed to launch server process. Reason: Unity was launched with the -noUpm command-line argument
[Package Manager] Unable to send message (not connected to server process).
[Package Manager] Cannot connect to Unity Package Manager local server
[Package Manager] Failed to launch server process. Reason: Unity was launched with the -noUpm command-line argument
[Package Manager] Unable to send message (not connected to server process).
[Package Manager] Cannot connect to Unity Package Manager local server
ScheduleIndexationOnStartup MainProcess:False IndexOnStartup:True
Mono: successfully reloaded assembly
- Finished resetting the current domain, in  1.154 seconds
Domain Reload Profiling: 3152ms
	BeginReloadAssembly (487ms)
		DisableScriptedObjects (97ms)
		CreateAndSetChildDomain (99ms)
	RebuildCommonClasses (13ms)
	RebuildNativeTypeToScriptingClass (32ms)
	initialDomainReloadingComplete (145ms)
	LoadAllAssembliesAndSetupDomain (1320ms)
		LoadAssemblies (907ms)
		AnalyzeDomain (403ms)
			TypeCache.Refresh (24ms)
			BuildScriptInfoCaches (368ms)
			ResolveRequiredComponents (7ms)
	FinalizeReload (1155ms)
		SetupLoadedEditorAssemblies (0ms)
			InitializePlatformSupportModulesInManaged (13ms)
			BeforeProcessingInitializeOnLoad (142ms)
			ProcessInitializeOnLoadAttributes (414ms)
			ProcessInitializeOnLoadMethodAttributes (197ms)
			AfterProcessingInitializeOnLoad (14ms)
		AwakeInstancesAfterBackupRestoration (46ms)
Refreshing native plugins compatible for Editor in 5.59 ms, found 5 plugins.
Unloading 34 Unused Serialized files (Serialized files now loaded: 0)
Unloading 7857 unused Assets / (7.6 MB). Loaded Objects now: 8871.
Memory consumption went from 376.7 MB to 369.2 MB.
Total: 17.616000 ms (FindLiveObjects: 1.331100 ms CreateObjectMapping: 3.663400 ms MarkObjects: 7.235800 ms  DeleteObjects: 5.384700 ms)

Prepare: number of updated asset objects reloaded= 0
EnvironmentDependencyValues requested are different than current active one (requested -> active):
  graphicsApiMask: 2099200 -> 2361344
========================================================================
Received Prepare
AcceleratorClientConnectionCallback - disconnected - :0
[Licensing::Client] Successfully resolved entitlement details
[Licensing::Client] Successfully resolved entitlement details
Begin MonoManager ReloadAssembly
Refreshing native plugins compatible for Editor in 7.01 ms, found 5 plugins.
Native extension for Android target not found
Native extension for WindowsStandalone target not found
Native extension for WebGL target not found
[Package Manager] Failed to launch server process. Reason: Unity was launched with the -noUpm command-line argument
[Package Manager] Unable to send message (not connected to server process).
[Package Manager] Cannot connect to Unity Package Manager local server
[Package Manager] Failed to launch server process. Reason: Unity was launched with the -noUpm command-line argument
[Package Manager] Unable to send message (not connected to server process).
[Package Manager] Cannot connect to Unity Package Manager local server
ScheduleIndexationOnStartup MainProcess:False IndexOnStartup:True
Mono: successfully reloaded assembly
- Finished resetting the current domain, in  1.378 seconds
Domain Reload Profiling: 2814ms
	BeginReloadAssembly (455ms)
		DisableScriptedObjects (67ms)
		CreateAndSetChildDomain (100ms)
	RebuildCommonClasses (13ms)
	RebuildNativeTypeToScriptingClass (31ms)
	initialDomainReloadingComplete (151ms)
	LoadAllAssembliesAndSetupDomain (784ms)
		LoadAssemblies (738ms)
		AnalyzeDomain (25ms)
			TypeCache.Refresh (11ms)
			ResolveRequiredComponents (8ms)
	FinalizeReload (1379ms)
		SetupLoadedEditorAssemblies (0ms)
			InitializePlatformSupportModulesInManaged (12ms)
			BeforeProcessingInitializeOnLoad (146ms)
			ProcessInitializeOnLoadAttributes (537ms)
			ProcessInitializeOnLoadMethodAttributes (255ms)
			AfterProcessingInitializeOnLoad (16ms)
		AwakeInstancesAfterBackupRestoration (56ms)
Refreshing native plugins compatible for Editor in 6.40 ms, found 5 plugins.
Unloading 34 Unused Serialized files (Serialized files now loaded: 0)
Unloading 7857 unused Assets / (7.8 MB). Loaded Objects now: 8874.
Memory consumption went from 376.6 MB to 368.8 MB.
Total: 21.499600 ms (FindLiveObjects: 1.185100 ms CreateObjectMapping: 3.913100 ms MarkObjects: 9.893700 ms  DeleteObjects: 6.505800 ms)

Prepare: number of updated asset objects reloaded= 0
EnvironmentDependencyValues requested are different than current active one (requested -> active):
  graphicsApiMask: 2099200 -> 2361344
========================================================================
Received Prepare
AcceleratorClientConnectionCallback - disconnected - :0
Refreshing native plugins compatible for Editor in 5.74 ms, found 5 plugins.
Unloading 34 Unused Serialized files (Serialized files now loaded: 0)
Unloading 7839 unused Assets / (8.1 MB). Loaded Objects now: 8874.
Memory consumption went from 376.8 MB to 368.7 MB.
Total: 20.691500 ms (FindLiveObjects: 1.342000 ms CreateObjectMapping: 4.774200 ms MarkObjects: 7.728900 ms  DeleteObjects: 6.844300 ms)

Prepare: number of updated asset objects reloaded= 0
EnvironmentDependencyValues requested are different than current active one (requested -> active):
  graphicsApiMask: 2099200 -> 2361344
========================================================================
Received Prepare
AcceleratorClientConnectionCallback - disconnected - :0
Refreshing native plugins compatible for Editor in 6.69 ms, found 5 plugins.
Unloading 34 Unused Serialized files (Serialized files now loaded: 0)
Unloading 7839 unused Assets / (8.1 MB). Loaded Objects now: 8874.
Memory consumption went from 376.9 MB to 368.9 MB.
Total: 28.695100 ms (FindLiveObjects: 1.672800 ms CreateObjectMapping: 5.537400 ms MarkObjects: 14.499400 ms  DeleteObjects: 6.984000 ms)

Prepare: number of updated asset objects reloaded= 0
EnvironmentDependencyValues requested are different than current active one (requested -> active):
  graphicsApiMask: 2099200 -> 2361344
========================================================================
Received Import Request.
  Time of request: 2026-08-15T10:45:48.8987453Z
  Time since last request: 440.36294659999999 seconds.
  importAddress: GUID: c1ce86cfbe0703c4d80038a21ad77ad2 - Path: Assets/_Project/Scripts/Grid/Entities/Entity.cs - Importer: PreviewImporter
Importing 'GUID: c1ce86cfbe0703c4d80038a21ad77ad2 - Path: Assets/_Project/Scripts/Grid/Entities/Entity.cs - Importer: PreviewImporter' with importer (PreviewImporter)
Imported 'GUID: c1ce86cfbe0703c4d80038a21ad77ad2' -> (Import Result ID: 'a7fd73eb4a7d229772c1c0b2edaa4a60') in 0.004 seconds [static and dynamic dependencies]. Details - ImportResultOutputID=f8642b70cd4a5a9c3323e37bdfb128b5 DependenciesID=f853e6ce6e8ef9e5fc6584df991c4c73 StaticDependenciesID=e0688db7f8caf2fb1e944046f986eaa6 
Number of updated asset objects reloaded before import = 0
Number of asset objects unloaded after import = 0
========================================================================
Received Prepare
AcceleratorClientConnectionCallback - disconnected - :0
Refreshing native plugins compatible for Editor in 99.73 ms, found 5 plugins.
Unloading 34 Unused Serialized files (Serialized files now loaded: 0)
Unloading 7839 unused Assets / (5.1 MB). Loaded Objects now: 8874.
Memory consumption went from 377.1 MB to 371.9 MB.
Total: 51.636900 ms (FindLiveObjects: 2.071900 ms CreateObjectMapping: 7.128600 ms MarkObjects: 18.913700 ms  DeleteObjects: 23.520800 ms)

Prepare: number of updated asset objects reloaded= 0
EnvironmentDependencyValues requested are different than current active one (requested -> active):
  graphicsApiMask: 2099200 -> 2361344
========================================================================
Received Import Request.
  Time of request: 2026-08-15T10:45:51.8830686Z
  Time since last request: 2.9307166 seconds.
  importAddress: GUID: c1ce86cfbe0703c4d80038a21ad77ad2 - Path: Assets/_Project/Scripts/Grid/Entities/Entity.cs - Importer: PreviewImporter
Importing 'GUID: c1ce86cfbe0703c4d80038a21ad77ad2 - Path: Assets/_Project/Scripts/Grid/Entities/Entity.cs - Importer: PreviewImporter' with importer (PreviewImporter)
Imported 'GUID: c1ce86cfbe0703c4d80038a21ad77ad2' -> (Import Result ID: '00000000000000000000000000000000') in 0.002 seconds
Import Error Code:(4)
Message: Build asset version error: assets/_project/scripts/grid/entities/entity.cs in SourceAssetDB has modification time of '2026-08-15T10:45:50.4960092Z' while content on disk has modification time of '2026-08-15T10:45:51.321037Z'
  ERROR: Build asset version error: assets/_project/scripts/grid/entities/entity.cs in SourceAssetDB has modification time of '2026-08-15T10:45:50.4960092Z' while content on disk has modification time of '2026-08-15T10:45:51.321037Z'
Number of updated asset objects reloaded before import = 0
Number of asset objects unloaded after import = 0
========================================================================
Received Prepare
AcceleratorClientConnectionCallback - disconnected - :0
Refreshing native plugins compatible for Editor in 5.21 ms, found 5 plugins.
Unloading 34 Unused Serialized files (Serialized files now loaded: 0)
Unloading 7839 unused Assets / (6.2 MB). Loaded Objects now: 8874.
Memory consumption went from 376.1 MB to 369.9 MB.
Total: 23.423100 ms (FindLiveObjects: 1.186100 ms CreateObjectMapping: 3.622100 ms MarkObjects: 7.883500 ms  DeleteObjects: 10.730000 ms)

Prepare: number of updated asset objects reloaded= 0
EnvironmentDependencyValues requested are different than current active one (requested -> active):
  graphicsApiMask: 2099200 -> 2361344
========================================================================
Received Prepare
AcceleratorClientConnectionCallback - disconnected - :0
Refreshing native plugins compatible for Editor in 7.19 ms, found 5 plugins.
Unloading 34 Unused Serialized files (Serialized files now loaded: 0)
Unloading 7839 unused Assets / (7.6 MB). Loaded Objects now: 8874.
Memory consumption went from 376.2 MB to 368.6 MB.
Total: 23.549400 ms (FindLiveObjects: 1.690200 ms CreateObjectMapping: 5.541700 ms MarkObjects: 10.665700 ms  DeleteObjects: 5.650300 ms)

Prepare: number of updated asset objects reloaded= 0
EnvironmentDependencyValues requested are different than current active one (requested -> active):
  graphicsApiMask: 2099200 -> 2361344
========================================================================
Received Import Request.
  Time of request: 2026-08-15T10:47:44.6557732Z
  Time since last request: 112.72056619999999 seconds.
  importAddress: GUID: c1ce86cfbe0703c4d80038a21ad77ad2 - Path: Assets/_Project/Scripts/Grid/Entities/Entity.cs - Importer: PreviewImporter
Importing 'GUID: c1ce86cfbe0703c4d80038a21ad77ad2 - Path: Assets/_Project/Scripts/Grid/Entities/Entity.cs - Importer: PreviewImporter' with importer (PreviewImporter)
Imported 'GUID: c1ce86cfbe0703c4d80038a21ad77ad2' -> (Import Result ID: '18ee909bcda60cc79f34ebb62fff1610') in 0.001 seconds [static and dynamic dependencies]. Details - ImportResultOutputID=f8642b70cd4a5a9c3323e37bdfb128b5 DependenciesID=dc23e52e7fa0c43016f4114176990157 StaticDependenciesID=0b31d9881f674d20554d472c534e7b89 
Number of updated asset objects reloaded before import = 0
Number of asset objects unloaded after import = 0
========================================================================
Received Prepare
AcceleratorClientConnectionCallback - disconnected - :0
Refreshing native plugins compatible for Editor in 6.54 ms, found 5 plugins.
Unloading 34 Unused Serialized files (Serialized files now loaded: 0)
Unloading 7839 unused Assets / (7.2 MB). Loaded Objects now: 8874.
Memory consumption went from 376.2 MB to 369.0 MB.
Total: 31.310900 ms (FindLiveObjects: 1.681100 ms CreateObjectMapping: 5.534400 ms MarkObjects: 15.342900 ms  DeleteObjects: 8.750500 ms)

Prepare: number of updated asset objects reloaded= 0
EnvironmentDependencyValues requested are different than current active one (requested -> active):
  graphicsApiMask: 2099200 -> 2361344
========================================================================
Received Prepare
AcceleratorClientConnectionCallback - disconnected - :0
Refreshing native plugins compatible for Editor in 6.21 ms, found 5 plugins.
Unloading 34 Unused Serialized files (Serialized files now loaded: 0)
Unloading 7839 unused Assets / (7.9 MB). Loaded Objects now: 8874.
Memory consumption went from 376.3 MB to 368.5 MB.
Total: 21.911900 ms (FindLiveObjects: 1.156900 ms CreateObjectMapping: 3.472500 ms MarkObjects: 11.671800 ms  DeleteObjects: 5.609500 ms)

Prepare: number of updated asset objects reloaded= 0
EnvironmentDependencyValues requested are different than current active one (requested -> active):
  graphicsApiMask: 2099200 -> 2361344
========================================================================
Received Prepare
AcceleratorClientConnectionCallback - disconnected - :0
[Licensing::Client] Successfully resolved entitlement details
[Licensing::Client] Successfully resolved entitlement details
Begin MonoManager ReloadAssembly
Refreshing native plugins compatible for Editor in 5.25 ms, found 5 plugins.
Native extension for Android target not found
Native extension for WindowsStandalone target not found
Native extension for WebGL target not found
[Package Manager] Failed to launch server process. Reason: Unity was launched with the -noUpm command-line argument
[Package Manager] Unable to send message (not connected to server process).
[Package Manager] Cannot connect to Unity Package Manager local server
[Package Manager] Failed to launch server process. Reason: Unity was launched with the -noUpm command-line argument
[Package Manager] Unable to send message (not connected to server process).
[Package Manager] Cannot connect to Unity Package Manager local server
ScheduleIndexationOnStartup MainProcess:False IndexOnStartup:True
Mono: successfully reloaded assembly
- Finished resetting the current domain, in  1.162 seconds
Domain Reload Profiling: 2967ms
	BeginReloadAssembly (453ms)
		DisableScriptedObjects (91ms)
		CreateAndSetChildDomain (91ms)
	RebuildCommonClasses (14ms)
	RebuildNativeTypeToScriptingClass (26ms)
	initialDomainReloadingComplete (128ms)
	LoadAllAssembliesAndSetupDomain (1182ms)
		LoadAssemblies (704ms)
		AnalyzeDomain (452ms)
			TypeCache.Refresh (22ms)
			BuildScriptInfoCaches (421ms)
			ResolveRequiredComponents (7ms)
	FinalizeReload (1164ms)
		SetupLoadedEditorAssemblies (0ms)
			InitializePlatformSupportModulesInManaged (14ms)
			BeforeProcessingInitializeOnLoad (140ms)
			ProcessInitializeOnLoadAttributes (428ms)
			ProcessInitializeOnLoadMethodAttributes (202ms)
			AfterProcessingInitializeOnLoad (14ms)
		AwakeInstancesAfterBackupRestoration (43ms)
Refreshing native plugins compatible for Editor in 5.64 ms, found 5 plugins.
Unloading 34 Unused Serialized files (Serialized files now loaded: 0)
Unloading 7857 unused Assets / (7.7 MB). Loaded Objects now: 8877.
Memory consumption went from 376.8 MB to 369.0 MB.
Total: 17.782200 ms (FindLiveObjects: 1.188900 ms CreateObjectMapping: 3.448700 ms MarkObjects: 7.842200 ms  DeleteObjects: 5.301200 ms)

Prepare: number of updated asset objects reloaded= 0
EnvironmentDependencyValues requested are different than current active one (requested -> active):
  graphicsApiMask: 2099200 -> 2361344
========================================================================
Received Import Request.
  Time of request: 2026-08-15T10:54:08.0540251Z
  Time since last request: 383.37377229999998 seconds.
  importAddress: GUID: f6797e5b86dd85e49bbb3369427040df - Path: Assets/_Project/Scripts/Scopes/GameLifetimeScope.cs - Importer: ScriptedImporter/UnityEditor.QuickSearchModule:UnityEditor.Search:ASIAI0B
Importing 'GUID: f6797e5b86dd85e49bbb3369427040df - Path: Assets/_Project/Scripts/Scopes/GameLifetimeScope.cs - Importer: ScriptedImporter/UnityEditor.QuickSearchModule:UnityEditor.Search:ASIAI0B' with importer (ScriptedImporter : UnityEditor.QuickSearchModule:UnityEditor.Search:ASIAI0B)
Imported 'GUID: f6797e5b86dd85e49bbb3369427040df' -> (Import Result ID: '64221cf16fc5fe71e63a7a9014abd741') in 0.140 seconds [static and dynamic dependencies]. Details - ImportResultOutputID=5cf2590e3a1153fc2a4061cf0c8c028a DependenciesID=c9f297ab6e56ecf7e278ac24d8f90613 StaticDependenciesID=a6d71ed3a8629396a21712b23cad19d6 
Number of updated asset objects reloaded before import = 0
Number of asset objects unloaded after import = 0
========================================================================
Received Prepare
AcceleratorClientConnectionCallback - disconnected - :0
Refreshing native plugins compatible for Editor in 6.61 ms, found 5 plugins.
Unloading 34 Unused Serialized files (Serialized files now loaded: 0)
Unloading 7840 unused Assets / (7.6 MB). Loaded Objects now: 8878.
Memory consumption went from 377.0 MB to 369.4 MB.
Total: 18.553500 ms (FindLiveObjects: 1.178900 ms CreateObjectMapping: 3.719500 ms MarkObjects: 7.763900 ms  DeleteObjects: 5.890000 ms)

Prepare: number of updated asset objects reloaded= 0
EnvironmentDependencyValues requested are different than current active one (requested -> active):
  graphicsApiMask: 2099200 -> 2361344
========================================================================
Received Prepare
AcceleratorClientConnectionCallback - disconnected - :0
Refreshing native plugins compatible for Editor in 6.14 ms, found 5 plugins.
Unloading 34 Unused Serialized files (Serialized files now loaded: 0)
Unloading 7840 unused Assets / (7.7 MB). Loaded Objects now: 8878.
Memory consumption went from 377.1 MB to 369.4 MB.
Total: 20.318200 ms (FindLiveObjects: 1.210400 ms CreateObjectMapping: 4.184700 ms MarkObjects: 8.969300 ms  DeleteObjects: 5.951900 ms)

Prepare: number of updated asset objects reloaded= 0
EnvironmentDependencyValues requested are different than current active one (requested -> active):
  graphicsApiMask: 2099200 -> 2361344
========================================================================
Received Import Request.
  Time of request: 2026-08-15T10:55:00.2270842Z
  Time since last request: 52.0010217 seconds.
  importAddress: GUID: eae6404b8f130e34695baf208a9106f4 - Path: Assets/_Project/Scripts/Combat/Systems/CombatManager.cs - Importer: PreviewImporter
Importing 'GUID: eae6404b8f130e34695baf208a9106f4 - Path: Assets/_Project/Scripts/Combat/Systems/CombatManager.cs - Importer: PreviewImporter' with importer (PreviewImporter)
Imported 'GUID: eae6404b8f130e34695baf208a9106f4' -> (Import Result ID: '9a3fcc34d2321cb0cfb6001915366957') in 0.001 seconds [static and dynamic dependencies]. Details - ImportResultOutputID=be084a17695e86c7e2afcc1f291096d8 DependenciesID=445b569dc9bb41848b0d7ff9c2a49819 StaticDependenciesID=b5a22e5b25d9910ac8f34d31c2ca3e12 
Number of updated asset objects reloaded before import = 0
Number of asset objects unloaded after import = 0
========================================================================
Received Prepare
AcceleratorClientConnectionCallback - disconnected - :0
Refreshing native plugins compatible for Editor in 5.96 ms, found 5 plugins.
Unloading 34 Unused Serialized files (Serialized files now loaded: 0)
Unloading 7840 unused Assets / (8.2 MB). Loaded Objects now: 8878.
Memory consumption went from 376.8 MB to 368.6 MB.
Total: 21.230100 ms (FindLiveObjects: 1.292900 ms CreateObjectMapping: 3.964300 ms MarkObjects: 9.453000 ms  DeleteObjects: 6.518600 ms)

Prepare: number of updated asset objects reloaded= 0
EnvironmentDependencyValues requested are different than current active one (requested -> active):
  graphicsApiMask: 2099200 -> 2361344
========================================================================
Received Prepare
AcceleratorClientConnectionCallback - disconnected - :0
Refreshing native plugins compatible for Editor in 5.43 ms, found 5 plugins.
Unloading 34 Unused Serialized files (Serialized files now loaded: 0)
Unloading 7840 unused Assets / (6.0 MB). Loaded Objects now: 8878.
Memory consumption went from 377.0 MB to 371.0 MB.
Total: 29.447500 ms (FindLiveObjects: 1.349700 ms CreateObjectMapping: 3.751700 ms MarkObjects: 13.973900 ms  DeleteObjects: 10.370000 ms)

Prepare: number of updated asset objects reloaded= 0
EnvironmentDependencyValues requested are different than current active one (requested -> active):
  graphicsApiMask: 2099200 -> 2361344
========================================================================
Received Import Request.
  Time of request: 2026-08-15T10:56:55.7000443Z
  Time since last request: 115.4478901 seconds.
  importAddress: GUID: 56fc003889dba954e9f1d66112ff8fcc - Path: Assets/_Project/Scripts/Combat/Events/HeroDiedEvent.cs - Importer: PreviewImporter
Importing 'GUID: 56fc003889dba954e9f1d66112ff8fcc - Path: Assets/_Project/Scripts/Combat/Events/HeroDiedEvent.cs - Importer: PreviewImporter' with importer (PreviewImporter)
Imported 'GUID: 56fc003889dba954e9f1d66112ff8fcc' -> (Import Result ID: '45e8e4a3b6998f9e305a7d1e71eeeb30') in 0.001 seconds [static and dynamic dependencies]. Details - ImportResultOutputID=3de038c90b4b1c1a073f06023fc9eb34 DependenciesID=28815b697dd5ed940d86afab6ef627a2 StaticDependenciesID=8a33113ac7ec10b4755dd6994a843445 
Number of updated asset objects reloaded before import = 0
Number of asset objects unloaded after import = 0
========================================================================
Received Prepare
AcceleratorClientConnectionCallback - disconnected - :0
Refreshing native plugins compatible for Editor in 7.72 ms, found 5 plugins.
Unloading 34 Unused Serialized files (Serialized files now loaded: 0)
Unloading 7840 unused Assets / (8.5 MB). Loaded Objects now: 8878.
Memory consumption went from 376.8 MB to 368.4 MB.
Total: 20.854200 ms (FindLiveObjects: 1.275100 ms CreateObjectMapping: 4.024100 ms MarkObjects: 8.335100 ms  DeleteObjects: 7.218600 ms)

Prepare: number of updated asset objects reloaded= 0
EnvironmentDependencyValues requested are different than current active one (requested -> active):
  graphicsApiMask: 2099200 -> 2361344
========================================================================
Received Import Request.
  Time of request: 2026-08-15T10:57:54.5807042Z
  Time since last request: 58.8557476 seconds.
  importAddress: GUID: 56fc003889dba954e9f1d66112ff8fcc - Path: Assets/_Project/Scripts/Combat/Events/HeroDiedEvent.cs - Importer: PreviewImporter
Importing 'GUID: 56fc003889dba954e9f1d66112ff8fcc - Path: Assets/_Project/Scripts/Combat/Events/HeroDiedEvent.cs - Importer: PreviewImporter' with importer (PreviewImporter)
Imported 'GUID: 56fc003889dba954e9f1d66112ff8fcc' -> (Import Result ID: 'aaafbb5dc8804599997b44f75bfe8a69') in 0.001 seconds [static and dynamic dependencies]. Details - ImportResultOutputID=3de038c90b4b1c1a073f06023fc9eb34 DependenciesID=5d887109db615a15edc6d002a831f9e9 StaticDependenciesID=7f8eaad014bc9f42faa6fc0364f34609 
Number of updated asset objects reloaded before import = 0
Number of asset objects unloaded after import = 0
========================================================================
Received Prepare
AcceleratorClientConnectionCallback - disconnected - :0
Refreshing native plugins compatible for Editor in 5.58 ms, found 5 plugins.
Unloading 34 Unused Serialized files (Serialized files now loaded: 0)
Unloading 7840 unused Assets / (7.3 MB). Loaded Objects now: 8878.
Memory consumption went from 376.7 MB to 369.4 MB.
Total: 19.249800 ms (FindLiveObjects: 1.189700 ms CreateObjectMapping: 3.535400 ms MarkObjects: 8.018600 ms  DeleteObjects: 6.505000 ms)

Prepare: number of updated asset objects reloaded= 0
EnvironmentDependencyValues requested are different than current active one (requested -> active):
  graphicsApiMask: 2099200 -> 2361344
========================================================================
Received Prepare
AcceleratorClientConnectionCallback - disconnected - :0
[Licensing::Client] Successfully resolved entitlement details
[Licensing::Client] Successfully resolved entitlement details
Begin MonoManager ReloadAssembly
Refreshing native plugins compatible for Editor in 5.48 ms, found 5 plugins.
Native extension for Android target not found
Native extension for WindowsStandalone target not found
Native extension for WebGL target not found
[Package Manager] Failed to launch server process. Reason: Unity was launched with the -noUpm command-line argument
[Package Manager] Unable to send message (not connected to server process).
[Package Manager] Cannot connect to Unity Package Manager local server
[Package Manager] Failed to launch server process. Reason: Unity was launched with the -noUpm command-line argument
[Package Manager] Unable to send message (not connected to server process).
[Package Manager] Cannot connect to Unity Package Manager local server
ScheduleIndexationOnStartup MainProcess:False IndexOnStartup:True
Mono: successfully reloaded assembly
- Finished resetting the current domain, in  1.139 seconds
Domain Reload Profiling: 2989ms
	BeginReloadAssembly (469ms)
		DisableScriptedObjects (104ms)
		CreateAndSetChildDomain (93ms)
	RebuildCommonClasses (13ms)
	RebuildNativeTypeToScriptingClass (26ms)
	initialDomainReloadingComplete (139ms)
	LoadAllAssembliesAndSetupDomain (1202ms)
		LoadAssemblies (736ms)
		AnalyzeDomain (445ms)
			TypeCache.Refresh (17ms)
			BuildScriptInfoCaches (417ms)
			ResolveRequiredComponents (8ms)
	FinalizeReload (1140ms)
		SetupLoadedEditorAssemblies (0ms)
			InitializePlatformSupportModulesInManaged (13ms)
			BeforeProcessingInitializeOnLoad (145ms)
			ProcessInitializeOnLoadAttributes (407ms)
			ProcessInitializeOnLoadMethodAttributes (196ms)
			AfterProcessingInitializeOnLoad (16ms)
		AwakeInstancesAfterBackupRestoration (43ms)
Refreshing native plugins compatible for Editor in 6.27 ms, found 5 plugins.
Unloading 34 Unused Serialized files (Serialized files now loaded: 0)
Unloading 7858 unused Assets / (7.5 MB). Loaded Objects now: 8881.
Memory consumption went from 376.6 MB to 369.1 MB.
Total: 16.853000 ms (FindLiveObjects: 1.155700 ms CreateObjectMapping: 3.404700 ms MarkObjects: 7.145200 ms  DeleteObjects: 5.145900 ms)

Prepare: number of updated asset objects reloaded= 0
EnvironmentDependencyValues requested are different than current active one (requested -> active):
  graphicsApiMask: 2099200 -> 2361344
========================================================================
Received Prepare
AcceleratorClientConnectionCallback - disconnected - :0
Refreshing native plugins compatible for Editor in 5.94 ms, found 5 plugins.
Unloading 34 Unused Serialized files (Serialized files now loaded: 0)
Unloading 7840 unused Assets / (8.0 MB). Loaded Objects now: 8881.
Memory consumption went from 376.8 MB to 368.8 MB.
Total: 23.242000 ms (FindLiveObjects: 1.247800 ms CreateObjectMapping: 4.666500 ms MarkObjects: 9.517400 ms  DeleteObjects: 7.807900 ms)

Prepare: number of updated asset objects reloaded= 0
EnvironmentDependencyValues requested are different than current active one (requested -> active):
  graphicsApiMask: 2099200 -> 2361344
========================================================================
Received Import Request.
  Time of request: 2026-08-15T11:02:19.1301976Z
  Time since last request: 264.52625810000001 seconds.
  importAddress: GUID: 14ff13426137b134abfcc2100fc19f8b - Path: Assets/_Project/Scripts/Characters/HeroController.cs - Importer: PreviewImporter
Importing 'GUID: 14ff13426137b134abfcc2100fc19f8b - Path: Assets/_Project/Scripts/Characters/HeroController.cs - Importer: PreviewImporter' with importer (PreviewImporter)
Imported 'GUID: 14ff13426137b134abfcc2100fc19f8b' -> (Import Result ID: '10104d92c66a01f534eaec4aa2266874') in 0.001 seconds [static and dynamic dependencies]. Details - ImportResultOutputID=41d87e15c038044e4acd2a515960cf65 DependenciesID=53826d4f2c49cc07af015d9b5500d2e7 StaticDependenciesID=5fb9cd758e1974c494f85aa0740cf0dd 
Number of updated asset objects reloaded before import = 0
Number of asset objects unloaded after import = 0
========================================================================
Received Prepare
AcceleratorClientConnectionCallback - disconnected - :0
Refreshing native plugins compatible for Editor in 7.48 ms, found 5 plugins.
Unloading 34 Unused Serialized files (Serialized files now loaded: 0)
Unloading 7840 unused Assets / (7.7 MB). Loaded Objects now: 8881.
Memory consumption went from 376.8 MB to 369.1 MB.
Total: 24.008700 ms (FindLiveObjects: 1.545900 ms CreateObjectMapping: 4.686100 ms MarkObjects: 11.594700 ms  DeleteObjects: 6.180300 ms)

Prepare: number of updated asset objects reloaded= 0
EnvironmentDependencyValues requested are different than current active one (requested -> active):
  graphicsApiMask: 2099200 -> 2361344
========================================================================
Received Import Request.
  Time of request: 2026-08-15T11:02:39.1855134Z
  Time since last request: 20.0302476 seconds.
  importAddress: GUID: 14ff13426137b134abfcc2100fc19f8b - Path: Assets/_Project/Scripts/Characters/HeroController.cs - Importer: PreviewImporter
Importing 'GUID: 14ff13426137b134abfcc2100fc19f8b - Path: Assets/_Project/Scripts/Characters/HeroController.cs - Importer: PreviewImporter' with importer (PreviewImporter)
Imported 'GUID: 14ff13426137b134abfcc2100fc19f8b' -> (Import Result ID: 'e56f134894d997dcc1cf4263a9941fc8') in 0.001 seconds [static and dynamic dependencies]. Details - ImportResultOutputID=41d87e15c038044e4acd2a515960cf65 DependenciesID=55c8a9f5abeca26113aa02ad4d13995e StaticDependenciesID=894a3a0fe8f174d1465990eb0923a951 
Number of updated asset objects reloaded before import = 0
Number of asset objects unloaded after import = 0
========================================================================
Received Prepare
AcceleratorClientConnectionCallback - disconnected - :0
Refreshing native plugins compatible for Editor in 5.92 ms, found 5 plugins.
Unloading 34 Unused Serialized files (Serialized files now loaded: 0)
Unloading 7840 unused Assets / (7.6 MB). Loaded Objects now: 8881.
Memory consumption went from 376.5 MB to 368.9 MB.
Total: 19.614100 ms (FindLiveObjects: 1.142000 ms CreateObjectMapping: 4.157700 ms MarkObjects: 8.152600 ms  DeleteObjects: 6.160300 ms)

Prepare: number of updated asset objects reloaded= 0
EnvironmentDependencyValues requested are different than current active one (requested -> active):
  graphicsApiMask: 2099200 -> 2361344
========================================================================
Received Prepare
AcceleratorClientConnectionCallback - disconnected - :0
Refreshing native plugins compatible for Editor in 6.26 ms, found 5 plugins.
Unloading 34 Unused Serialized files (Serialized files now loaded: 0)
Unloading 7840 unused Assets / (7.5 MB). Loaded Objects now: 8881.
Memory consumption went from 376.7 MB to 369.2 MB.
Total: 18.211200 ms (FindLiveObjects: 1.212000 ms CreateObjectMapping: 3.443700 ms MarkObjects: 8.440800 ms  DeleteObjects: 5.113400 ms)

Prepare: number of updated asset objects reloaded= 0
EnvironmentDependencyValues requested are different than current active one (requested -> active):
  graphicsApiMask: 2099200 -> 2361344
========================================================================
Received Prepare
AcceleratorClientConnectionCallback - disconnected - :0
Refreshing native plugins compatible for Editor in 5.35 ms, found 5 plugins.
Unloading 34 Unused Serialized files (Serialized files now loaded: 0)
Unloading 7840 unused Assets / (7.4 MB). Loaded Objects now: 8881.
Memory consumption went from 376.8 MB to 369.4 MB.
Total: 17.124500 ms (FindLiveObjects: 1.105000 ms CreateObjectMapping: 3.535900 ms MarkObjects: 7.525800 ms  DeleteObjects: 4.956000 ms)

Prepare: number of updated asset objects reloaded= 0
EnvironmentDependencyValues requested are different than current active one (requested -> active):
  graphicsApiMask: 2099200 -> 2361344
========================================================================
Received Prepare
AcceleratorClientConnectionCallback - disconnected - :0
Refreshing native plugins compatible for Editor in 5.21 ms, found 5 plugins.
Unloading 34 Unused Serialized files (Serialized files now loaded: 0)
Unloading 7840 unused Assets / (7.7 MB). Loaded Objects now: 8881.
Memory consumption went from 377.0 MB to 369.3 MB.
Total: 17.360800 ms (FindLiveObjects: 1.120900 ms CreateObjectMapping: 3.486000 ms MarkObjects: 7.573600 ms  DeleteObjects: 5.179000 ms)

Prepare: number of updated asset objects reloaded= 0
EnvironmentDependencyValues requested are different than current active one (requested -> active):
  graphicsApiMask: 2099200 -> 2361344
========================================================================
Received Prepare
AcceleratorClientConnectionCallback - disconnected - :0
[Licensing::Client] Successfully resolved entitlement details
[Licensing::Client] Successfully resolved entitlement details
Begin MonoManager ReloadAssembly
Refreshing native plugins compatible for Editor in 5.15 ms, found 5 plugins.
Native extension for Android target not found
Native extension for WindowsStandalone target not found
Native extension for WebGL target not found
[Package Manager] Failed to launch server process. Reason: Unity was launched with the -noUpm command-line argument
[Package Manager] Unable to send message (not connected to server process).
[Package Manager] Cannot connect to Unity Package Manager local server
[Package Manager] Failed to launch server process. Reason: Unity was launched with the -noUpm command-line argument
[Package Manager] Unable to send message (not connected to server process).
[Package Manager] Cannot connect to Unity Package Manager local server
ScheduleIndexationOnStartup MainProcess:False IndexOnStartup:True
Mono: successfully reloaded assembly
- Finished resetting the current domain, in  1.182 seconds
Domain Reload Profiling: 7603ms
	BeginReloadAssembly (730ms)
		DisableScriptedObjects (90ms)
		CreateAndSetChildDomain (88ms)
	RebuildCommonClasses (13ms)
	RebuildNativeTypeToScriptingClass (144ms)
	initialDomainReloadingComplete (152ms)
	LoadAllAssembliesAndSetupDomain (5380ms)
		LoadAssemblies (5009ms)
		AnalyzeDomain (607ms)
			TypeCache.Refresh (17ms)
			BuildScriptInfoCaches (580ms)
			ResolveRequiredComponents (8ms)
	FinalizeReload (1184ms)
		SetupLoadedEditorAssemblies (0ms)
			InitializePlatformSupportModulesInManaged (13ms)
			BeforeProcessingInitializeOnLoad (146ms)
			ProcessInitializeOnLoadAttributes (413ms)
			ProcessInitializeOnLoadMethodAttributes (204ms)
			AfterProcessingInitializeOnLoad (14ms)
		AwakeInstancesAfterBackupRestoration (42ms)
Refreshing native plugins compatible for Editor in 5.45 ms, found 5 plugins.
Unloading 34 Unused Serialized files (Serialized files now loaded: 0)
Unloading 7858 unused Assets / (7.5 MB). Loaded Objects now: 8884.
Memory consumption went from 377.4 MB to 369.8 MB.
Total: 17.516200 ms (FindLiveObjects: 1.208300 ms CreateObjectMapping: 3.759100 ms MarkObjects: 7.559600 ms  DeleteObjects: 4.988100 ms)

Prepare: number of updated asset objects reloaded= 0
EnvironmentDependencyValues requested are different than current active one (requested -> active):
  graphicsApiMask: 2099200 -> 2361344
========================================================================
Received Prepare
AcceleratorClientConnectionCallback - disconnected - :0
Begin MonoManager ReloadAssembly
Refreshing native plugins compatible for Editor in 4.72 ms, found 5 plugins.
Native extension for Android target not found
Native extension for WindowsStandalone target not found
Native extension for WebGL target not found
[Package Manager] Failed to launch server process. Reason: Unity was launched with the -noUpm command-line argument
[Package Manager] Unable to send message (not connected to server process).
[Package Manager] Cannot connect to Unity Package Manager local server
[Package Manager] Failed to launch server process. Reason: Unity was launched with the -noUpm command-line argument
[Package Manager] Unable to send message (not connected to server process).
[Package Manager] Cannot connect to Unity Package Manager local server
ScheduleIndexationOnStartup MainProcess:False IndexOnStartup:True
[Licensing::Client] Successfully resolved entitlement details
Mono: successfully reloaded assembly
- Finished resetting the current domain, in  1.384 seconds
Domain Reload Profiling: 2774ms
	BeginReloadAssembly (450ms)
		DisableScriptedObjects (97ms)
		CreateAndSetChildDomain (86ms)
	RebuildCommonClasses (16ms)
	RebuildNativeTypeToScriptingClass (31ms)
	initialDomainReloadingComplete (139ms)
	LoadAllAssembliesAndSetupDomain (753ms)
		LoadAssemblies (686ms)
		AnalyzeDomain (27ms)
			TypeCache.Refresh (12ms)
			ResolveRequiredComponents (8ms)
	FinalizeReload (1385ms)
		SetupLoadedEditorAssemblies (0ms)
			InitializePlatformSupportModulesInManaged (17ms)
			BeforeProcessingInitializeOnLoad (148ms)
			ProcessInitializeOnLoadAttributes (514ms)
			ProcessInitializeOnLoadMethodAttributes (258ms)
			AfterProcessingInitializeOnLoad (24ms)
		AwakeInstancesAfterBackupRestoration (55ms)
Refreshing native plugins compatible for Editor in 5.30 ms, found 5 plugins.
Unloading 34 Unused Serialized files (Serialized files now loaded: 0)
Unloading 7858 unused Assets / (7.3 MB). Loaded Objects now: 8887.
Memory consumption went from 378.1 MB to 370.8 MB.
Total: 21.408900 ms (FindLiveObjects: 1.318900 ms CreateObjectMapping: 4.332800 ms MarkObjects: 9.868000 ms  DeleteObjects: 5.887700 ms)

Prepare: number of updated asset objects reloaded= 0
EnvironmentDependencyValues requested are different than current active one (requested -> active):
  graphicsApiMask: 2099200 -> 2361344
========================================================================
Received Prepare
AcceleratorClientConnectionCallback - disconnected - :0
Refreshing native plugins compatible for Editor in 5.14 ms, found 5 plugins.
Unloading 34 Unused Serialized files (Serialized files now loaded: 0)
Unloading 7840 unused Assets / (7.5 MB). Loaded Objects now: 8887.
Memory consumption went from 378.4 MB to 370.9 MB.
Total: 18.926400 ms (FindLiveObjects: 1.241700 ms CreateObjectMapping: 3.727000 ms MarkObjects: 8.243300 ms  DeleteObjects: 5.712600 ms)

Prepare: number of updated asset objects reloaded= 0
EnvironmentDependencyValues requested are different than current active one (requested -> active):
  graphicsApiMask: 2099200 -> 2361344
========================================================================
Received Prepare
AcceleratorClientConnectionCallback - disconnected - :0
Refreshing native plugins compatible for Editor in 5.44 ms, found 5 plugins.
Unloading 34 Unused Serialized files (Serialized files now loaded: 0)
Unloading 7840 unused Assets / (7.8 MB). Loaded Objects now: 8887.
Memory consumption went from 378.5 MB to 370.7 MB.
Total: 19.659100 ms (FindLiveObjects: 1.208100 ms CreateObjectMapping: 3.861700 ms MarkObjects: 7.705400 ms  DeleteObjects: 6.882600 ms)

Prepare: number of updated asset objects reloaded= 0
EnvironmentDependencyValues requested are different than current active one (requested -> active):
  graphicsApiMask: 2099200 -> 2361344
========================================================================
Received Prepare
AcceleratorClientConnectionCallback - disconnected - :0
[Licensing::Client] Successfully resolved entitlement details
[Licensing::Client] Successfully resolved entitlement details
Begin MonoManager ReloadAssembly
Refreshing native plugins compatible for Editor in 4.79 ms, found 5 plugins.
Native extension for Android target not found
Native extension for WindowsStandalone target not found
Native extension for WebGL target not found
[Package Manager] Failed to launch server process. Reason: Unity was launched with the -noUpm command-line argument
[Package Manager] Unable to send message (not connected to server process).
[Package Manager] Cannot connect to Unity Package Manager local server
[Package Manager] Failed to launch server process. Reason: Unity was launched with the -noUpm command-line argument
[Package Manager] Unable to send message (not connected to server process).
[Package Manager] Cannot connect to Unity Package Manager local server
ScheduleIndexationOnStartup MainProcess:False IndexOnStartup:True
Mono: successfully reloaded assembly
- Finished resetting the current domain, in  1.387 seconds
Domain Reload Profiling: 3276ms
	BeginReloadAssembly (456ms)
		DisableScriptedObjects (87ms)
		CreateAndSetChildDomain (86ms)
	RebuildCommonClasses (13ms)
	RebuildNativeTypeToScriptingClass (27ms)
	initialDomainReloadingComplete (138ms)
	LoadAllAssembliesAndSetupDomain (1254ms)
		LoadAssemblies (758ms)
		AnalyzeDomain (469ms)
			TypeCache.Refresh (19ms)
			BuildScriptInfoCaches (440ms)
			ResolveRequiredComponents (8ms)
	FinalizeReload (1388ms)
		SetupLoadedEditorAssemblies (0ms)
			InitializePlatformSupportModulesInManaged (32ms)
			BeforeProcessingInitializeOnLoad (177ms)
			ProcessInitializeOnLoadAttributes (460ms)
			ProcessInitializeOnLoadMethodAttributes (206ms)
			AfterProcessingInitializeOnLoad (17ms)
		AwakeInstancesAfterBackupRestoration (45ms)
Refreshing native plugins compatible for Editor in 4.75 ms, found 5 plugins.
Unloading 34 Unused Serialized files (Serialized files now loaded: 0)
Unloading 7858 unused Assets / (7.3 MB). Loaded Objects now: 8890.
Memory consumption went from 380.8 MB to 373.5 MB.
Total: 17.823500 ms (FindLiveObjects: 1.210100 ms CreateObjectMapping: 3.615400 ms MarkObjects: 7.652900 ms  DeleteObjects: 5.343500 ms)

Prepare: number of updated asset objects reloaded= 0
EnvironmentDependencyValues requested are different than current active one (requested -> active):
  graphicsApiMask: 2099200 -> 2361344
========================================================================
Received Prepare
AcceleratorClientConnectionCallback - disconnected - :0
Begin MonoManager ReloadAssembly
Refreshing native plugins compatible for Editor in 5.30 ms, found 5 plugins.
Native extension for Android target not found
Native extension for WindowsStandalone target not found
Native extension for WebGL target not found
[Package Manager] Failed to launch server process. Reason: Unity was launched with the -noUpm command-line argument
[Package Manager] Unable to send message (not connected to server process).
[Package Manager] Cannot connect to Unity Package Manager local server
[Package Manager] Failed to launch server process. Reason: Unity was launched with the -noUpm command-line argument
[Package Manager] Unable to send message (not connected to server process).
[Package Manager] Cannot connect to Unity Package Manager local server
ScheduleIndexationOnStartup MainProcess:False IndexOnStartup:True
Mono: successfully reloaded assembly
- Finished resetting the current domain, in  1.419 seconds
Domain Reload Profiling: 2969ms
	BeginReloadAssembly (455ms)
		DisableScriptedObjects (78ms)
		CreateAndSetChildDomain (92ms)
	RebuildCommonClasses (13ms)
	RebuildNativeTypeToScriptingClass (25ms)
	initialDomainReloadingComplete (152ms)
	LoadAllAssembliesAndSetupDomain (903ms)
		LoadAssemblies (835ms)
		AnalyzeDomain (25ms)
			TypeCache.Refresh (11ms)
			ResolveRequiredComponents (8ms)
	FinalizeReload (1420ms)
		SetupLoadedEditorAssemblies (0ms)
			InitializePlatformSupportModulesInManaged (13ms)
			BeforeProcessingInitializeOnLoad (156ms)
			ProcessInitializeOnLoadAttributes (551ms)
			ProcessInitializeOnLoadMethodAttributes (249ms)
			AfterProcessingInitializeOnLoad (16ms)
		AwakeInstancesAfterBackupRestoration (55ms)
Refreshing native plugins compatible for Editor in 5.32 ms, found 5 plugins.
Unloading 34 Unused Serialized files (Serialized files now loaded: 0)
Unloading 7858 unused Assets / (7.6 MB). Loaded Objects now: 8893.
Memory consumption went from 381.6 MB to 374.0 MB.
Total: 19.410300 ms (FindLiveObjects: 1.282100 ms CreateObjectMapping: 4.104200 ms MarkObjects: 8.460700 ms  DeleteObjects: 5.561900 ms)

Prepare: number of updated asset objects reloaded= 0
EnvironmentDependencyValues requested are different than current active one (requested -> active):
  graphicsApiMask: 2099200 -> 2361344
========================================================================
Received Prepare
AcceleratorClientConnectionCallback - disconnected - :0
[Licensing::Client] Successfully resolved entitlement details
[Licensing::Client] Successfully resolved entitlement details
Begin MonoManager ReloadAssembly
Refreshing native plugins compatible for Editor in 5.20 ms, found 5 plugins.
Native extension for Android target not found
Native extension for WindowsStandalone target not found
Native extension for WebGL target not found
[Package Manager] Failed to launch server process. Reason: Unity was launched with the -noUpm command-line argument
[Package Manager] Unable to send message (not connected to server process).
[Package Manager] Cannot connect to Unity Package Manager local server
[Package Manager] Failed to launch server process. Reason: Unity was launched with the -noUpm command-line argument
[Package Manager] Unable to send message (not connected to server process).
[Package Manager] Cannot connect to Unity Package Manager local server
ScheduleIndexationOnStartup MainProcess:False IndexOnStartup:True
Mono: successfully reloaded assembly
- Finished resetting the current domain, in  1.337 seconds
Domain Reload Profiling: 2753ms
	BeginReloadAssembly (448ms)
		DisableScriptedObjects (75ms)
		CreateAndSetChildDomain (99ms)
	RebuildCommonClasses (13ms)
	RebuildNativeTypeToScriptingClass (26ms)
	initialDomainReloadingComplete (137ms)
	LoadAllAssembliesAndSetupDomain (790ms)
		LoadAssemblies (724ms)
		AnalyzeDomain (27ms)
			TypeCache.Refresh (12ms)
			ResolveRequiredComponents (9ms)
	FinalizeReload (1339ms)
		SetupLoadedEditorAssemblies (0ms)
			InitializePlatformSupportModulesInManaged (11ms)
			BeforeProcessingInitializeOnLoad (146ms)
			ProcessInitializeOnLoadAttributes (503ms)
			ProcessInitializeOnLoadMethodAttributes (253ms)
			AfterProcessingInitializeOnLoad (17ms)
		AwakeInstancesAfterBackupRestoration (56ms)
Refreshing native plugins compatible for Editor in 6.63 ms, found 5 plugins.
Unloading 34 Unused Serialized files (Serialized files now loaded: 0)
Unloading 7858 unused Assets / (7.1 MB). Loaded Objects now: 8896.
Memory consumption went from 381.9 MB to 374.8 MB.
Total: 20.995600 ms (FindLiveObjects: 1.297400 ms CreateObjectMapping: 4.418500 ms MarkObjects: 8.558900 ms  DeleteObjects: 6.719500 ms)

Prepare: number of updated asset objects reloaded= 0
EnvironmentDependencyValues requested are different than current active one (requested -> active):
  graphicsApiMask: 2099200 -> 2361344
========================================================================
Received Prepare
AcceleratorClientConnectionCallback - disconnected - :0
Refreshing native plugins compatible for Editor in 4.56 ms, found 5 plugins.
Unloading 34 Unused Serialized files (Serialized files now loaded: 0)
Unloading 7840 unused Assets / (7.6 MB). Loaded Objects now: 8896.
Memory consumption went from 382.1 MB to 374.5 MB.
Total: 19.244600 ms (FindLiveObjects: 1.150200 ms CreateObjectMapping: 4.091900 ms MarkObjects: 8.525200 ms  DeleteObjects: 5.475700 ms)

Prepare: number of updated asset objects reloaded= 0
EnvironmentDependencyValues requested are different than current active one (requested -> active):
  graphicsApiMask: 2099200 -> 2361344
========================================================================
Received Prepare
AcceleratorClientConnectionCallback - disconnected - :0
[Licensing::Client] Successfully resolved entitlement details
[Licensing::Client] Successfully resolved entitlement details
Begin MonoManager ReloadAssembly
Refreshing native plugins compatible for Editor in 6.71 ms, found 5 plugins.
Native extension for Android target not found
Native extension for WindowsStandalone target not found
Native extension for WebGL target not found
[Package Manager] Failed to launch server process. Reason: Unity was launched with the -noUpm command-line argument
[Package Manager] Unable to send message (not connected to server process).
[Package Manager] Cannot connect to Unity Package Manager local server
[Package Manager] Failed to launch server process. Reason: Unity was launched with the -noUpm command-line argument
[Package Manager] Unable to send message (not connected to server process).
[Package Manager] Cannot connect to Unity Package Manager local server
ScheduleIndexationOnStartup MainProcess:False IndexOnStartup:True
Mono: successfully reloaded assembly
- Finished resetting the current domain, in  1.536 seconds
Domain Reload Profiling: 3738ms
	BeginReloadAssembly (446ms)
		DisableScriptedObjects (83ms)
		CreateAndSetChildDomain (86ms)
	RebuildCommonClasses (14ms)
	RebuildNativeTypeToScriptingClass (28ms)
	initialDomainReloadingComplete (149ms)
	LoadAllAssembliesAndSetupDomain (1562ms)
		LoadAssemblies (872ms)
		AnalyzeDomain (613ms)
			TypeCache.Refresh (24ms)
			BuildScriptInfoCaches (573ms)
			ResolveRequiredComponents (11ms)
	FinalizeReload (1538ms)
		SetupLoadedEditorAssemblies (0ms)
			InitializePlatformSupportModulesInManaged (15ms)
			BeforeProcessingInitializeOnLoad (188ms)
			ProcessInitializeOnLoadAttributes (543ms)
			ProcessInitializeOnLoadMethodAttributes (281ms)
			AfterProcessingInitializeOnLoad (25ms)
		AwakeInstancesAfterBackupRestoration (56ms)
Refreshing native plugins compatible for Editor in 8.24 ms, found 5 plugins.
Unloading 34 Unused Serialized files (Serialized files now loaded: 0)
Unloading 7858 unused Assets / (7.4 MB). Loaded Objects now: 8899.
Memory consumption went from 385.0 MB to 377.6 MB.
Total: 22.770000 ms (FindLiveObjects: 1.578300 ms CreateObjectMapping: 4.706700 ms MarkObjects: 9.850100 ms  DeleteObjects: 6.633600 ms)

Prepare: number of updated asset objects reloaded= 0
EnvironmentDependencyValues requested are different than current active one (requested -> active):
  graphicsApiMask: 2099200 -> 2361344
========================================================================
Received Prepare
AcceleratorClientConnectionCallback - disconnected - :0
Refreshing native plugins compatible for Editor in 5.38 ms, found 5 plugins.
Unloading 34 Unused Serialized files (Serialized files now loaded: 0)
Unloading 7840 unused Assets / (7.3 MB). Loaded Objects now: 8899.
Memory consumption went from 385.2 MB to 378.0 MB.
Total: 18.281000 ms (FindLiveObjects: 1.411500 ms CreateObjectMapping: 4.276700 ms MarkObjects: 7.579200 ms  DeleteObjects: 5.012400 ms)

Prepare: number of updated asset objects reloaded= 0
EnvironmentDependencyValues requested are different than current active one (requested -> active):
  graphicsApiMask: 2099200 -> 2361344
========================================================================
Received Import Request.
  Time of request: 2026-08-15T11:13:51.7628818Z
  Time since last request: 672.55156299999999 seconds.
  importAddress: GUID: f6797e5b86dd85e49bbb3369427040df - Path: Assets/_Project/Scripts/Scopes/GameLifetimeScope.cs - Importer: PreviewImporter
Importing 'GUID: f6797e5b86dd85e49bbb3369427040df - Path: Assets/_Project/Scripts/Scopes/GameLifetimeScope.cs - Importer: PreviewImporter' with importer (PreviewImporter)
Imported 'GUID: f6797e5b86dd85e49bbb3369427040df' -> (Import Result ID: '2dd9558b9aeecdb97c12775741b1fe46') in 0.002 seconds [static and dynamic dependencies]. Details - ImportResultOutputID=2aae3bc5cf5e67c673adec496414527f DependenciesID=e9b43f7d51aaec90b4badfc680ff09d4 StaticDependenciesID=7204c00cfb460d18fa16626ad9d99be2 
Number of updated asset objects reloaded before import = 0
Number of asset objects unloaded after import = 0
========================================================================
Received Prepare
AcceleratorClientConnectionCallback - disconnected - :0
Begin MonoManager ReloadAssembly
Refreshing native plugins compatible for Editor in 5.90 ms, found 5 plugins.
Native extension for Android target not found
Native extension for WindowsStandalone target not found
Native extension for WebGL target not found
[Package Manager] Failed to launch server process. Reason: Unity was launched with the -noUpm command-line argument
[Package Manager] Unable to send message (not connected to server process).
[Package Manager] Cannot connect to Unity Package Manager local server
[Package Manager] Failed to launch server process. Reason: Unity was launched with the -noUpm command-line argument
[Package Manager] Unable to send message (not connected to server process).
[Package Manager] Cannot connect to Unity Package Manager local server
ScheduleIndexationOnStartup MainProcess:False IndexOnStartup:True
Mono: successfully reloaded assembly
- Finished resetting the current domain, in  1.486 seconds
Domain Reload Profiling: 3380ms
	BeginReloadAssembly (413ms)
		DisableScriptedObjects (63ms)
		CreateAndSetChildDomain (89ms)
	RebuildCommonClasses (13ms)
	RebuildNativeTypeToScriptingClass (26ms)
	initialDomainReloadingComplete (136ms)
	LoadAllAssembliesAndSetupDomain (1302ms)
		LoadAssemblies (738ms)
		AnalyzeDomain (494ms)
			TypeCache.Refresh (19ms)
			BuildScriptInfoCaches (463ms)
			ResolveRequiredComponents (9ms)
	FinalizeReload (1489ms)
		SetupLoadedEditorAssemblies (0ms)
			InitializePlatformSupportModulesInManaged (14ms)
			BeforeProcessingInitializeOnLoad (191ms)
			ProcessInitializeOnLoadAttributes (514ms)
			ProcessInitializeOnLoadMethodAttributes (271ms)
			AfterProcessingInitializeOnLoad (18ms)
		AwakeInstancesAfterBackupRestoration (67ms)
Refreshing native plugins compatible for Editor in 6.34 ms, found 5 plugins.
Unloading 34 Unused Serialized files (Serialized files now loaded: 0)
Unloading 7858 unused Assets / (7.6 MB). Loaded Objects now: 8902.
Memory consumption went from 386.5 MB to 378.9 MB.
Total: 21.579200 ms (FindLiveObjects: 1.732200 ms CreateObjectMapping: 4.304800 ms MarkObjects: 9.001500 ms  DeleteObjects: 6.539000 ms)

Prepare: number of updated asset objects reloaded= 0
EnvironmentDependencyValues requested are different than current active one (requested -> active):
  graphicsApiMask: 2099200 -> 2361344
========================================================================
Received Prepare
AcceleratorClientConnectionCallback - disconnected - :0
[Licensing::Client] Successfully resolved entitlement details
[Licensing::Client] Successfully resolved entitlement details
Begin MonoManager ReloadAssembly
Refreshing native plugins compatible for Editor in 6.39 ms, found 5 plugins.
Native extension for Android target not found
Native extension for WindowsStandalone target not found
Native extension for WebGL target not found
[Package Manager] Failed to launch server process. Reason: Unity was launched with the -noUpm command-line argument
[Package Manager] Unable to send message (not connected to server process).
[Package Manager] Cannot connect to Unity Package Manager local server
[Package Manager] Failed to launch server process. Reason: Unity was launched with the -noUpm command-line argument
[Package Manager] Unable to send message (not connected to server process).
[Package Manager] Cannot connect to Unity Package Manager local server
ScheduleIndexationOnStartup MainProcess:False IndexOnStartup:True
Mono: successfully reloaded assembly
- Finished resetting the current domain, in  1.351 seconds
Domain Reload Profiling: 2826ms
	BeginReloadAssembly (454ms)
		DisableScriptedObjects (70ms)
		CreateAndSetChildDomain (94ms)
	RebuildCommonClasses (15ms)
	RebuildNativeTypeToScriptingClass (35ms)
	initialDomainReloadingComplete (142ms)
	LoadAllAssembliesAndSetupDomain (829ms)
		LoadAssemblies (754ms)
		AnalyzeDomain (35ms)
			TypeCache.Refresh (15ms)
			ResolveRequiredComponents (10ms)
	FinalizeReload (1352ms)
		SetupLoadedEditorAssemblies (0ms)
			InitializePlatformSupportModulesInManaged (16ms)
			BeforeProcessingInitializeOnLoad (151ms)
			ProcessInitializeOnLoadAttributes (482ms)
			ProcessInitializeOnLoadMethodAttributes (245ms)
			AfterProcessingInitializeOnLoad (17ms)
		AwakeInstancesAfterBackupRestoration (57ms)
Refreshing native plugins compatible for Editor in 6.50 ms, found 5 plugins.
Unloading 34 Unused Serialized files (Serialized files now loaded: 0)
Unloading 7858 unused Assets / (7.5 MB). Loaded Objects now: 8905.
Memory consumption went from 387.7 MB to 380.2 MB.
Total: 20.890700 ms (FindLiveObjects: 1.395500 ms CreateObjectMapping: 4.062000 ms MarkObjects: 9.952600 ms  DeleteObjects: 5.479400 ms)

Prepare: number of updated asset objects reloaded= 0
EnvironmentDependencyValues requested are different than current active one (requested -> active):
  graphicsApiMask: 2099200 -> 2361344
========================================================================
Received Import Request.
  Time of request: 2026-08-15T11:18:57.6354912Z
  Time since last request: 305.84693299999998 seconds.
  importAddress: GUID: 14ff13426137b134abfcc2100fc19f8b - Path: Assets/_Project/Scripts/Characters/HeroController.cs - Importer: ScriptedImporter/UnityEditor.QuickSearchModule:UnityEditor.Search:ASIAI0B
Importing 'GUID: 14ff13426137b134abfcc2100fc19f8b - Path: Assets/_Project/Scripts/Characters/HeroController.cs - Importer: ScriptedImporter/UnityEditor.QuickSearchModule:UnityEditor.Search:ASIAI0B' with importer (ScriptedImporter : UnityEditor.QuickSearchModule:UnityEditor.Search:ASIAI0B)
Imported 'GUID: 14ff13426137b134abfcc2100fc19f8b' -> (Import Result ID: '34678f46c9c8fb829f5eeb9664f80e96') in 0.114 seconds [static and dynamic dependencies]. Details - ImportResultOutputID=afcf249535d547183361f667f9da8317 DependenciesID=18f753882943df776136f5146f583491 StaticDependenciesID=89437f22b1a7dbf43c1d16077e668c76 
Number of updated asset objects reloaded before import = 0
Number of asset objects unloaded after import = 0
========================================================================
Received Prepare
AcceleratorClientConnectionCallback - disconnected - :0
Refreshing native plugins compatible for Editor in 5.56 ms, found 5 plugins.
Unloading 34 Unused Serialized files (Serialized files now loaded: 0)
Unloading 7840 unused Assets / (8.7 MB). Loaded Objects now: 8905.
Memory consumption went from 386.1 MB to 377.4 MB.
Total: 20.298800 ms (FindLiveObjects: 1.310700 ms CreateObjectMapping: 4.002100 ms MarkObjects: 7.632700 ms  DeleteObjects: 7.351400 ms)

Prepare: number of updated asset objects reloaded= 0
EnvironmentDependencyValues requested are different than current active one (requested -> active):
  graphicsApiMask: 2099200 -> 2361344
========================================================================
Received Import Request.
  Time of request: 2026-08-15T11:18:59.1876696Z
  Time since last request: 1.40379 seconds.
  importAddress: GUID: ec0ac95e9016904499dba55a3fd1177e - Path: Assets/_Project/UI/EntityHealthView.cs - Importer: ScriptedImporter/UnityEditor.QuickSearchModule:UnityEditor.Search:ASIAI0B
Importing 'GUID: ec0ac95e9016904499dba55a3fd1177e - Path: Assets/_Project/UI/EntityHealthView.cs - Importer: ScriptedImporter/UnityEditor.QuickSearchModule:UnityEditor.Search:ASIAI0B' with importer (ScriptedImporter : UnityEditor.QuickSearchModule:UnityEditor.Search:ASIAI0B)
Imported 'GUID: ec0ac95e9016904499dba55a3fd1177e' -> (Import Result ID: 'f83b1a15a698100d5a68fffa9eb5fc7d') in 0.010 seconds [static and dynamic dependencies]. Details - ImportResultOutputID=dd8b257a0801f8e66ee15f898040f0d1 DependenciesID=71a5067d5e3619cb029bdf1e4bec8436 StaticDependenciesID=7b3c69adcbfbbcf1dd2e68a584cca3e8 
Number of updated asset objects reloaded before import = 0
Number of asset objects unloaded after import = 0
========================================================================
Received Prepare
AcceleratorClientConnectionCallback - disconnected - :0
Refreshing native plugins compatible for Editor in 6.15 ms, found 5 plugins.
Unloading 34 Unused Serialized files (Serialized files now loaded: 0)
Unloading 7840 unused Assets / (7.7 MB). Loaded Objects now: 8905.
Memory consumption went from 386.0 MB to 378.3 MB.
Total: 44.495900 ms (FindLiveObjects: 3.406400 ms CreateObjectMapping: 8.379400 ms MarkObjects: 23.167100 ms  DeleteObjects: 9.540800 ms)

Prepare: number of updated asset objects reloaded= 0
EnvironmentDependencyValues requested are different than current active one (requested -> active):
  graphicsApiMask: 2099200 -> 2361344
========================================================================
Received Import Request.
  Time of request: 2026-08-15T11:19:09.9676193Z
  Time since last request: 10.7252225 seconds.
  importAddress: GUID: 5c44397ee31b07640bb13f757ba0b594 - Path: Assets/_Project/Scripts/Characters/EnemyController.cs - Importer: ScriptedImporter/UnityEditor.QuickSearchModule:UnityEditor.Search:ASIAI0B
Importing 'GUID: 5c44397ee31b07640bb13f757ba0b594 - Path: Assets/_Project/Scripts/Characters/EnemyController.cs - Importer: ScriptedImporter/UnityEditor.QuickSearchModule:UnityEditor.Search:ASIAI0B' with importer (ScriptedImporter : UnityEditor.QuickSearchModule:UnityEditor.Search:ASIAI0B)
Imported 'GUID: 5c44397ee31b07640bb13f757ba0b594' -> (Import Result ID: '8d1192d31cd0e1926a5e422f47d1f2d6') in 0.006 seconds [static and dynamic dependencies]. Details - ImportResultOutputID=7e5a941513aca04811d9d55e30b6aa60 DependenciesID=109dc6646431b53147d41a885d9944b9 StaticDependenciesID=ddcf0f10a166d2905a780067651aa2e2 
Number of updated asset objects reloaded before import = 0
Number of asset objects unloaded after import = 0
========================================================================
Received Import Request.
  Time of request: 2026-08-15T11:19:10.0098437Z
  Time since last request: 0.0012038 seconds.
  importAddress: GUID: ec0ac95e9016904499dba55a3fd1177e - Path: Assets/_Project/UI/EntityHealthView.cs - Importer: PreviewImporter
Importing 'GUID: ec0ac95e9016904499dba55a3fd1177e - Path: Assets/_Project/UI/EntityHealthView.cs - Importer: PreviewImporter' with importer (PreviewImporter)
Imported 'GUID: ec0ac95e9016904499dba55a3fd1177e' -> (Import Result ID: 'a4f9c3882c05c2c171d156b70cea43f9') in 0.001 seconds [static and dynamic dependencies]. Details - ImportResultOutputID=6b6ee95b0e89939cd034e7d2c801ca91 DependenciesID=482e14c131eff12900d79ae64ba7b90b StaticDependenciesID=077e1d6eac42376efda4cd7513e0ac2c 
Number of updated asset objects reloaded before import = 0
Number of asset objects unloaded after import = 0
========================================================================
Received Import Request.
  Time of request: 2026-08-15T11:19:10.0485065Z
  Time since last request: 0.0014383 seconds.
  importAddress: GUID: ec0ac95e9016904499dba55a3fd1177e - Path: Assets/_Project/UI/EntityHealthView.cs - Importer: PreviewImporter
Importing 'GUID: ec0ac95e9016904499dba55a3fd1177e - Path: Assets/_Project/UI/EntityHealthView.cs - Importer: PreviewImporter' with importer (PreviewImporter)
Imported 'GUID: ec0ac95e9016904499dba55a3fd1177e' -> (Import Result ID: 'a4f9c3882c05c2c171d156b70cea43f9') in 0.001 seconds [static and dynamic dependencies]. Details - ImportResultOutputID=6b6ee95b0e89939cd034e7d2c801ca91 DependenciesID=482e14c131eff12900d79ae64ba7b90b StaticDependenciesID=077e1d6eac42376efda4cd7513e0ac2c 
Number of updated asset objects reloaded before import = 0
Number of asset objects unloaded after import = 0
========================================================================
Received Prepare
AcceleratorClientConnectionCallback - disconnected - :0
[Licensing::Client] Successfully resolved entitlement details
[Licensing::Client] Successfully resolved entitlement details
Begin MonoManager ReloadAssembly
Refreshing native plugins compatible for Editor in 5.60 ms, found 5 plugins.
Native extension for Android target not found
Native extension for WindowsStandalone target not found
Native extension for WebGL target not found
[Package Manager] Failed to launch server process. Reason: Unity was launched with the -noUpm command-line argument
[Package Manager] Unable to send message (not connected to server process).
[Package Manager] Cannot connect to Unity Package Manager local server
[Package Manager] Failed to launch server process. Reason: Unity was launched with the -noUpm command-line argument
[Package Manager] Unable to send message (not connected to server process).
[Package Manager] Cannot connect to Unity Package Manager local server
ScheduleIndexationOnStartup MainProcess:False IndexOnStartup:True
Mono: successfully reloaded assembly
- Finished resetting the current domain, in  1.300 seconds
Domain Reload Profiling: 3315ms
	BeginReloadAssembly (462ms)
		DisableScriptedObjects (75ms)
		CreateAndSetChildDomain (101ms)
	RebuildCommonClasses (13ms)
	RebuildNativeTypeToScriptingClass (27ms)
	initialDomainReloadingComplete (142ms)
	LoadAllAssembliesAndSetupDomain (1370ms)
		LoadAssemblies (771ms)
		AnalyzeDomain (553ms)
			TypeCache.Refresh (18ms)
			BuildScriptInfoCaches (522ms)
			ResolveRequiredComponents (9ms)
	FinalizeReload (1301ms)
		SetupLoadedEditorAssemblies (0ms)
			InitializePlatformSupportModulesInManaged (14ms)
			BeforeProcessingInitializeOnLoad (186ms)
			ProcessInitializeOnLoadAttributes (465ms)
			ProcessInitializeOnLoadMethodAttributes (220ms)
			AfterProcessingInitializeOnLoad (15ms)
		AwakeInstancesAfterBackupRestoration (45ms)
Refreshing native plugins compatible for Editor in 6.44 ms, found 5 plugins.
Unloading 34 Unused Serialized files (Serialized files now loaded: 0)
Unloading 7858 unused Assets / (8.3 MB). Loaded Objects now: 8908.
Memory consumption went from 387.6 MB to 379.3 MB.
Total: 20.725400 ms (FindLiveObjects: 1.212300 ms CreateObjectMapping: 4.200600 ms MarkObjects: 8.826200 ms  DeleteObjects: 6.485000 ms)

Prepare: number of updated asset objects reloaded= 0
EnvironmentDependencyValues requested are different than current active one (requested -> active):
  graphicsApiMask: 2099200 -> 2361344
========================================================================
Received Prepare
AcceleratorClientConnectionCallback - disconnected - :0
Refreshing native plugins compatible for Editor in 5.91 ms, found 5 plugins.
Unloading 34 Unused Serialized files (Serialized files now loaded: 0)
Unloading 7840 unused Assets / (7.3 MB). Loaded Objects now: 8908.
Memory consumption went from 387.8 MB to 380.5 MB.
Total: 17.786500 ms (FindLiveObjects: 1.142200 ms CreateObjectMapping: 3.641700 ms MarkObjects: 7.780700 ms  DeleteObjects: 5.220800 ms)

Prepare: number of updated asset objects reloaded= 0
EnvironmentDependencyValues requested are different than current active one (requested -> active):
  graphicsApiMask: 2099200 -> 2361344
========================================================================
Received Import Request.
  Time of request: 2026-08-15T11:19:24.8606063Z
  Time since last request: 14.7752745 seconds.
  importAddress: GUID: ec0ac95e9016904499dba55a3fd1177e - Path: Assets/_Project/UI/EntityHealthView.cs - Importer: PreviewImporter
Importing 'GUID: ec0ac95e9016904499dba55a3fd1177e - Path: Assets/_Project/UI/EntityHealthView.cs - Importer: PreviewImporter' with importer (PreviewImporter)
Imported 'GUID: ec0ac95e9016904499dba55a3fd1177e' -> (Import Result ID: '5fb44686959b19b72f0ca0acb5b8ca34') in 0.001 seconds [static and dynamic dependencies]. Details - ImportResultOutputID=6b6ee95b0e89939cd034e7d2c801ca91 DependenciesID=4b4073dff7b737c8305a5b0a18da369f StaticDependenciesID=40337daf08a1a1cc00f4e7728102344c 
Number of updated asset objects reloaded before import = 0
Number of asset objects unloaded after import = 0
========================================================================
Received Prepare
AcceleratorClientConnectionCallback - disconnected - :0
Refreshing native plugins compatible for Editor in 5.00 ms, found 5 plugins.
Unloading 34 Unused Serialized files (Serialized files now loaded: 0)
Unloading 7840 unused Assets / (7.6 MB). Loaded Objects now: 8908.
Memory consumption went from 387.9 MB to 380.3 MB.
Total: 20.694000 ms (FindLiveObjects: 1.187700 ms CreateObjectMapping: 3.738500 ms MarkObjects: 8.885200 ms  DeleteObjects: 6.881500 ms)

Prepare: number of updated asset objects reloaded= 0
EnvironmentDependencyValues requested are different than current active one (requested -> active):
  graphicsApiMask: 2099200 -> 2361344
========================================================================
Received Prepare
AcceleratorClientConnectionCallback - disconnected - :0
Begin MonoManager ReloadAssembly
Refreshing native plugins compatible for Editor in 5.62 ms, found 5 plugins.
Native extension for Android target not found
Native extension for WindowsStandalone target not found
Native extension for WebGL target not found
[Package Manager] Failed to launch server process. Reason: Unity was launched with the -noUpm command-line argument
[Package Manager] Unable to send message (not connected to server process).
[Package Manager] Cannot connect to Unity Package Manager local server
[Package Manager] Failed to launch server process. Reason: Unity was launched with the -noUpm command-line argument
[Package Manager] Unable to send message (not connected to server process).
[Package Manager] Cannot connect to Unity Package Manager local server
ScheduleIndexationOnStartup MainProcess:False IndexOnStartup:True
Mono: successfully reloaded assembly
- Finished resetting the current domain, in  1.214 seconds
Domain Reload Profiling: 3022ms
	BeginReloadAssembly (453ms)
		DisableScriptedObjects (85ms)
		CreateAndSetChildDomain (97ms)
	RebuildCommonClasses (13ms)
	RebuildNativeTypeToScriptingClass (26ms)
	initialDomainReloadingComplete (130ms)
	LoadAllAssembliesAndSetupDomain (1185ms)
		LoadAssemblies (731ms)
		AnalyzeDomain (429ms)
			TypeCache.Refresh (17ms)
			BuildScriptInfoCaches (401ms)
			ResolveRequiredComponents (8ms)
	FinalizeReload (1215ms)
		SetupLoadedEditorAssemblies (0ms)
			InitializePlatformSupportModulesInManaged (12ms)
			BeforeProcessingInitializeOnLoad (146ms)
			ProcessInitializeOnLoadAttributes (433ms)
			ProcessInitializeOnLoadMethodAttributes (222ms)
			AfterProcessingInitializeOnLoad (14ms)
		AwakeInstancesAfterBackupRestoration (45ms)
Refreshing native plugins compatible for Editor in 5.82 ms, found 5 plugins.
Unloading 34 Unused Serialized files (Serialized files now loaded: 0)
Unloading 7858 unused Assets / (8.1 MB). Loaded Objects now: 8911.
Memory consumption went from 389.4 MB to 381.3 MB.
Total: 18.830600 ms (FindLiveObjects: 1.259300 ms CreateObjectMapping: 3.647000 ms MarkObjects: 7.357100 ms  DeleteObjects: 6.566100 ms)

Prepare: number of updated asset objects reloaded= 0
EnvironmentDependencyValues requested are different than current active one (requested -> active):
  graphicsApiMask: 2099200 -> 2361344
========================================================================
Received Prepare
AcceleratorClientConnectionCallback - disconnected - :0
Refreshing native plugins compatible for Editor in 5.38 ms, found 5 plugins.
Unloading 34 Unused Serialized files (Serialized files now loaded: 0)
Unloading 7840 unused Assets / (7.6 MB). Loaded Objects now: 8911.
Memory consumption went from 389.6 MB to 382.0 MB.
Total: 21.322600 ms (FindLiveObjects: 1.306400 ms CreateObjectMapping: 3.770300 ms MarkObjects: 11.131200 ms  DeleteObjects: 5.113700 ms)

Prepare: number of updated asset objects reloaded= 0
EnvironmentDependencyValues requested are different than current active one (requested -> active):
  graphicsApiMask: 2099200 -> 2361344
========================================================================
Received Prepare
AcceleratorClientConnectionCallback - disconnected - :0
Begin MonoManager ReloadAssembly
[Licensing::Client] Successfully resolved entitlement details
Refreshing native plugins compatible for Editor in 7.01 ms, found 5 plugins.
Native extension for Android target not found
Native extension for WindowsStandalone target not found
Native extension for WebGL target not found
[Package Manager] Failed to launch server process. Reason: Unity was launched with the -noUpm command-line argument
[Package Manager] Unable to send message (not connected to server process).
[Package Manager] Cannot connect to Unity Package Manager local server
[Package Manager] Failed to launch server process. Reason: Unity was launched with the -noUpm command-line argument
[Package Manager] Unable to send message (not connected to server process).
[Package Manager] Cannot connect to Unity Package Manager local server
ScheduleIndexationOnStartup MainProcess:False IndexOnStartup:True
Mono: successfully reloaded assembly
- Finished resetting the current domain, in  1.177 seconds
Domain Reload Profiling: 3043ms
	BeginReloadAssembly (474ms)
		DisableScriptedObjects (102ms)
		CreateAndSetChildDomain (87ms)
	RebuildCommonClasses (14ms)
	RebuildNativeTypeToScriptingClass (34ms)
	initialDomainReloadingComplete (139ms)
	LoadAllAssembliesAndSetupDomain (1204ms)
		LoadAssemblies (719ms)
		AnalyzeDomain (464ms)
			TypeCache.Refresh (22ms)
			BuildScriptInfoCaches (428ms)
			ResolveRequiredComponents (11ms)
	FinalizeReload (1178ms)
		SetupLoadedEditorAssemblies (0ms)
			InitializePlatformSupportModulesInManaged (13ms)
			BeforeProcessingInitializeOnLoad (143ms)
			ProcessInitializeOnLoadAttributes (434ms)
			ProcessInitializeOnLoadMethodAttributes (206ms)
			AfterProcessingInitializeOnLoad (14ms)
		AwakeInstancesAfterBackupRestoration (42ms)
Refreshing native plugins compatible for Editor in 5.29 ms, found 5 plugins.
Unloading 34 Unused Serialized files (Serialized files now loaded: 0)
Unloading 7858 unused Assets / (7.2 MB). Loaded Objects now: 8914.
Memory consumption went from 390.7 MB to 383.5 MB.
Total: 17.790400 ms (FindLiveObjects: 1.235500 ms CreateObjectMapping: 3.994800 ms MarkObjects: 7.601200 ms  DeleteObjects: 4.957600 ms)

Prepare: number of updated asset objects reloaded= 0
EnvironmentDependencyValues requested are different than current active one (requested -> active):
  graphicsApiMask: 2099200 -> 2361344
========================================================================
Received Prepare
AcceleratorClientConnectionCallback - disconnected - :0
Refreshing native plugins compatible for Editor in 4.81 ms, found 5 plugins.
Unloading 34 Unused Serialized files (Serialized files now loaded: 0)
Unloading 7840 unused Assets / (7.5 MB). Loaded Objects now: 8914.
Memory consumption went from 390.9 MB to 383.4 MB.
Total: 23.178100 ms (FindLiveObjects: 1.111900 ms CreateObjectMapping: 3.524700 ms MarkObjects: 12.129400 ms  DeleteObjects: 6.411000 ms)

Prepare: number of updated asset objects reloaded= 0
EnvironmentDependencyValues requested are different than current active one (requested -> active):
  graphicsApiMask: 2099200 -> 2361344
========================================================================
Received Import Request.
  Time of request: 2026-08-15T11:20:50.632705Z
  Time since last request: 85.74883749999999 seconds.
  importAddress: GUID: 5c44397ee31b07640bb13f757ba0b594 - Path: Assets/_Project/Scripts/Characters/EnemyController.cs - Importer: PreviewImporter
Importing 'GUID: 5c44397ee31b07640bb13f757ba0b594 - Path: Assets/_Project/Scripts/Characters/EnemyController.cs - Importer: PreviewImporter' with importer (PreviewImporter)
Imported 'GUID: 5c44397ee31b07640bb13f757ba0b594' -> (Import Result ID: 'df0c81170e51c34e5de5f1465dcb95c3') in 0.001 seconds [static and dynamic dependencies]. Details - ImportResultOutputID=560ef0f2a2b01ee43e9079ef642e4006 DependenciesID=5968827ecb77caa7387b43e2fcbacaca StaticDependenciesID=758531c4ca899811eefedc751d424b68 
Number of updated asset objects reloaded before import = 0
Number of asset objects unloaded after import = 0
========================================================================
Received Prepare
AcceleratorClientConnectionCallback - disconnected - :0
[Licensing::Client] Successfully resolved entitlement details
[Licensing::Client] Successfully resolved entitlement details
Begin MonoManager ReloadAssembly
Refreshing native plugins compatible for Editor in 5.09 ms, found 5 plugins.
Native extension for Android target not found
Native extension for WindowsStandalone target not found
Native extension for WebGL target not found
[Package Manager] Failed to launch server process. Reason: Unity was launched with the -noUpm command-line argument
[Package Manager] Unable to send message (not connected to server process).
[Package Manager] Cannot connect to Unity Package Manager local server
[Package Manager] Failed to launch server process. Reason: Unity was launched with the -noUpm command-line argument
[Package Manager] Unable to send message (not connected to server process).
[Package Manager] Cannot connect to Unity Package Manager local server
ScheduleIndexationOnStartup MainProcess:False IndexOnStartup:True
Mono: successfully reloaded assembly
- Finished resetting the current domain, in  1.166 seconds
Domain Reload Profiling: 2939ms
	BeginReloadAssembly (438ms)
		DisableScriptedObjects (77ms)
		CreateAndSetChildDomain (98ms)
	RebuildCommonClasses (13ms)
	RebuildNativeTypeToScriptingClass (28ms)
	initialDomainReloadingComplete (126ms)
	LoadAllAssembliesAndSetupDomain (1167ms)
		LoadAssemblies (711ms)
		AnalyzeDomain (429ms)
			TypeCache.Refresh (18ms)
			BuildScriptInfoCaches (401ms)
			ResolveRequiredComponents (8ms)
	FinalizeReload (1167ms)
		SetupLoadedEditorAssemblies (0ms)
			InitializePlatformSupportModulesInManaged (13ms)
			BeforeProcessingInitializeOnLoad (151ms)
			ProcessInitializeOnLoadAttributes (417ms)
			ProcessInitializeOnLoadMethodAttributes (202ms)
			AfterProcessingInitializeOnLoad (15ms)
		AwakeInstancesAfterBackupRestoration (43ms)
Refreshing native plugins compatible for Editor in 6.12 ms, found 5 plugins.
Unloading 34 Unused Serialized files (Serialized files now loaded: 0)
Unloading 7858 unused Assets / (7.5 MB). Loaded Objects now: 8917.
Memory consumption went from 392.0 MB to 384.5 MB.
Total: 18.405500 ms (FindLiveObjects: 1.113800 ms CreateObjectMapping: 3.856300 ms MarkObjects: 7.553200 ms  DeleteObjects: 5.880900 ms)

Prepare: number of updated asset objects reloaded= 0
EnvironmentDependencyValues requested are different than current active one (requested -> active):
  graphicsApiMask: 2099200 -> 2361344
========================================================================
Received Prepare
AcceleratorClientConnectionCallback - disconnected - :0
Refreshing native plugins compatible for Editor in 4.88 ms, found 5 plugins.
Unloading 34 Unused Serialized files (Serialized files now loaded: 0)
Unloading 35 unused Assets / (3.3 MB). Loaded Objects now: 8917.
Memory consumption went from 386.4 MB to 383.2 MB.
Total: 14.755900 ms (FindLiveObjects: 0.628300 ms CreateObjectMapping: 1.876100 ms MarkObjects: 11.201600 ms  DeleteObjects: 1.048300 ms)

Prepare: number of updated asset objects reloaded= 0
EnvironmentDependencyValues requested are different than current active one (requested -> active):
  graphicsApiMask: 2099200 -> 2361344
========================================================================
Received Import Request.
  Time of request: 2026-08-15T11:22:25.7720266Z
  Time since last request: 95.1112487 seconds.
  importAddress: GUID: 859e9dfb68e64314c938b12ca748d762 - Path: Assets/_Project/Prefabs/Characters/Swordsman/Swordsman.prefab - Importer: PreviewImporter
Importing 'GUID: 859e9dfb68e64314c938b12ca748d762 - Path: Assets/_Project/Prefabs/Characters/Swordsman/Swordsman.prefab - Importer: PreviewImporter' with importer (PreviewImporter)
Imported 'GUID: 859e9dfb68e64314c938b12ca748d762' -> (Import Result ID: '195f1b8ba00a6a058e9a308bb9446704') in 0.689 seconds [static and dynamic dependencies]. Details - ImportResultOutputID=9fb1989046beea10f482954b5bb8c51d DependenciesID=1ac122d8236a8aeea802b4a97032a3d6 StaticDependenciesID=889327619c7267157f5b430e9866409d 
Number of updated asset objects reloaded before import = 0
Number of asset objects unloaded after import = 143
========================================================================
Received Prepare
AcceleratorClientConnectionCallback - disconnected - :0
Refreshing native plugins compatible for Editor in 5.82 ms, found 5 plugins.
Unloading 34 Unused Serialized files (Serialized files now loaded: 0)
Unloading 35 unused Assets / (3.3 MB). Loaded Objects now: 9009.
Memory consumption went from 394.8 MB to 391.6 MB.
Total: 18.502200 ms (FindLiveObjects: 0.761400 ms CreateObjectMapping: 1.455200 ms MarkObjects: 14.720700 ms  DeleteObjects: 1.562800 ms)

Prepare: number of updated asset objects reloaded= 0
EnvironmentDependencyValues requested are different than current active one (requested -> active):
  graphicsApiMask: 2099200 -> 2361344
========================================================================
Received Import Request.
  Time of request: 2026-08-15T11:24:48.8940981Z
  Time since last request: 142.40597080000001 seconds.
  importAddress: GUID: 10635f802b75d2448a04549ce203a1a2 - Path: Assets/_Project/Art/Items/Armor/armored-pants.png - Importer: PreviewImporter
Importing 'GUID: 10635f802b75d2448a04549ce203a1a2 - Path: Assets/_Project/Art/Items/Armor/armored-pants.png - Importer: PreviewImporter' with importer (PreviewImporter)
Imported 'GUID: 10635f802b75d2448a04549ce203a1a2' -> (Import Result ID: '41217f84c35428beaaa81c4029486257') in 0.048 seconds [static and dynamic dependencies]. Details - ImportResultOutputID=7d6a632109a3ecd4a5bf749f1ebe5b47 DependenciesID=2fba50e95e7f7c851d97b0ca7669c693 StaticDependenciesID=a347df742fdc99bbefd7b67286d8d313 
Number of updated asset objects reloaded before import = 0
Number of asset objects unloaded after import = 3
========================================================================
Received Import Request.
  Time of request: 2026-08-15T11:24:48.9743817Z
  Time since last request: 0.0016276 seconds.
  importAddress: GUID: 3b9da0218d414434db80a45d910ef133 - Path: Assets/_Project/Art/Characters/Slime/ASEPRITE/Slime1/Attack/Slime1_Attack_back.aseprite - Importer: PreviewImporter
Importing 'GUID: 3b9da0218d414434db80a45d910ef133 - Path: Assets/_Project/Art/Characters/Slime/ASEPRITE/Slime1/Attack/Slime1_Attack_back.aseprite - Importer: PreviewImporter' with importer (PreviewImporter)
Imported 'GUID: 3b9da0218d414434db80a45d910ef133' -> (Import Result ID: 'a6fe1c258f794ae6d00c5e4ffed57adc') in 0.358 seconds [static and dynamic dependencies]. Details - ImportResultOutputID=1a25e4e484019b7b4e21c4c1de09ffbe DependenciesID=6523186a5be753c96517cd22203ba51f StaticDependenciesID=7f9a34ccff31a24d6a1c2ee5861e1764 
Number of updated asset objects reloaded before import = 0
Number of asset objects unloaded after import = 21
========================================================================
Received Import Request.
  Time of request: 2026-08-15T11:24:50.076922Z
  Time since last request: 0.7140563 seconds.
  importAddress: GUID: dcd4fd50d8685c84ca6a0042fcb1e980 - Path: Assets/_Project/Art/Characters/Swordsman/ASEPRITE/Swordsman_lvl3/Swordsman_lvl3_Death/Swordsman_lvl3_Death_back.aseprite - Importer: PreviewImporter
Importing 'GUID: dcd4fd50d8685c84ca6a0042fcb1e980 - Path: Assets/_Project/Art/Characters/Swordsman/ASEPRITE/Swordsman_lvl3/Swordsman_lvl3_Death/Swordsman_lvl3_Death_back.aseprite - Importer: PreviewImporter' with importer (PreviewImporter)
Imported 'GUID: dcd4fd50d8685c84ca6a0042fcb1e980' -> (Import Result ID: '77e552ac285b206f55626d02013969bf') in 0.064 seconds [static and dynamic dependencies]. Details - ImportResultOutputID=88b3fc50c282c0b5e6ea8a469e6a7f2f DependenciesID=6b299a55e8c7c0175e27f864799bae4d StaticDependenciesID=bfecea49b6bf2c8cb64a9813029569f0 
Number of updated asset objects reloaded before import = 0
Number of asset objects unloaded after import = 18
========================================================================
Received Import Request.
  Time of request: 2026-08-15T11:24:50.6066829Z
  Time since last request: 0.4359192 seconds.
  importAddress: GUID: 7483aebfa152c8d4d89247bc59f0a696 - Path: Assets/_Project/Art/Characters/Swordsman/ASEPRITE/Swordsman_lvl3/Swordsman_lvl3_Death/Swordsman_lvl3_Death_side_left.aseprite - Importer: PreviewImporter
Importing 'GUID: 7483aebfa152c8d4d89247bc59f0a696 - Path: Assets/_Project/Art/Characters/Swordsman/ASEPRITE/Swordsman_lvl3/Swordsman_lvl3_Death/Swordsman_lvl3_Death_side_left.aseprite - Importer: PreviewImporter' with importer (PreviewImporter)
Imported 'GUID: 7483aebfa152c8d4d89247bc59f0a696' -> (Import Result ID: 'e186cb65908ac206e6afffea1cf8177e') in 0.059 seconds [static and dynamic dependencies]. Details - ImportResultOutputID=2226821a252982ef998224852cdc654e DependenciesID=64c1619684dee1784fc33f5579f53bd7 StaticDependenciesID=e024f837202d1bf3e608f5b5499c6f5f 
Number of updated asset objects reloaded before import = 0
Number of asset objects unloaded after import = 18
========================================================================
Received Import Request.
  Time of request: 2026-08-15T11:24:50.7026398Z
  Time since last request: 0.002908 seconds.
  importAddress: GUID: 5c4794f348ef44243a18fbabe8948161 - Path: Assets/_Project/Art/Characters/Swordsman/ASEPRITE/Swordsman_lvl3/Swordsman_lvl3_Death/Swordsman_lvl3_Death_side_right.aseprite - Importer: PreviewImporter
Importing 'GUID: 5c4794f348ef44243a18fbabe8948161 - Path: Assets/_Project/Art/Characters/Swordsman/ASEPRITE/Swordsman_lvl3/Swordsman_lvl3_Death/Swordsman_lvl3_Death_side_right.aseprite - Importer: PreviewImporter' with importer (PreviewImporter)
Imported 'GUID: 5c4794f348ef44243a18fbabe8948161' -> (Import Result ID: '016a2647f1d857bdce537423676c3003') in 0.050 seconds [static and dynamic dependencies]. Details - ImportResultOutputID=1dbc4b7dfce634d29d1845002baa48bf DependenciesID=cdfbe345312030c233c800ab1723e00e StaticDependenciesID=578b87f6ea6f1ba742273ed03cec9bbb 
Number of updated asset objects reloaded before import = 0
Number of asset objects unloaded after import = 18
========================================================================
Received Import Request.
  Time of request: 2026-08-15T11:24:51.1857865Z
  Time since last request: 0.4064047 seconds.
  importAddress: GUID: d60c7bb5aa4f1684f981d83f6f8d2b4b - Path: Assets/_Project/Art/Characters/Swordsman/ASEPRITE/Swordsman_lvl3/Swordsman_lvl3_Hurt/Swordsman_lvl3_Hurt_front.aseprite - Importer: PreviewImporter
Importing 'GUID: d60c7bb5aa4f1684f981d83f6f8d2b4b - Path: Assets/_Project/Art/Characters/Swordsman/ASEPRITE/Swordsman_lvl3/Swordsman_lvl3_Hurt/Swordsman_lvl3_Hurt_front.aseprite - Importer: PreviewImporter' with importer (PreviewImporter)
Imported 'GUID: d60c7bb5aa4f1684f981d83f6f8d2b4b' -> (Import Result ID: '7dd2fc729ddc1ae170ce9c0dc9a75106') in 0.045 seconds [static and dynamic dependencies]. Details - ImportResultOutputID=fb194dba1fef7e29eae795a83594bfa1 DependenciesID=716a66f2f23ccdb923731a7ac6f9859a StaticDependenciesID=3d213aa504691d8920ecf6e4f8578516 
Number of updated asset objects reloaded before import = 0
Number of asset objects unloaded after import = 16
========================================================================
Received Import Request.
  Time of request: 2026-08-15T11:24:51.2558606Z
  Time since last request: 0.0017341 seconds.
  importAddress: GUID: b56484cf88340a4489f92bdcde09744f - Path: Assets/_Project/Art/Characters/Swordsman/ASEPRITE/Swordsman_lvl3/Swordsman_lvl3_Hurt/Swordsman_lvl3_Hurt_side_left.aseprite - Importer: PreviewImporter
Importing 'GUID: b56484cf88340a4489f92bdcde09744f - Path: Assets/_Project/Art/Characters/Swordsman/ASEPRITE/Swordsman_lvl3/Swordsman_lvl3_Hurt/Swordsman_lvl3_Hurt_side_left.aseprite - Importer: PreviewImporter' with importer (PreviewImporter)
Imported 'GUID: b56484cf88340a4489f92bdcde09744f' -> (Import Result ID: 'dce648145390a3851a0d9a0dc243350c') in 0.048 seconds [static and dynamic dependencies]. Details - ImportResultOutputID=df7fcfaa723b525d36ccde3b147b5145 DependenciesID=df6ff7f762177e9cb2a29834cbe661ab StaticDependenciesID=ad2be86ebb8198043a2b9c8e45aaa448 
Number of updated asset objects reloaded before import = 0
Number of asset objects unloaded after import = 16
========================================================================
Received Import Request.
  Time of request: 2026-08-15T11:24:51.335043Z
  Time since last request: 0.000761 seconds.
  importAddress: GUID: 25fe1a805e32efc4583635607dc0601d - Path: Assets/_Project/Art/Characters/Swordsman/ASEPRITE/Swordsman_lvl3/Swordsman_lvl3_Attack/Swordsman_lvl3_attack_back.aseprite - Importer: PreviewImporter
Importing 'GUID: 25fe1a805e32efc4583635607dc0601d - Path: Assets/_Project/Art/Characters/Swordsman/ASEPRITE/Swordsman_lvl3/Swordsman_lvl3_Attack/Swordsman_lvl3_attack_back.aseprite - Importer: PreviewImporter' with importer (PreviewImporter)
Imported 'GUID: 25fe1a805e32efc4583635607dc0601d' -> (Import Result ID: '9f07b9e3e6f101c756ad848a29d8ecf2') in 0.062 seconds [static and dynamic dependencies]. Details - ImportResultOutputID=77d1428cc6135290ecad1d2a1434be90 DependenciesID=62dbc14babe37fc2f7993755fca40db0 StaticDependenciesID=eaeb6c12f23ba6d3c21df13546e7c5cd 
Number of updated asset objects reloaded before import = 0
Number of asset objects unloaded after import = 19
========================================================================
Received Import Request.
  Time of request: 2026-08-15T11:24:51.6435562Z
  Time since last request: 0.2194088 seconds.
  importAddress: GUID: 21f01581940043e4aa236adc1820ac3f - Path: Assets/_Project/Art/Characters/Slime/ASEPRITE/Slime2/Attack/Slime2_Attack_back.aseprite - Importer: PreviewImporter
Importing 'GUID: 21f01581940043e4aa236adc1820ac3f - Path: Assets/_Project/Art/Characters/Slime/ASEPRITE/Slime2/Attack/Slime2_Attack_back.aseprite - Importer: PreviewImporter' with importer (PreviewImporter)
Imported 'GUID: 21f01581940043e4aa236adc1820ac3f' -> (Import Result ID: '9f1d75dc2a403690e9c8fbdf031eb95b') in 0.070 seconds [static and dynamic dependencies]. Details - ImportResultOutputID=68a528b50b86b38ccef0acfcefefb806 DependenciesID=27159a7468dd5076fe4a42746c600e66 StaticDependenciesID=01d686798406d1e470b9ea4700bd6f0a 
Number of updated asset objects reloaded before import = 0
Number of asset objects unloaded after import = 22
========================================================================
Received Import Request.
  Time of request: 2026-08-15T11:24:51.7615308Z
  Time since last request: 0.0006522 seconds.
  importAddress: GUID: d4946086e90c4394da9b717163a3a852 - Path: Assets/_Project/Art/Characters/Swordsman/ASEPRITE/Swordsman_lvl3/Swordsman_lvl3_Walk/Swordsman_lvl3_Walk_front.aseprite - Importer: PreviewImporter
Importing 'GUID: d4946086e90c4394da9b717163a3a852 - Path: Assets/_Project/Art/Characters/Swordsman/ASEPRITE/Swordsman_lvl3/Swordsman_lvl3_Walk/Swordsman_lvl3_Walk_front.aseprite - Importer: PreviewImporter' with importer (PreviewImporter)
Imported 'GUID: d4946086e90c4394da9b717163a3a852' -> (Import Result ID: '596810b55081b4172e3cd653ec3daf69') in 0.042 seconds [static and dynamic dependencies]. Details - ImportResultOutputID=8fb04c7315aac40a2caddde48516dff0 DependenciesID=33716b2fb42a11a2b419f2d08c80a103 StaticDependenciesID=6bebb84f92b4414f8a15823b884caf0a 
Number of updated asset objects reloaded before import = 0
Number of asset objects unloaded after import = 17
========================================================================
Received Import Request.
  Time of request: 2026-08-15T11:24:51.8371464Z
  Time since last request: 0.0019367 seconds.
  importAddress: GUID: e9a2e72656c56e248af5d824139dcb96 - Path: Assets/_Project/Art/Characters/Slime/ASEPRITE/Slime3/Run/Slime3_Run_right.aseprite - Importer: PreviewImporter
Importing 'GUID: e9a2e72656c56e248af5d824139dcb96 - Path: Assets/_Project/Art/Characters/Slime/ASEPRITE/Slime3/Run/Slime3_Run_right.aseprite - Importer: PreviewImporter' with importer (PreviewImporter)
Imported 'GUID: e9a2e72656c56e248af5d824139dcb96' -> (Import Result ID: '4453281c8de5913a2f2ae627ca44643b') in 0.062 seconds [static and dynamic dependencies]. Details - ImportResultOutputID=f9163c4e54851fda74653af5eed36902 DependenciesID=48a7eb437f48834250ab32f5062305a0 StaticDependenciesID=a5680d3f227ddd9c19aaca649bfb40eb 
Number of updated asset objects reloaded before import = 0
Number of asset objects unloaded after import = 19
========================================================================
Received Import Request.
  Time of request: 2026-08-15T11:24:51.9273637Z
  Time since last request: 0.00074 seconds.
  importAddress: GUID: d9fe9fc45ed23164483b5b2a044e68a8 - Path: Assets/_Project/Art/Characters/Swordsman/ASEPRITE/Swordsman_lvl3/Swordsman_lvl3_Idle/Swordsman_lvl3_Idle_back.aseprite - Importer: PreviewImporter
Importing 'GUID: d9fe9fc45ed23164483b5b2a044e68a8 - Path: Assets/_Project/Art/Characters/Swordsman/ASEPRITE/Swordsman_lvl3/Swordsman_lvl3_Idle/Swordsman_lvl3_Idle_back.aseprite - Importer: PreviewImporter' with importer (PreviewImporter)
Imported 'GUID: d9fe9fc45ed23164483b5b2a044e68a8' -> (Import Result ID: '2f7b116d0dbcea5196a14d6071228349') in 0.034 seconds [static and dynamic dependencies]. Details - ImportResultOutputID=d8d3d3e001b53ec2589b5d92b1757913 DependenciesID=9c3ad95f75974a9deb73c6f31e3d4f00 StaticDependenciesID=55bcc62bde768cadc0e7192ea14d70f5 
Number of updated asset objects reloaded before import = 0
Number of asset objects unloaded after import = 15
========================================================================
Received Import Request.
  Time of request: 2026-08-15T11:24:54.1612403Z
  Time since last request: 2.167033 seconds.
  importAddress: GUID: e49533acba9ab3545ab39dd42b397fda - Path: Assets/_Project/Art/Characters/Swordsman/ASEPRITE/Swordsman_lvl2/Swordsman_lvl2_Walk_attack/Swordsman_lvl2_Walk_Attack_back.aseprite - Importer: PreviewImporter
Importing 'GUID: e49533acba9ab3545ab39dd42b397fda - Path: Assets/_Project/Art/Characters/Swordsman/ASEPRITE/Swordsman_lvl2/Swordsman_lvl2_Walk_attack/Swordsman_lvl2_Walk_Attack_back.aseprite - Importer: PreviewImporter' with importer (PreviewImporter)
Imported 'GUID: e49533acba9ab3545ab39dd42b397fda' -> (Import Result ID: '26436b4b84efe0c0426215fbb50b41bc') in 0.045 seconds [static and dynamic dependencies]. Details - ImportResultOutputID=69567eef76b340156fed3a1b08caa717 DependenciesID=7b702222a219454fbdc6629881a7cf21 StaticDependenciesID=b1638fb0e1dc492448d4e75eeddf5bbe 
Number of updated asset objects reloaded before import = 0
Number of asset objects unloaded after import = 17
========================================================================
Received Import Request.
  Time of request: 2026-08-15T11:24:54.2332786Z
  Time since last request: 0.0012655 seconds.
  importAddress: GUID: 916f554d6f83da14fa670fd50cff2dcb - Path: Assets/_Project/Art/Characters/Swordsman/ASEPRITE/Swordsman_lvl2/Swordsman_lvl2_Walk_attack/Swordsman_lvl2_Walk_Attack_front.aseprite - Importer: PreviewImporter
Importing 'GUID: 916f554d6f83da14fa670fd50cff2dcb - Path: Assets/_Project/Art/Characters/Swordsman/ASEPRITE/Swordsman_lvl2/Swordsman_lvl2_Walk_attack/Swordsman_lvl2_Walk_Attack_front.aseprite - Importer: PreviewImporter' with importer (PreviewImporter)
Imported 'GUID: 916f554d6f83da14fa670fd50cff2dcb' -> (Import Result ID: 'a877ad0a8658046f5cd3097665021bae') in 0.045 seconds [static and dynamic dependencies]. Details - ImportResultOutputID=d73155a5142797cd28bb9698b7143989 DependenciesID=d536e372d5410adeea5911631f0e72ac StaticDependenciesID=290981c8937a984101b366ac67ad700f 
Number of updated asset objects reloaded before import = 0
Number of asset objects unloaded after import = 17
========================================================================
Received Import Request.
  Time of request: 2026-08-15T11:24:54.303128Z
  Time since last request: 0.0010019 seconds.
  importAddress: GUID: d6f2187993826c04e94b3fa2f97afbb3 - Path: Assets/_Project/Art/Characters/Slime/ASEPRITE/Slime2/Run/Slime2_Run_left.aseprite - Importer: PreviewImporter
Importing 'GUID: d6f2187993826c04e94b3fa2f97afbb3 - Path: Assets/_Project/Art/Characters/Slime/ASEPRITE/Slime2/Run/Slime2_Run_left.aseprite - Importer: PreviewImporter' with importer (PreviewImporter)
Imported 'GUID: d6f2187993826c04e94b3fa2f97afbb3' -> (Import Result ID: '39ff324a0ce4a24180a661b0e1f16045') in 0.056 seconds [static and dynamic dependencies]. Details - ImportResultOutputID=8e850c1870d8b904697e338e573fa300 DependenciesID=786a852ec106f8a3da821941e0665c06 StaticDependenciesID=75200b9cafcad9549b6403f2deb688ba 
Number of updated asset objects reloaded before import = 0
Number of asset objects unloaded after import = 19
========================================================================
Received Import Request.
  Time of request: 2026-08-15T11:24:54.3872897Z
  Time since last request: 0.0014328 seconds.
  importAddress: GUID: 3a19d46084fba3e4a828fda3e3bb4fb8 - Path: Assets/_Project/Art/Characters/Swordsman/ASEPRITE/Swordsman_lvl2/Swordsman_lvl2_Attack/Swordsman_lvl2_attack_side_right.aseprite - Importer: PreviewImporter
Importing 'GUID: 3a19d46084fba3e4a828fda3e3bb4fb8 - Path: Assets/_Project/Art/Characters/Swordsman/ASEPRITE/Swordsman_lvl2/Swordsman_lvl2_Attack/Swordsman_lvl2_attack_side_right.aseprite - Importer: PreviewImporter' with importer (PreviewImporter)
Imported 'GUID: 3a19d46084fba3e4a828fda3e3bb4fb8' -> (Import Result ID: '10bc6d2b502b653823913fbb224ec588') in 0.068 seconds [static and dynamic dependencies]. Details - ImportResultOutputID=9577bb86135657c33a32b4cc308f0f50 DependenciesID=310877315671a554abe0265cda99e3d1 StaticDependenciesID=1b5de1f294efc4b1e3828858e4c4f3b3 
Number of updated asset objects reloaded before import = 0
Number of asset objects unloaded after import = 19
========================================================================
Received Import Request.
  Time of request: 2026-08-15T11:24:54.4828703Z
  Time since last request: 0.0011061 seconds.
  importAddress: GUID: 3f3ccc67b98e11942af675c61a3dda03 - Path: Assets/_Project/Art/Characters/Swordsman/ASEPRITE/Swordsman_lvl2/Swordsman_lvl2_Attack/Swordsman_lvl2_attack_front.aseprite - Importer: PreviewImporter
Importing 'GUID: 3f3ccc67b98e11942af675c61a3dda03 - Path: Assets/_Project/Art/Characters/Swordsman/ASEPRITE/Swordsman_lvl2/Swordsman_lvl2_Attack/Swordsman_lvl2_attack_front.aseprite - Importer: PreviewImporter' with importer (PreviewImporter)
Imported 'GUID: 3f3ccc67b98e11942af675c61a3dda03' -> (Import Result ID: '4797b9de80fb41ea425632e5974419f8') in 0.063 seconds [static and dynamic dependencies]. Details - ImportResultOutputID=948494ba7ec2e3771cd5d3bbf9dc9f44 DependenciesID=b29719779c55d5d6cc29dc76750dfb63 StaticDependenciesID=3f959ffcb6bc8b33875e17d951a4cbd4 
Number of updated asset objects reloaded before import = 0
Number of asset objects unloaded after import = 19
========================================================================
Received Import Request.
  Time of request: 2026-08-15T11:24:54.5712634Z
  Time since last request: 0.0010205 seconds.
  importAddress: GUID: 57fb8e214e00ec8498a6ad79e4585faf - Path: Assets/_Project/Art/Characters/Swordsman/PNG/Swordsman_lvl1/With_shadow/Swordsman_lvl1_Run_with_shadow.png - Importer: PreviewImporter
Importing 'GUID: 57fb8e214e00ec8498a6ad79e4585faf - Path: Assets/_Project/Art/Characters/Swordsman/PNG/Swordsman_lvl1/With_shadow/Swordsman_lvl1_Run_with_shadow.png - Importer: PreviewImporter' with importer (PreviewImporter)
Imported 'GUID: 57fb8e214e00ec8498a6ad79e4585faf' -> (Import Result ID: 'f59c7067457602d2f05c042acbbddb55') in 0.126 seconds [static and dynamic dependencies]. Details - ImportResultOutputID=4604e0e53d9a98a497dc9360c4e8d431 DependenciesID=400d5f378cb802a737953da84add1991 StaticDependenciesID=91e345ef415b9936dc4c11f433efca43 
Number of updated asset objects reloaded before import = 0
Number of asset objects unloaded after import = 34
========================================================================
Received Import Request.
  Time of request: 2026-08-15T11:24:54.7271417Z
  Time since last request: 0.0009872 seconds.
  importAddress: GUID: 02a19e75f6398354f95e9d77fda51329 - Path: Assets/_Project/Art/Characters/Slime/ASEPRITE/Slime1/Run/Slime1_Run_right.aseprite - Importer: PreviewImporter
Importing 'GUID: 02a19e75f6398354f95e9d77fda51329 - Path: Assets/_Project/Art/Characters/Slime/ASEPRITE/Slime1/Run/Slime1_Run_right.aseprite - Importer: PreviewImporter' with importer (PreviewImporter)
Imported 'GUID: 02a19e75f6398354f95e9d77fda51329' -> (Import Result ID: '0ad6ea1a62d86379e2521f555f836314') in 0.069 seconds [static and dynamic dependencies]. Details - ImportResultOutputID=c26caec0c265cfa6e2499f6da5b1c762 DependenciesID=05638141c250d91dd80d96ea524fae3e StaticDependenciesID=1889249021b3e4a3e23e917d74179fea 
Number of updated asset objects reloaded before import = 0
Number of asset objects unloaded after import = 19
========================================================================
Received Import Request.
  Time of request: 2026-08-15T11:24:54.8240028Z
  Time since last request: 0.0006881 seconds.
  importAddress: GUID: 04da4f683a44869499b3e876b74325c8 - Path: Assets/_Project/Art/Characters/Slime/ASEPRITE/Slime2/Idle/Slime2_Idle_left.aseprite - Importer: PreviewImporter
Importing 'GUID: 04da4f683a44869499b3e876b74325c8 - Path: Assets/_Project/Art/Characters/Slime/ASEPRITE/Slime2/Idle/Slime2_Idle_left.aseprite - Importer: PreviewImporter' with importer (PreviewImporter)
Imported 'GUID: 04da4f683a44869499b3e876b74325c8' -> (Import Result ID: '15e2aa8f2b2a14a9b6aede88a75c47cb') in 0.045 seconds [static and dynamic dependencies]. Details - ImportResultOutputID=11c25296010c96ca070831a11475b5d4 DependenciesID=62005d1a96c4437290b9ac9a4ea784b7 StaticDependenciesID=0f49ec7b7971cc1dbb14544b6688ed93 
Number of updated asset objects reloaded before import = 0
Number of asset objects unloaded after import = 17
========================================================================
Received Import Request.
  Time of request: 2026-08-15T11:24:54.8977998Z
  Time since last request: 0.0008543 seconds.
  importAddress: GUID: ea6c9261b70eb1a4197667d039ccd1b1 - Path: Assets/_Project/Art/Characters/Swordsman/ASEPRITE/Swordsman_lvl3/Swordsman_lvl3_Walk/Swordsman_lvl3_Walk_side_left.aseprite - Importer: PreviewImporter
Importing 'GUID: ea6c9261b70eb1a4197667d039ccd1b1 - Path: Assets/_Project/Art/Characters/Swordsman/ASEPRITE/Swordsman_lvl3/Swordsman_lvl3_Walk/Swordsman_lvl3_Walk_side_left.aseprite - Importer: PreviewImporter' with importer (PreviewImporter)
Imported 'GUID: ea6c9261b70eb1a4197667d039ccd1b1' -> (Import Result ID: '00125c51810863922700748d209eafdb') in 0.050 seconds [static and dynamic dependencies]. Details - ImportResultOutputID=da15b00726b6bcc6dd2cafdc1b900032 DependenciesID=2b7118188e93555202fe1a3ebb6c1167 StaticDependenciesID=21945ab36fd54795050cd1e8a6887ec5 
Number of updated asset objects reloaded before import = 0
Number of asset objects unloaded after import = 17
========================================================================
Received Import Request.
  Time of request: 2026-08-15T11:24:54.9739003Z
  Time since last request: 0.0014041 seconds.
  importAddress: GUID: 48a31d542d50c9347bc49e0175a322ad - Path: Assets/_Project/Art/Characters/Swordsman/ASEPRITE/Swordsman_lvl3/Swordsman_lvl3_Idle/Swordsman_lvl3_Idle_front.aseprite - Importer: PreviewImporter
Importing 'GUID: 48a31d542d50c9347bc49e0175a322ad - Path: Assets/_Project/Art/Characters/Swordsman/ASEPRITE/Swordsman_lvl3/Swordsman_lvl3_Idle/Swordsman_lvl3_Idle_front.aseprite - Importer: PreviewImporter' with importer (PreviewImporter)
Imported 'GUID: 48a31d542d50c9347bc49e0175a322ad' -> (Import Result ID: 'ba45c6748ebd688d21f21ca9e0c9aaa3') in 0.068 seconds [static and dynamic dependencies]. Details - ImportResultOutputID=694323552d27a5331c2b975a3ee4f430 DependenciesID=1700ce8e7421387ee0a9d364008b4997 StaticDependenciesID=637f5bf164e14e0d6f5dd58dbf986cb7 
Number of updated asset objects reloaded before import = 0
Number of asset objects unloaded after import = 23
========================================================================
Received Prepare
AcceleratorClientConnectionCallback - disconnected - :0
Refreshing native plugins compatible for Editor in 5.76 ms, found 5 plugins.
Unloading 34 Unused Serialized files (Serialized files now loaded: 0)
Unloading 35 unused Assets / (3.3 MB). Loaded Objects now: 9193.
Memory consumption went from 397.8 MB to 394.5 MB.
Total: 25.473000 ms (FindLiveObjects: 0.891100 ms CreateObjectMapping: 1.543600 ms MarkObjects: 22.045300 ms  DeleteObjects: 0.991500 ms)

Prepare: number of updated asset objects reloaded= 0
EnvironmentDependencyValues requested are different than current active one (requested -> active):
  graphicsApiMask: 2099200 -> 2361344
========================================================================
Received Prepare
AcceleratorClientConnectionCallback - disconnected - :0
Refreshing native plugins compatible for Editor in 5.78 ms, found 5 plugins.
Unloading 34 Unused Serialized files (Serialized files now loaded: 0)
Unloading 35 unused Assets / (3.2 MB). Loaded Objects now: 9193.
Memory consumption went from 398.0 MB to 394.7 MB.
Total: 16.744800 ms (FindLiveObjects: 0.623600 ms CreateObjectMapping: 1.223000 ms MarkObjects: 13.356300 ms  DeleteObjects: 1.540300 ms)

Prepare: number of updated asset objects reloaded= 0
EnvironmentDependencyValues requested are different than current active one (requested -> active):
  graphicsApiMask: 2099200 -> 2361344
========================================================================
Received Import Request.
  Time of request: 2026-08-15T11:28:51.9746544Z
  Time since last request: 236.89992240000001 seconds.
  importAddress: GUID: 65c26aa036e33334ca396635843fb6a3 - Path: Assets/_Project/Prefabs/Characters/Slime/Slime.prefab - Importer: PreviewImporter
Importing 'GUID: 65c26aa036e33334ca396635843fb6a3 - Path: Assets/_Project/Prefabs/Characters/Slime/Slime.prefab - Importer: PreviewImporter' with importer (PreviewImporter)
Imported 'GUID: 65c26aa036e33334ca396635843fb6a3' -> (Import Result ID: 'd2c076da640c492bb802f7d28d195021') in 0.040 seconds [static and dynamic dependencies]. Details - ImportResultOutputID=e89bb05351ea95f9a1ed952da3f64a40 DependenciesID=a8525b6138c58ae0a0500408fddc13e3 StaticDependenciesID=d8cf05beac0cb04344c91718690b2e6e 
Number of updated asset objects reloaded before import = 0
Number of asset objects unloaded after import = 59
========================================================================
Received Prepare
AcceleratorClientConnectionCallback - disconnected - :0
[Licensing::Client] Successfully resolved entitlement details
[Licensing::Client] Successfully resolved entitlement details
Begin MonoManager ReloadAssembly
Refreshing native plugins compatible for Editor in 7.60 ms, found 5 plugins.
Native extension for Android target not found
Native extension for WindowsStandalone target not found
Native extension for WebGL target not found
[Package Manager] Failed to launch server process. Reason: Unity was launched with the -noUpm command-line argument
[Package Manager] Unable to send message (not connected to server process).
[Package Manager] Cannot connect to Unity Package Manager local server
[Package Manager] Failed to launch server process. Reason: Unity was launched with the -noUpm command-line argument
[Package Manager] Unable to send message (not connected to server process).
[Package Manager] Cannot connect to Unity Package Manager local server
ScheduleIndexationOnStartup MainProcess:False IndexOnStartup:True
Mono: successfully reloaded assembly
- Finished resetting the current domain, in  1.413 seconds
Domain Reload Profiling: 3116ms
	BeginReloadAssembly (668ms)
		DisableScriptedObjects (182ms)
		CreateAndSetChildDomain (119ms)
	RebuildCommonClasses (14ms)
	RebuildNativeTypeToScriptingClass (28ms)
	initialDomainReloadingComplete (146ms)
	LoadAllAssembliesAndSetupDomain (847ms)
		LoadAssemblies (820ms)
		AnalyzeDomain (30ms)
			TypeCache.Refresh (13ms)
			ResolveRequiredComponents (10ms)
	FinalizeReload (1415ms)
		SetupLoadedEditorAssemblies (0ms)
			InitializePlatformSupportModulesInManaged (13ms)
			BeforeProcessingInitializeOnLoad (156ms)
			ProcessInitializeOnLoadAttributes (528ms)
			ProcessInitializeOnLoadMethodAttributes (257ms)
			AfterProcessingInitializeOnLoad (18ms)
		AwakeInstancesAfterBackupRestoration (59ms)
Refreshing native plugins compatible for Editor in 5.74 ms, found 5 plugins.
Unloading 34 Unused Serialized files (Serialized files now loaded: 0)
Unloading 7860 unused Assets / (7.5 MB). Loaded Objects now: 9123.
Memory consumption went from 401.9 MB to 394.4 MB.
Total: 21.053100 ms (FindLiveObjects: 1.235700 ms CreateObjectMapping: 4.887300 ms MarkObjects: 8.483000 ms  DeleteObjects: 6.445900 ms)

Prepare: number of updated asset objects reloaded= 0
EnvironmentDependencyValues requested are different than current active one (requested -> active):
  graphicsApiMask: 2099200 -> 2361344
========================================================================
Received Prepare
AcceleratorClientConnectionCallback - disconnected - :0
Refreshing native plugins compatible for Editor in 6.76 ms, found 5 plugins.
Unloading 34 Unused Serialized files (Serialized files now loaded: 0)
Unloading 35 unused Assets / (3.3 MB). Loaded Objects now: 9123.
Memory consumption went from 396.2 MB to 393.0 MB.
Total: 14.062700 ms (FindLiveObjects: 0.798700 ms CreateObjectMapping: 1.443200 ms MarkObjects: 10.740300 ms  DeleteObjects: 1.079100 ms)

Prepare: number of updated asset objects reloaded= 0
EnvironmentDependencyValues requested are different than current active one (requested -> active):
  graphicsApiMask: 2099200 -> 2361344
========================================================================
Received Import Request.
  Time of request: 2026-08-15T11:30:36.4685741Z
  Time since last request: 104.4293864 seconds.
  importAddress: GUID: 65c26aa036e33334ca396635843fb6a3 - Path: Assets/_Project/Prefabs/Characters/Slime/Slime.prefab - Importer: PreviewImporter
Importing 'GUID: 65c26aa036e33334ca396635843fb6a3 - Path: Assets/_Project/Prefabs/Characters/Slime/Slime.prefab - Importer: PreviewImporter' with importer (PreviewImporter)
Imported 'GUID: 65c26aa036e33334ca396635843fb6a3' -> (Import Result ID: 'c762074410d0e0b873e32e74fc8e75e6') in 0.573 seconds [static and dynamic dependencies]. Details - ImportResultOutputID=e89bb05351ea95f9a1ed952da3f64a40 DependenciesID=7e9567d889130ab518e2b044949ad678 StaticDependenciesID=899b07f601ee0a8c774a43239906906f 
Number of updated asset objects reloaded before import = 0
Number of asset objects unloaded after import = 59
========================================================================
Received Prepare
AcceleratorClientConnectionCallback - disconnected - :0
[Licensing::Client] Successfully resolved entitlement details
[Licensing::Client] Successfully resolved entitlement details
Begin MonoManager ReloadAssembly
Refreshing native plugins compatible for Editor in 6.09 ms, found 5 plugins.
Native extension for Android target not found
Native extension for WindowsStandalone target not found
Native extension for WebGL target not found
[Package Manager] Failed to launch server process. Reason: Unity was launched with the -noUpm command-line argument
[Package Manager] Unable to send message (not connected to server process).
[Package Manager] Cannot connect to Unity Package Manager local server
[Package Manager] Failed to launch server process. Reason: Unity was launched with the -noUpm command-line argument
[Package Manager] Unable to send message (not connected to server process).
[Package Manager] Cannot connect to Unity Package Manager local server
ScheduleIndexationOnStartup MainProcess:False IndexOnStartup:True
Mono: successfully reloaded assembly
- Finished resetting the current domain, in  1.467 seconds
Domain Reload Profiling: 3063ms
	BeginReloadAssembly (513ms)
		DisableScriptedObjects (95ms)
		CreateAndSetChildDomain (127ms)
	RebuildCommonClasses (18ms)
	RebuildNativeTypeToScriptingClass (30ms)
	initialDomainReloadingComplete (143ms)
	LoadAllAssembliesAndSetupDomain (891ms)
		LoadAssemblies (821ms)
		AnalyzeDomain (27ms)
			TypeCache.Refresh (12ms)
			ResolveRequiredComponents (8ms)
	FinalizeReload (1468ms)
		SetupLoadedEditorAssemblies (0ms)
			InitializePlatformSupportModulesInManaged (14ms)
			BeforeProcessingInitializeOnLoad (161ms)
			ProcessInitializeOnLoadAttributes (518ms)
			ProcessInitializeOnLoadMethodAttributes (276ms)
			AfterProcessingInitializeOnLoad (20ms)
		AwakeInstancesAfterBackupRestoration (71ms)
Refreshing native plugins compatible for Editor in 6.14 ms, found 5 plugins.
Unloading 34 Unused Serialized files (Serialized files now loaded: 0)
Unloading 7860 unused Assets / (7.4 MB). Loaded Objects now: 9145.
Memory consumption went from 402.1 MB to 394.7 MB.
Total: 21.767000 ms (FindLiveObjects: 1.422600 ms CreateObjectMapping: 4.168800 ms MarkObjects: 9.086400 ms  DeleteObjects: 7.088000 ms)

Prepare: number of updated asset objects reloaded= 0
EnvironmentDependencyValues requested are different than current active one (requested -> active):
  graphicsApiMask: 2099200 -> 2361344
========================================================================
Received Prepare
AcceleratorClientConnectionCallback - disconnected - :0
Refreshing native plugins compatible for Editor in 5.06 ms, found 5 plugins.
Unloading 34 Unused Serialized files (Serialized files now loaded: 0)
Unloading 35 unused Assets / (3.3 MB). Loaded Objects now: 9145.
Memory consumption went from 396.4 MB to 393.1 MB.
Total: 11.294700 ms (FindLiveObjects: 0.792800 ms CreateObjectMapping: 1.740700 ms MarkObjects: 7.721500 ms  DeleteObjects: 1.038100 ms)

Prepare: number of updated asset objects reloaded= 0
EnvironmentDependencyValues requested are different than current active one (requested -> active):
  graphicsApiMask: 2099200 -> 2361344
========================================================================
Received Import Request.
  Time of request: 2026-08-15T11:34:38.7908425Z
  Time since last request: 241.72206610000001 seconds.
  importAddress: GUID: 7706954dfc6b4ac42b28d6c21f6c37e4 - Path: Assets/_Project/Prefabs/Environment/Cave/Corridor corner.prefab - Importer: PreviewImporter
Importing 'GUID: 7706954dfc6b4ac42b28d6c21f6c37e4 - Path: Assets/_Project/Prefabs/Environment/Cave/Corridor corner.prefab - Importer: PreviewImporter' with importer (PreviewImporter)
Imported 'GUID: 7706954dfc6b4ac42b28d6c21f6c37e4' -> (Import Result ID: '772e8d88a5319a161461d47123e146b0') in 0.654 seconds [static and dynamic dependencies]. Details - ImportResultOutputID=be6fdf0f175bc54f7665b21fcf7210ae DependenciesID=f80131ce3a07d3b6b11c703f4fd6e93f StaticDependenciesID=8fc654afddc999d9e97a63e611cd548c 
Number of updated asset objects reloaded before import = 0
Number of asset objects unloaded after import = 23
========================================================================
Received Prepare
AcceleratorClientConnectionCallback - disconnected - :0
Refreshing native plugins compatible for Editor in 5.49 ms, found 5 plugins.
Unloading 34 Unused Serialized files (Serialized files now loaded: 0)
Unloading 35 unused Assets / (3.3 MB). Loaded Objects now: 9237.
Memory consumption went from 397.2 MB to 394.0 MB.
Total: 14.669400 ms (FindLiveObjects: 0.904000 ms CreateObjectMapping: 1.419300 ms MarkObjects: 11.315300 ms  DeleteObjects: 1.029200 ms)

Prepare: number of updated asset objects reloaded= 0
EnvironmentDependencyValues requested are different than current active one (requested -> active):
  graphicsApiMask: 2099200 -> 2361344
========================================================================
Received Prepare
AcceleratorClientConnectionCallback - disconnected - :0
Refreshing native plugins compatible for Editor in 7.91 ms, found 5 plugins.
Unloading 34 Unused Serialized files (Serialized files now loaded: 0)
Unloading 7840 unused Assets / (7.5 MB). Loaded Objects now: 9237.
Memory consumption went from 403.2 MB to 395.6 MB.
Total: 22.399700 ms (FindLiveObjects: 1.308700 ms CreateObjectMapping: 5.080600 ms MarkObjects: 9.543000 ms  DeleteObjects: 6.466000 ms)

Prepare: number of updated asset objects reloaded= 0
EnvironmentDependencyValues requested are different than current active one (requested -> active):
  graphicsApiMask: 2099200 -> 2361344
========================================================================
Received Prepare
AcceleratorClientConnectionCallback - disconnected - :0
[Licensing::Client] Successfully resolved entitlement details
[Licensing::Client] Successfully resolved entitlement details
Begin MonoManager ReloadAssembly
Refreshing native plugins compatible for Editor in 5.09 ms, found 5 plugins.
Native extension for Android target not found
Native extension for WindowsStandalone target not found
Native extension for WebGL target not found
[Package Manager] Failed to launch server process. Reason: Unity was launched with the -noUpm command-line argument
[Package Manager] Unable to send message (not connected to server process).
[Package Manager] Cannot connect to Unity Package Manager local server
[Package Manager] Failed to launch server process. Reason: Unity was launched with the -noUpm command-line argument
[Package Manager] Unable to send message (not connected to server process).
[Package Manager] Cannot connect to Unity Package Manager local server
ScheduleIndexationOnStartup MainProcess:False IndexOnStartup:True
Mono: successfully reloaded assembly
- Finished resetting the current domain, in  1.908 seconds
Domain Reload Profiling: 3902ms
	BeginReloadAssembly (538ms)
		DisableScriptedObjects (105ms)
		CreateAndSetChildDomain (130ms)
	RebuildCommonClasses (14ms)
	RebuildNativeTypeToScriptingClass (28ms)
	initialDomainReloadingComplete (143ms)
	LoadAllAssembliesAndSetupDomain (1270ms)
		LoadAssemblies (817ms)
		AnalyzeDomain (444ms)
			TypeCache.Refresh (19ms)
			BuildScriptInfoCaches (410ms)
			ResolveRequiredComponents (11ms)
	FinalizeReload (1910ms)
		SetupLoadedEditorAssemblies (0ms)
			InitializePlatformSupportModulesInManaged (13ms)
			BeforeProcessingInitializeOnLoad (152ms)
			ProcessInitializeOnLoadAttributes (729ms)
			ProcessInitializeOnLoadMethodAttributes (528ms)
			AfterProcessingInitializeOnLoad (26ms)
		AwakeInstancesAfterBackupRestoration (67ms)
Refreshing native plugins compatible for Editor in 12.12 ms, found 5 plugins.
Unloading 34 Unused Serialized files (Serialized files now loaded: 0)
Unloading 7858 unused Assets / (8.2 MB). Loaded Objects now: 9167.
Memory consumption went from 402.8 MB to 394.6 MB.
Total: 46.095600 ms (FindLiveObjects: 8.839600 ms CreateObjectMapping: 11.511200 ms MarkObjects: 15.743200 ms  DeleteObjects: 9.999900 ms)

Prepare: number of updated asset objects reloaded= 0
EnvironmentDependencyValues requested are different than current active one (requested -> active):
  graphicsApiMask: 2099200 -> 2361344
========================================================================
Received Prepare
AcceleratorClientConnectionCallback - disconnected - :0
Refreshing native plugins compatible for Editor in 9.28 ms, found 5 plugins.
Unloading 34 Unused Serialized files (Serialized files now loaded: 0)
Unloading 7840 unused Assets / (7.4 MB). Loaded Objects now: 9167.
Memory consumption went from 402.8 MB to 395.5 MB.
Total: 28.573700 ms (FindLiveObjects: 1.169200 ms CreateObjectMapping: 3.576300 ms MarkObjects: 16.860900 ms  DeleteObjects: 6.965800 ms)

Prepare: number of updated asset objects reloaded= 0
EnvironmentDependencyValues requested are different than current active one (requested -> active):
  graphicsApiMask: 2099200 -> 2361344
========================================================================
Received Import Request.
  Time of request: 2026-08-15T11:37:22.8888855Z
  Time since last request: 163.41255520000001 seconds.
  importAddress: GUID: 65c26aa036e33334ca396635843fb6a3 - Path: Assets/_Project/Prefabs/Characters/Slime/Slime.prefab - Importer: PreviewImporter
Importing 'GUID: 65c26aa036e33334ca396635843fb6a3 - Path: Assets/_Project/Prefabs/Characters/Slime/Slime.prefab - Importer: PreviewImporter' with importer (PreviewImporter)
Imported 'GUID: 65c26aa036e33334ca396635843fb6a3' -> (Import Result ID: '5b65ab7f5fba30eb896abc7998b86a0a') in 1.182 seconds [static and dynamic dependencies]. Details - ImportResultOutputID=e89bb05351ea95f9a1ed952da3f64a40 DependenciesID=53de5f97e30c2c563784e1dce6abaad2 StaticDependenciesID=60a206cd4dddcf79d6cf459791077c41 
Number of updated asset objects reloaded before import = 0
Number of asset objects unloaded after import = 59
========================================================================
Received Prepare
AcceleratorClientConnectionCallback - disconnected - :0
Begin MonoManager ReloadAssembly
Refreshing native plugins compatible for Editor in 7.37 ms, found 5 plugins.
Native extension for Android target not found
Native extension for WindowsStandalone target not found
Native extension for WebGL target not found
[Package Manager] Failed to launch server process. Reason: Unity was launched with the -noUpm command-line argument
[Package Manager] Unable to send message (not connected to server process).
[Package Manager] Cannot connect to Unity Package Manager local server
[Package Manager] Failed to launch server process. Reason: Unity was launched with the -noUpm command-line argument
[Package Manager] Unable to send message (not connected to server process).
[Package Manager] Cannot connect to Unity Package Manager local server
ScheduleIndexationOnStartup MainProcess:False IndexOnStartup:True
Mono: successfully reloaded assembly
- Finished resetting the current domain, in  1.297 seconds
Domain Reload Profiling: 3447ms
	BeginReloadAssembly (466ms)
		DisableScriptedObjects (96ms)
		CreateAndSetChildDomain (103ms)
	RebuildCommonClasses (13ms)
	RebuildNativeTypeToScriptingClass (28ms)
	initialDomainReloadingComplete (135ms)
	LoadAllAssembliesAndSetupDomain (1506ms)
		LoadAssemblies (937ms)
		AnalyzeDomain (487ms)
			TypeCache.Refresh (20ms)
			BuildScriptInfoCaches (454ms)
			ResolveRequiredComponents (10ms)
	FinalizeReload (1299ms)
		SetupLoadedEditorAssemblies (0ms)
			InitializePlatformSupportModulesInManaged (13ms)
			BeforeProcessingInitializeOnLoad (167ms)
			ProcessInitializeOnLoadAttributes (428ms)
			ProcessInitializeOnLoadMethodAttributes (217ms)
			AfterProcessingInitializeOnLoad (14ms)
		AwakeInstancesAfterBackupRestoration (60ms)
Refreshing native plugins compatible for Editor in 4.91 ms, found 5 plugins.
Unloading 34 Unused Serialized files (Serialized files now loaded: 0)
Unloading 7860 unused Assets / (7.3 MB). Loaded Objects now: 9189.
Memory consumption went from 406.7 MB to 399.5 MB.
Total: 17.830500 ms (FindLiveObjects: 1.247700 ms CreateObjectMapping: 3.719400 ms MarkObjects: 7.452300 ms  DeleteObjects: 5.410100 ms)

Prepare: number of updated asset objects reloaded= 0
EnvironmentDependencyValues requested are different than current active one (requested -> active):
  graphicsApiMask: 2099200 -> 2361344
========================================================================
Received Prepare
AcceleratorClientConnectionCallback - disconnected - :0
Begin MonoManager ReloadAssembly
Refreshing native plugins compatible for Editor in 5.54 ms, found 5 plugins.
Native extension for Android target not found
Native extension for WindowsStandalone target not found
Native extension for WebGL target not found
[Package Manager] Failed to launch server process. Reason: Unity was launched with the -noUpm command-line argument
[Package Manager] Unable to send message (not connected to server process).
[Package Manager] Cannot connect to Unity Package Manager local server
[Package Manager] Failed to launch server process. Reason: Unity was launched with the -noUpm command-line argument
[Package Manager] Unable to send message (not connected to server process).
[Package Manager] Cannot connect to Unity Package Manager local server
ScheduleIndexationOnStartup MainProcess:False IndexOnStartup:True
Mono: successfully reloaded assembly
- Finished resetting the current domain, in  1.411 seconds
Domain Reload Profiling: 2788ms
	BeginReloadAssembly (440ms)
		DisableScriptedObjects (62ms)
		CreateAndSetChildDomain (101ms)
	RebuildCommonClasses (14ms)
	RebuildNativeTypeToScriptingClass (25ms)
	initialDomainReloadingComplete (133ms)
	LoadAllAssembliesAndSetupDomain (763ms)
		LoadAssemblies (707ms)
		AnalyzeDomain (28ms)
			TypeCache.Refresh (14ms)
			ResolveRequiredComponents (8ms)
	FinalizeReload (1413ms)
		SetupLoadedEditorAssemblies (0ms)
			InitializePlatformSupportModulesInManaged (13ms)
			BeforeProcessingInitializeOnLoad (143ms)
			ProcessInitializeOnLoadAttributes (536ms)
			ProcessInitializeOnLoadMethodAttributes (256ms)
			AfterProcessingInitializeOnLoad (16ms)
		AwakeInstancesAfterBackupRestoration (63ms)
Refreshing native plugins compatible for Editor in 5.32 ms, found 5 plugins.
Unloading 34 Unused Serialized files (Serialized files now loaded: 0)
Unloading 7858 unused Assets / (8.5 MB). Loaded Objects now: 9192.
Memory consumption went from 406.5 MB to 398.0 MB.
Total: 21.650900 ms (FindLiveObjects: 1.285700 ms CreateObjectMapping: 3.797700 ms MarkObjects: 9.397700 ms  DeleteObjects: 7.167900 ms)

Prepare: number of updated asset objects reloaded= 0
EnvironmentDependencyValues requested are different than current active one (requested -> active):
  graphicsApiMask: 2099200 -> 2361344
========================================================================
Received Prepare
AcceleratorClientConnectionCallback - disconnected - :0
Refreshing native plugins compatible for Editor in 6.93 ms, found 5 plugins.
Unloading 34 Unused Serialized files (Serialized files now loaded: 0)
Unloading 35 unused Assets / (3.3 MB). Loaded Objects now: 9192.
Memory consumption went from 401.0 MB to 397.7 MB.
Total: 17.357000 ms (FindLiveObjects: 1.644300 ms CreateObjectMapping: 1.348200 ms MarkObjects: 13.066300 ms  DeleteObjects: 1.296000 ms)

Prepare: number of updated asset objects reloaded= 0
EnvironmentDependencyValues requested are different than current active one (requested -> active):
  graphicsApiMask: 2099200 -> 2361344
Editor requested this worker to shutdown with reason: Editor is closing down
AcceleratorClientConnectionCallback - disconnected - :0
AssetImportWorker is now disconnected from the server
Process exiting
Exiting without the bug reporter. Application will terminate with return code 0