[Licensing::Module] Trying to connect to existing licensing client channel...
Built from '6000.5/staging' branch; Version is '6000.5.7f1 (017862109af0) revision 96354'; Using compiler version '194234433'; Build Type 'Release'
[Licensing::IpcConnector] Successfully connected to: "LicenseClient-Maksimka" at "2026-08-15T10:17:05.6931138Z"
OS: 'Windows 11  (10.0.26200) Professional' Language: 'ru' Physical Memory: 16344 MB
BatchMode: 1, IsHumanControllingUs: 0, StartBugReporterOnCrash: 0, Is64bit: 1
System  architecture: x64
Process architecture: x64
Date: 2026-08-15T10:17:05Z

COMMAND LINE ARGUMENTS:
C:\Program Files\Unity\Hub\Editor\6000.5.7f1\Editor\Unity.exe
-adb2
-batchMode
-noUpm
-name
AssetImportWorkerHW0
-projectPath
D:/Grid Fighter/Grid Fighter
-logFile
Logs/AssetImportWorkerHW0.log
-srvPort
59820
-parentPid
14892
-analyticsCloudUserId
anonymous
-analyticsCloudProjectId
b4ca7c0e-940c-4d91-8a87-3a4691b568e3
-analyticsLocalProjectId
74b822b069ba9894e98d4d3750fea8f6
-editorAnalyticsEnabled
1
-cbmEditorLicense
640141920f9bf247bce7f9ab76a488aefd681808
-cbmMachineId
dB+ggyamTgBRQMhIkTOw1Q8a8sA=
-noDiagnosticSwitchPersistentStore
-job-worker-count
3
-background-job-worker-count
8
-asset-garbage-collectors
1
-force-d3d12
-name
AssetImport
Successfully changed project path to: D:/Grid Fighter/Grid Fighter
D:/Grid Fighter/Grid Fighter
[UnityMemory] Configuration Parameters - Can be set up in boot.config
    "memorysetup-temp-allocator-size-gi-baking-worker=262144"
    "memorysetup-temp-allocator-size-gi-baking-worker=262144"
    "memorysetup-temp-allocator-size-gi-baking-worker=262144"
    "memorysetup-temp-allocator-size-gi-baking-worker=262144"
    "memorysetup-temp-allocator-size-gi-baking-worker=262144"
    "memorysetup-temp-allocator-size-nav-mesh-worker=65536"
    "memorysetup-temp-allocator-size-audio-worker=65536"
    "memorysetup-temp-allocator-size-cloud-worker=32768"
    "memorysetup-temp-allocator-size-gfx=262144"
    "memorysetup-temp-allocator-size-preload-manager=33554432"
    "memorysetup-allocator-temp-initial-block-size-main=262144"
    "memorysetup-allocator-temp-initial-block-size-worker=262144"
    "memorysetup-temp-allocator-size-job-worker=262144"
    "memorysetup-temp-allocator-size-background-worker=32768"
    "memorysetup-bucket-allocator-granularity=16"
    "memorysetup-bucket-allocator-bucket-count=8"
    "memorysetup-bucket-allocator-block-size=33554432"
    "memorysetup-bucket-allocator-block-count=8"
    "memorysetup-main-allocator-block-size=16777216"
    "memorysetup-thread-allocator-block-size=16777216"
    "memorysetup-main-allocator-mimalloc-enabled=0"
    "memorysetup-gfx-main-allocator-block-size=16777216"
    "memorysetup-gfx-thread-allocator-block-size=16777216"
    "memorysetup-cache-allocator-block-size=4194304"
    "memorysetup-typetree-allocator-block-size=2097152"
    "memorysetup-profiler-bucket-allocator-granularity=16"
    "memorysetup-profiler-bucket-allocator-bucket-count=8"
    "memorysetup-profiler-bucket-allocator-block-size=33554432"
    "memorysetup-profiler-bucket-allocator-block-count=8"
    "memorysetup-profiler-allocator-block-size=16777216"
    "memorysetup-profiler-editor-allocator-block-size=1048576"
    "memorysetup-temp-allocator-size-main=16777216"
    "memorysetup-job-temp-allocator-block-size=2097152"
    "memorysetup-job-temp-allocator-block-size-background=1048576"
    "memorysetup-job-temp-allocator-reduction-small-platforms=262144"
Player connection [9232]  Target information:

Player connection [9232]  * "[IP] 192.168.100.122 [Port] 0 [Flags] 2 [Guid] 4008936165 [EditorId] 4008936165 [Version] 1048832 [Id] WindowsEditor(7,maksim) [Debug] 1 [PackageName] WindowsEditor [ProjectName] Editor" 

Player connection [9232]  * "[IP] 26.113.28.38 [Port] 0 [Flags] 2 [Guid] 4008936165 [EditorId] 4008936165 [Version] 1048832 [Id] WindowsEditor(7,maksim) [Debug] 1 [PackageName] WindowsEditor [ProjectName] Editor" 

Player connection [9232] Host joined multi-casting on [225.0.0.222:54997]...
Player connection [9232] Host joined alternative multi-casting on [225.0.0.222:34997]...
JobSystem: Creating JobQueue using job-worker-count value 3
Input System module state changed to: Initialized.
[Physics::Module] Initialized fallback backend.
[Physics::Module] Id: 0xdecafbad
Library Redirect Path: Library/
[Physics::Module] Selected backend.
[Physics::Module] Name: PhysX
[Physics::Module] Id: 0xf2b8ea05
[Physics::Module] SDK Version: 4.1.2
[Physics::Module] Integration Version: 1.0.0
[Physics::Module] Threading Mode: Multi-Threaded
Active build profile path: `Assets/Settings/Build Profiles/Android™.asset`
[Licensing::Module] Licensing is not yet initialized.
[Licensing::Client] Error: HandshakeResponse reported an error:
	ResponseCode: 505
	ResponseStatus: Unsupported protocol version '1.18.1'.
[Licensing::Module] Error: Failed to handshake to channel: "LicenseClient-Maksimka"
[Licensing::IpcConnector] LicenseClient-Maksimka channel disconnected successfully.
[Licensing::IpcConnector] Successfully connected to: "LicenseClient-Maksimka-6000.5.7" at "2026-08-15T10:17:08.4156239Z"
[Licensing::Client] Code 10 while verifying Licensing Client signature (process Id: 3996, path: "C:/Program Files/Unity/Hub/Editor/6000.5.7f1/Editor/Data/Resources/Licensing/Client/Unity.Licensing.Client.exe")
[Licensing::Module] LicensingClient has failed validation; ignoring
[Licensing::Client] Handshaking with LicensingClient:
  Version:                 1.18.1+9fbee8e
  Session Id:              28b396745c0b4162a6fc36e6ceaee3ce
  Correlation Id:          d5dfcbdc5151574fecd9859046567fad
  External correlation Id: 5482693524439840932
  Machine Id:              dB+ggyamTgBRQMhIkTOw1Q8a8sA=
[Licensing::Module] Successfully connected to LicensingClient on channel: "LicenseClient-Maksimka-6000.5.7" (connect: 0.00s, validation: 0.00s, handshake: 0.02s)
[Licensing::IpcConnector] Successfully connected to: "LicenseClient-Maksimka-6000.5.7-notifications" at "2026-08-15T10:17:08.4355242Z"
[Licensing::Module] Licensing Background thread has ended after 2.74s
[Licensing::Module] Licensing is initialized (took 2.41s).
[Licensing::Client] Successfully resolved entitlement details
[Licensing::Module] License group:
  Id: 7972051870223-UnityPersXXXX
  Product: Unity Personal
  Type: Assigned
  Expiration: Unlimited
Got setting from build profile YAML, name `m_BuildTarget`, value `13`
Got setting from build profile YAML, name `m_Subtarget`, value `0`
Refreshing native plugins compatible for Editor in 12.98 ms, found 5 plugins.
Initialize engine version: 6000.5.7f1 (017862109af0)
[Subsystems] Discovering subsystems at path C:/Program Files/Unity/Hub/Editor/6000.5.7f1/Editor/Data/Resources/UnitySubsystems
[Subsystems] Discovering subsystems at path D:/Grid Fighter/Grid Fighter/Assets
Forcing GfxDevice: Direct3D 12
GfxDevice: creating device client; kGfxThreadingModeNonThreaded
d3d12: failed to query info queue interface (0x80004002).
Direct3D:
    Version:         Direct3D 12 [level 12.1]
    Renderer:        NVIDIA GeForce GTX 1070 Ti (ID=0x1b82)
    Vendor:          NVIDIA
    VRAM:            8059 MB
    App VRAM Budget: 7291 MB
    Driver:          32.0.15.8266
Shader 'TextMeshPro/Distance Field SSD - SpaceWarp': fallback shader 'TextMeshPro/Mobile/Distance Field' not found
Shader 'TextMeshPro/Distance Field - SpaceWarp': fallback shader 'TextMeshPro/Mobile/Distance Field' not found
Initialize mono
Mono path[0] = 'C:/Program Files/Unity/Hub/Editor/6000.5.7f1/Editor/Data/Managed'
Mono path[1] = 'C:/Program Files/Unity/Hub/Editor/6000.5.7f1/Editor/Data/BCLExtensions/runtime/netstandard2.1'
Mono path[2] = 'C:/Program Files/Unity/Hub/Editor/6000.5.7f1/Editor/Data/MonoBleedingEdge/lib/mono/unityjit-win32'
Mono config path = 'C:/Program Files/Unity/Hub/Editor/6000.5.7f1/Editor/Data/MonoBleedingEdge/etc'
Using monoOptions --debugger-agent=transport=dt_socket,embedding=1,server=y,suspend=n,address=127.0.0.1:56036
CodeReloadManager initialized
Begin MonoManager ReloadAssembly
Registering precompiled unity dll's ...
Register platform support module: C:/Program Files/Unity/Hub/Editor/6000.5.7f1/Editor/Data/PlaybackEngines/WebGLSupport/UnityEditor.WebGL.Extensions.dll
Register platform support module: C:/Program Files/Unity/Hub/Editor/6000.5.7f1/Editor/Data/PlaybackEngines/WindowsStandaloneSupport/UnityEditor.WindowsStandalone.Extensions.dll
Register platform support module: C:/Program Files/Unity/Hub/Editor/6000.5.7f1/Editor/Data/PlaybackEngines/AndroidPlayer/UnityEditor.Android.Extensions.dll
Registered in 0.007554 seconds.
Native extension for Android target not found
Native extension for WindowsStandalone target not found
Native extension for WebGL target not found
Package Manager log level set to [2]
[Package Manager] Failed to launch server process. Reason: Unity was launched with the -noUpm command-line argument
[Package Manager] Unable to send message (not connected to server process).
[Package Manager] Cannot connect to Unity Package Manager local server
ScheduleIndexationOnStartup MainProcess:False IndexOnStartup:True
Mono: successfully reloaded assembly
- Finished resetting the current domain, in  0.794 seconds
Domain Reload Profiling: 1894ms
	BeginReloadAssembly (254ms)
	RebuildCommonClasses (8ms)
	RebuildNativeTypeToScriptingClass (33ms)
	initialDomainReloadingComplete (141ms)
	LoadAllAssembliesAndSetupDomain (659ms)
		LoadAssemblies (246ms)
		AnalyzeDomain (457ms)
			TypeCache.Refresh (455ms)
				TypeCache.ScanAssembly (421ms)
	FinalizeReload (798ms)
		SetupLoadedEditorAssemblies (0ms)
			InitializePlatformSupportModulesInManaged (29ms)
			BeforeProcessingInitializeOnLoad (167ms)
			ProcessInitializeOnLoadAttributes (197ms)
			ProcessInitializeOnLoadMethodAttributes (246ms)
Initializing Unity extensions:
[Licensing::Client] Successfully resolved entitlement details
Curl error 3: URL rejected: Malformed input to a URL function
========================================================================
Worker process is ready to serve import requests
Import Worker Mode flag is 0x00
Begin MonoManager ReloadAssembly
Refreshing native plugins compatible for Editor in 10.94 ms, found 5 plugins.
Native extension for Android target not found
Native extension for WindowsStandalone target not found
Native extension for WebGL target not found
[Package Manager] Failed to launch server process. Reason: Unity was launched with the -noUpm command-line argument
[Package Manager] Unable to send message (not connected to server process).
[Package Manager] Cannot connect to Unity Package Manager local server
Refreshing native plugins compatible for Editor in 9.32 ms, found 5 plugins.
[Package Manager] Failed to launch server process. Reason: Unity was launched with the -noUpm command-line argument
[Package Manager] Unable to send message (not connected to server process).
[Package Manager] Cannot connect to Unity Package Manager local server
ScheduleIndexationOnStartup MainProcess:False IndexOnStartup:True
Mono: successfully reloaded assembly
- Finished resetting the current domain, in  2.868 seconds
Domain Reload Profiling: 8502ms
	BeginReloadAssembly (381ms)
		DisableScriptedObjects (55ms)
		CreateAndSetChildDomain (50ms)
	RebuildCommonClasses (13ms)
	RebuildNativeTypeToScriptingClass (29ms)
	initialDomainReloadingComplete (180ms)
	LoadAllAssembliesAndSetupDomain (5029ms)
		LoadAssemblies (966ms)
		AnalyzeDomain (1723ms)
			TypeCache.Refresh (1081ms)
				TypeCache.ScanAssembly (934ms)
			BuildScriptInfoCaches (620ms)
			ResolveRequiredComponents (15ms)
	FinalizeReload (2870ms)
		SetupLoadedEditorAssemblies (0ms)
			InitializePlatformSupportModulesInManaged (21ms)
			BeforeProcessingInitializeOnLoad (520ms)
			ProcessInitializeOnLoadAttributes (1255ms)
			ProcessInitializeOnLoadMethodAttributes (389ms)
			AfterProcessingInitializeOnLoad (26ms)
		AwakeInstancesAfterBackupRestoration (34ms)
AcceleratorClientConnectionCallback - disconnected - :0
WARNING: Shader Unsupported: 'Hidden/Universal Render Pipeline/Terrain/Lit (Base Pass)' - All subshaders removed
WARNING: Shader Did you use #pragma only_renderers and omit this platform?
WARNING: Shader If subshaders removal was intentional, you may have forgotten turning Fallback off?
WARNING: Shader Unsupported: 'Universal Render Pipeline/Terrain/Lit' - All subshaders removed
WARNING: Shader Did you use #pragma only_renderers and omit this platform?
WARNING: Shader If subshaders removal was intentional, you may have forgotten turning Fallback off?
Shader 'TextMeshPro/Distance Field - SpaceWarp': fallback shader 'TextMeshPro/Mobile/Distance Field' not found
Shader 'TextMeshPro/Distance Field SSD - SpaceWarp': fallback shader 'TextMeshPro/Mobile/Distance Field' not found
Launched and connected shader compiler UnityShaderCompiler.exe after 0.03 seconds
Refreshing native plugins compatible for Editor in 8.27 ms, found 5 plugins.
Unloading 56 Unused Serialized files (Serialized files now loaded: 0)
Curl error 3: URL rejected: Malformed input to a URL function
Unloading 7888 unused Assets / (10.0 MB). Loaded Objects now: 8540.
Memory consumption went from 362.4 MB to 352.4 MB.
Total: 26.478000 ms (FindLiveObjects: 1.350000 ms CreateObjectMapping: 5.155500 ms MarkObjects: 12.735100 ms  DeleteObjects: 7.229500 ms)

========================================================================
Received Prepare
AcceleratorClientConnectionCallback - disconnected - :0
WARNING: Shader Unsupported: 'Hidden/Universal Render Pipeline/Terrain/Lit (Base Pass)' - All subshaders removed
WARNING: Shader Did you use #pragma only_renderers and omit this platform?
WARNING: Shader If subshaders removal was intentional, you may have forgotten turning Fallback off?
WARNING: Shader Unsupported: 'Universal Render Pipeline/Terrain/Lit' - All subshaders removed
WARNING: Shader Did you use #pragma only_renderers and omit this platform?
WARNING: Shader If subshaders removal was intentional, you may have forgotten turning Fallback off?
Refreshing native plugins compatible for Editor in 7.65 ms, found 5 plugins.
Unloading 55 Unused Serialized files (Serialized files now loaded: 0)
Unloading 55 unused Assets / (4.4 MB). Loaded Objects now: 8540.
Memory consumption went from 353.0 MB to 348.5 MB.
Total: 15.061000 ms (FindLiveObjects: 0.581500 ms CreateObjectMapping: 1.481500 ms MarkObjects: 11.914400 ms  DeleteObjects: 1.082300 ms)

Prepare: number of updated asset objects reloaded= 0
Shader 'TextMeshPro/Distance Field - SpaceWarp': fallback shader 'TextMeshPro/Mobile/Distance Field' not found
Shader 'TextMeshPro/Distance Field SSD - SpaceWarp': fallback shader 'TextMeshPro/Mobile/Distance Field' not found
EnvironmentDependencyValues requested are different than current active one (requested -> active):
  graphicsApiMask: 2099200 -> 2361344
========================================================================
Received Import Request.
  Time of request: 2026-08-15T10:17:26.5944821Z
  Time since last request: 223483.48348739999346 seconds.
  importAddress: GUID: f8748c766b52e7d49ad39474f707f0a0 - Path: Assets/_Project/Scenes/Game.unity - Importer: ScriptedImporter/UnityEditor.QuickSearchModule:UnityEditor.Search:ASIAI0B
Importing 'GUID: f8748c766b52e7d49ad39474f707f0a0 - Path: Assets/_Project/Scenes/Game.unity - Importer: ScriptedImporter/UnityEditor.QuickSearchModule:UnityEditor.Search:ASIAI0B' with importer (ScriptedImporter : UnityEditor.QuickSearchModule:UnityEditor.Search:ASIAI0B)
Imported 'GUID: f8748c766b52e7d49ad39474f707f0a0' -> (Import Result ID: 'f5e9135798a17fa106824684a9025590') in 0.413 seconds [static and dynamic dependencies]. Details - ImportResultOutputID=c48870db331e327958c89f266a9d50f0 DependenciesID=20835f5866954354561ec3c09a8e8ce0 StaticDependenciesID=f2d914efb3231a02309c46fceb2bc2a4 
Number of updated asset objects reloaded before import = 0
Number of asset objects unloaded after import = 1
========================================================================
Received Import Request.
  Time of request: 2026-08-15T10:17:27.1264044Z
  Time since last request: 0.0000541 seconds.
  importAddress: GUID: 083e8dadd5d9d194aa119ca351862ab2 - Path: Assets/UniversalRenderPipelineGlobalSettings.asset - Importer: ScriptedImporter/UnityEditor.QuickSearchModule:UnityEditor.Search:ASIAI0B
Importing 'GUID: 083e8dadd5d9d194aa119ca351862ab2 - Path: Assets/UniversalRenderPipelineGlobalSettings.asset - Importer: ScriptedImporter/UnityEditor.QuickSearchModule:UnityEditor.Search:ASIAI0B' with importer (ScriptedImporter : UnityEditor.QuickSearchModule:UnityEditor.Search:ASIAI0B)
Imported 'GUID: 083e8dadd5d9d194aa119ca351862ab2' -> (Import Result ID: '43361470f36ad9034fd72e4cd20c07ad') in 0.654 seconds [static and dynamic dependencies]. Details - ImportResultOutputID=9b8c3cc04dea5da2161d2e3d1c85a5cd DependenciesID=3a06c76cf2066ad20ef2903eebcbca77 StaticDependenciesID=653b04c8dad1eeca1ee59a55ef14d9df 
Number of updated asset objects reloaded before import = 0
Number of asset objects unloaded after import = 164
========================================================================
Received Import Request.
  Time of request: 2026-08-15T10:17:27.833423Z
  Time since last request: 0.0000818 seconds.
  importAddress: GUID: 4eade31d3c528fd49aa49233070f7e0e - Path: Assets/DefaultVolumeProfile.asset - Importer: ScriptedImporter/UnityEditor.QuickSearchModule:UnityEditor.Search:ASIAI0B
Importing 'GUID: 4eade31d3c528fd49aa49233070f7e0e - Path: Assets/DefaultVolumeProfile.asset - Importer: ScriptedImporter/UnityEditor.QuickSearchModule:UnityEditor.Search:ASIAI0B' with importer (ScriptedImporter : UnityEditor.QuickSearchModule:UnityEditor.Search:ASIAI0B)
Imported 'GUID: 4eade31d3c528fd49aa49233070f7e0e' -> (Import Result ID: '59f406da06adbe1e59869a0a25f32473') in 0.020 seconds [static and dynamic dependencies]. Details - ImportResultOutputID=5f04aaf955d5d01c42dd5362962e9e9b DependenciesID=b2086a1d6baa853e66cfb379820e094a StaticDependenciesID=be45d349201d57b8080a9373418eaa50 
Number of updated asset objects reloaded before import = 0
Number of asset objects unloaded after import = 1
========================================================================
Received Prepare
AcceleratorClientConnectionCallback - disconnected - :0
[Licensing::Client] Successfully resolved entitlement details
[Licensing::Client] Successfully resolved entitlement details
Begin MonoManager ReloadAssembly
Refreshing native plugins compatible for Editor in 6.85 ms, found 5 plugins.
Native extension for Android target not found
Native extension for WindowsStandalone target not found
Native extension for WebGL target not found
[Package Manager] Failed to launch server process. Reason: Unity was launched with the -noUpm command-line argument
[Package Manager] Unable to send message (not connected to server process).
[Package Manager] Cannot connect to Unity Package Manager local server
[Package Manager] Failed to launch server process. Reason: Unity was launched with the -noUpm command-line argument
[Package Manager] Unable to send message (not connected to server process).
[Package Manager] Cannot connect to Unity Package Manager local server
ScheduleIndexationOnStartup MainProcess:False IndexOnStartup:True
Mono: successfully reloaded assembly
- Finished resetting the current domain, in  1.158 seconds
Domain Reload Profiling: 2524ms
	BeginReloadAssembly (419ms)
		DisableScriptedObjects (57ms)
		CreateAndSetChildDomain (100ms)
	RebuildCommonClasses (12ms)
	RebuildNativeTypeToScriptingClass (27ms)
	initialDomainReloadingComplete (146ms)
	LoadAllAssembliesAndSetupDomain (761ms)
		LoadAssemblies (711ms)
		AnalyzeDomain (26ms)
			TypeCache.Refresh (11ms)
			ResolveRequiredComponents (7ms)
	FinalizeReload (1159ms)
		SetupLoadedEditorAssemblies (0ms)
			InitializePlatformSupportModulesInManaged (12ms)
			BeforeProcessingInitializeOnLoad (155ms)
			ProcessInitializeOnLoadAttributes (456ms)
			ProcessInitializeOnLoadMethodAttributes (195ms)
			AfterProcessingInitializeOnLoad (14ms)
		AwakeInstancesAfterBackupRestoration (29ms)
WARNING: Shader Unsupported: 'Hidden/Universal Render Pipeline/Terrain/Lit (Base Pass)' - All subshaders removed
WARNING: Shader Did you use #pragma only_renderers and omit this platform?
WARNING: Shader If subshaders removal was intentional, you may have forgotten turning Fallback off?
WARNING: Shader Unsupported: 'Universal Render Pipeline/Terrain/Lit' - All subshaders removed
WARNING: Shader Did you use #pragma only_renderers and omit this platform?
WARNING: Shader If subshaders removal was intentional, you may have forgotten turning Fallback off?
Refreshing native plugins compatible for Editor in 5.39 ms, found 5 plugins.
Unloading 55 Unused Serialized files (Serialized files now loaded: 0)
Unloading 7890 unused Assets / (9.2 MB). Loaded Objects now: 8546.
Memory consumption went from 352.5 MB to 343.3 MB.
Total: 17.310400 ms (FindLiveObjects: 1.106100 ms CreateObjectMapping: 3.630700 ms MarkObjects: 7.257700 ms  DeleteObjects: 5.314600 ms)

Prepare: number of updated asset objects reloaded= 0
Shader 'TextMeshPro/Distance Field - SpaceWarp': fallback shader 'TextMeshPro/Mobile/Distance Field' not found
Shader 'TextMeshPro/Distance Field SSD - SpaceWarp': fallback shader 'TextMeshPro/Mobile/Distance Field' not found
EnvironmentDependencyValues requested are different than current active one (requested -> active):
  graphicsApiMask: 2099200 -> 2361344
========================================================================
Received Prepare
AcceleratorClientConnectionCallback - disconnected - :0
WARNING: Shader Unsupported: 'Hidden/Universal Render Pipeline/Terrain/Lit (Base Pass)' - All subshaders removed
WARNING: Shader Did you use #pragma only_renderers and omit this platform?
WARNING: Shader If subshaders removal was intentional, you may have forgotten turning Fallback off?
WARNING: Shader Unsupported: 'Universal Render Pipeline/Terrain/Lit' - All subshaders removed
WARNING: Shader Did you use #pragma only_renderers and omit this platform?
WARNING: Shader If subshaders removal was intentional, you may have forgotten turning Fallback off?
Refreshing native plugins compatible for Editor in 8.23 ms, found 5 plugins.
Unloading 69 Unused Serialized files (Serialized files now loaded: 0)
Unloading 70 unused Assets / (5.2 MB). Loaded Objects now: 8546.
Memory consumption went from 352.2 MB to 347.0 MB.
Total: 34.676500 ms (FindLiveObjects: 8.380300 ms CreateObjectMapping: 6.296100 ms MarkObjects: 17.033800 ms  DeleteObjects: 2.964600 ms)

Prepare: number of updated asset objects reloaded= 4
EnvironmentDependencyValues requested are different than current active one (requested -> active):
  graphicsApiMask: 2099200 -> 2361344
========================================================================
Received Prepare
AcceleratorClientConnectionCallback - disconnected - :0
[Licensing::Client] Successfully resolved entitlement details
[Licensing::Client] Successfully resolved entitlement details
Begin MonoManager ReloadAssembly
Refreshing native plugins compatible for Editor in 4.64 ms, found 5 plugins.
Native extension for Android target not found
Native extension for WindowsStandalone target not found
Native extension for WebGL target not found
[Package Manager] Failed to launch server process. Reason: Unity was launched with the -noUpm command-line argument
[Package Manager] Unable to send message (not connected to server process).
[Package Manager] Cannot connect to Unity Package Manager local server
[Package Manager] Failed to launch server process. Reason: Unity was launched with the -noUpm command-line argument
[Package Manager] Unable to send message (not connected to server process).
[Package Manager] Cannot connect to Unity Package Manager local server
ScheduleIndexationOnStartup MainProcess:False IndexOnStartup:True
Mono: successfully reloaded assembly
- Finished resetting the current domain, in  1.328 seconds
Domain Reload Profiling: 2702ms
	BeginReloadAssembly (389ms)
		DisableScriptedObjects (56ms)
		CreateAndSetChildDomain (81ms)
	RebuildCommonClasses (13ms)
	RebuildNativeTypeToScriptingClass (25ms)
	initialDomainReloadingComplete (150ms)
	LoadAllAssembliesAndSetupDomain (796ms)
		LoadAssemblies (716ms)
		AnalyzeDomain (30ms)
			TypeCache.Refresh (11ms)
			ResolveRequiredComponents (10ms)
	FinalizeReload (1330ms)
		SetupLoadedEditorAssemblies (0ms)
			InitializePlatformSupportModulesInManaged (16ms)
			BeforeProcessingInitializeOnLoad (173ms)
			ProcessInitializeOnLoadAttributes (517ms)
			ProcessInitializeOnLoadMethodAttributes (250ms)
			AfterProcessingInitializeOnLoad (17ms)
		AwakeInstancesAfterBackupRestoration (26ms)
WARNING: Shader Unsupported: 'Hidden/Universal Render Pipeline/Terrain/Lit (Base Pass)' - All subshaders removed
WARNING: Shader Did you use #pragma only_renderers and omit this platform?
WARNING: Shader If subshaders removal was intentional, you may have forgotten turning Fallback off?
WARNING: Shader Unsupported: 'Universal Render Pipeline/Terrain/Lit' - All subshaders removed
WARNING: Shader Did you use #pragma only_renderers and omit this platform?
WARNING: Shader If subshaders removal was intentional, you may have forgotten turning Fallback off?
Refreshing native plugins compatible for Editor in 6.79 ms, found 5 plugins.
Unloading 68 Unused Serialized files (Serialized files now loaded: 0)
Unloading 7898 unused Assets / (10.7 MB). Loaded Objects now: 8550.
Memory consumption went from 359.7 MB to 349.0 MB.
Total: 21.938400 ms (FindLiveObjects: 1.149400 ms CreateObjectMapping: 4.211500 ms MarkObjects: 8.622800 ms  DeleteObjects: 7.953400 ms)

Prepare: number of updated asset objects reloaded= 0
EnvironmentDependencyValues requested are different than current active one (requested -> active):
  graphicsApiMask: 2099200 -> 2361344
========================================================================
Received Import Request.
  Time of request: 2026-08-15T10:22:48.9439236Z
  Time since last request: 321.07244530000003 seconds.
  importAddress: GUID: ce23492f8989705428bab6ba9a49fbf2 - Path: Assets/_Project/Art/Environment/Dungeon - Importer: PreviewImporter
Importing 'GUID: ce23492f8989705428bab6ba9a49fbf2 - Path: Assets/_Project/Art/Environment/Dungeon - Importer: PreviewImporter' with importer (PreviewImporter)
Imported 'GUID: ce23492f8989705428bab6ba9a49fbf2' -> (Import Result ID: 'bce3eed5b084e00e06d9c9c3159b236a') in 0.002 seconds [static and dynamic dependencies]. Details - ImportResultOutputID=382c42b7e34aecb2400ed65c3aa2adf0 DependenciesID=2a3321a1b5144cce82ea133de62909ec StaticDependenciesID=dd74b4e04aa4aa0e053ad3b0684537c2 
Number of updated asset objects reloaded before import = 0
Number of asset objects unloaded after import = 0
========================================================================
Received Import Request.
  Time of request: 2026-08-15T10:22:49.0665426Z
  Time since last request: 0.1050926 seconds.
  importAddress: GUID: 12ae1fc9f0e0d0e4fb1ff00d0e496ec4 - Path: Assets/_Project/Art/Environment/Dungeon/Preview.png - Importer: PreviewImporter
Importing 'GUID: 12ae1fc9f0e0d0e4fb1ff00d0e496ec4 - Path: Assets/_Project/Art/Environment/Dungeon/Preview.png - Importer: PreviewImporter' with importer (PreviewImporter)
Imported 'GUID: 12ae1fc9f0e0d0e4fb1ff00d0e496ec4' -> (Import Result ID: 'fa0c5317ea7fc76ce8edd2fc2adec2ed') in 0.088 seconds [static and dynamic dependencies]. Details - ImportResultOutputID=792b2d9a237d800137b0863de2a8bffc DependenciesID=c473315888bbbcf42fa434fc09d002ea StaticDependenciesID=cf40c24673815ad268e05579f1196bc8 
Number of updated asset objects reloaded before import = 0
Number of asset objects unloaded after import = 2
========================================================================
Received Import Request.
  Time of request: 2026-08-15T10:22:49.168231Z
  Time since last request: 0.0005739 seconds.
  importAddress: GUID: 14a9c62ac790bde4f9e7828f5fea2f0d - Path: Assets/_Project/Art/Environment/Dungeon/Preview (Variation B).png - Importer: PreviewImporter
Importing 'GUID: 14a9c62ac790bde4f9e7828f5fea2f0d - Path: Assets/_Project/Art/Environment/Dungeon/Preview (Variation B).png - Importer: PreviewImporter' with importer (PreviewImporter)
Imported 'GUID: 14a9c62ac790bde4f9e7828f5fea2f0d' -> (Import Result ID: '5fadc8523d442fcc213d459dc1f981e8') in 0.012 seconds [static and dynamic dependencies]. Details - ImportResultOutputID=15700e621da3a18c4ca550a55b4c4fcb DependenciesID=7b23695fbae895bb8790fcbe20234c6e StaticDependenciesID=b0430a8716f37f6fce2c664a260569b6 
Number of updated asset objects reloaded before import = 0
Number of asset objects unloaded after import = 2
========================================================================
Received Import Request.
  Time of request: 2026-08-15T10:22:51.7663069Z
  Time since last request: 2.5705722 seconds.
  importAddress: GUID: 9ce496919af230b438608e7595ea011c - Path: Assets/_Project/Art/Environment/Cave/Preview.png - Importer: PreviewImporter
Importing 'GUID: 9ce496919af230b438608e7595ea011c - Path: Assets/_Project/Art/Environment/Cave/Preview.png - Importer: PreviewImporter' with importer (PreviewImporter)
Imported 'GUID: 9ce496919af230b438608e7595ea011c' -> (Import Result ID: '05951abfd8f8a1bbfad965efee26b94e') in 0.014 seconds [static and dynamic dependencies]. Details - ImportResultOutputID=22dad9b857ad0f7b03c9ff57964d4a89 DependenciesID=595e71271aa6b83a6a58908ca76d8e93 StaticDependenciesID=d5c8b28871b86f4ff93121a9e6cfaaec 
Number of updated asset objects reloaded before import = 0
Number of asset objects unloaded after import = 2
========================================================================
Received Import Request.
  Time of request: 2026-08-15T10:22:51.7916227Z
  Time since last request: 0.0007878 seconds.
  importAddress: GUID: 02771350344130f4da6f4e72615eaef5 - Path: Assets/_Project/Art/Environment/Cave/Preview (Variation B).png - Importer: PreviewImporter
Importing 'GUID: 02771350344130f4da6f4e72615eaef5 - Path: Assets/_Project/Art/Environment/Cave/Preview (Variation B).png - Importer: PreviewImporter' with importer (PreviewImporter)
Imported 'GUID: 02771350344130f4da6f4e72615eaef5' -> (Import Result ID: 'eebd1a45a119811821c2e6b1de67df11') in 0.014 seconds [static and dynamic dependencies]. Details - ImportResultOutputID=37e89206d09caa82e7d3fb34e76b4ff3 DependenciesID=19bb6ace84b0ecbce08067c6d0dbf160 StaticDependenciesID=1524223fdf90ab1509c76d955f9f9217 
Number of updated asset objects reloaded before import = 0
Number of asset objects unloaded after import = 2
========================================================================
Received Prepare
AcceleratorClientConnectionCallback - disconnected - :0
WARNING: Shader Unsupported: 'Hidden/Universal Render Pipeline/Terrain/Lit (Base Pass)' - All subshaders removed
WARNING: Shader Did you use #pragma only_renderers and omit this platform?
WARNING: Shader If subshaders removal was intentional, you may have forgotten turning Fallback off?
WARNING: Shader Unsupported: 'Universal Render Pipeline/Terrain/Lit' - All subshaders removed
WARNING: Shader Did you use #pragma only_renderers and omit this platform?
WARNING: Shader If subshaders removal was intentional, you may have forgotten turning Fallback off?
Refreshing native plugins compatible for Editor in 5.02 ms, found 5 plugins.
Unloading 68 Unused Serialized files (Serialized files now loaded: 0)
Unloading 69 unused Assets / (5.1 MB). Loaded Objects now: 8553.
Memory consumption went from 351.0 MB to 345.8 MB.
Total: 12.806600 ms (FindLiveObjects: 0.656000 ms CreateObjectMapping: 1.346800 ms MarkObjects: 9.264300 ms  DeleteObjects: 1.538000 ms)

Prepare: number of updated asset objects reloaded= 0
EnvironmentDependencyValues requested are different than current active one (requested -> active):
  graphicsApiMask: 2099200 -> 2361344
========================================================================
Received Import Request.
  Time of request: 2026-08-15T10:29:38.4308338Z
  Time since last request: 406.61146739999998 seconds.
  importAddress: GUID: f8748c766b52e7d49ad39474f707f0a0 - Path: Assets/_Project/Scenes/Game.unity - Importer: ScriptedImporter/UnityEditor.QuickSearchModule:UnityEditor.Search:ASIAI0B
Importing 'GUID: f8748c766b52e7d49ad39474f707f0a0 - Path: Assets/_Project/Scenes/Game.unity - Importer: ScriptedImporter/UnityEditor.QuickSearchModule:UnityEditor.Search:ASIAI0B' with importer (ScriptedImporter : UnityEditor.QuickSearchModule:UnityEditor.Search:ASIAI0B)
Imported 'GUID: f8748c766b52e7d49ad39474f707f0a0' -> (Import Result ID: '61ee995f9c39dbd36674821003951e48') in 0.103 seconds [static and dynamic dependencies]. Details - ImportResultOutputID=462dcd9485f359c239be8a6a0beee6e1 DependenciesID=5f14a3fe34b657a4af9bfc71746efc72 StaticDependenciesID=8a81537ffbac4b442ce295708e781c2f 
Number of updated asset objects reloaded before import = 0
Number of asset objects unloaded after import = 1
========================================================================
Received Import Request.
  Time of request: 2026-08-15T10:29:38.5525093Z
  Time since last request: 0.0008939 seconds.
  importAddress: GUID: 124c112a6e8f1a54e8b0870e881b56d8 - Path: Assets/TextMesh Pro/Shaders/TMP_SDF-URP Unlit.shadergraph - Importer: ScriptedImporter/UnityEditor.QuickSearchModule:UnityEditor.Search:ASIAI0B
Importing 'GUID: 124c112a6e8f1a54e8b0870e881b56d8 - Path: Assets/TextMesh Pro/Shaders/TMP_SDF-URP Unlit.shadergraph - Importer: ScriptedImporter/UnityEditor.QuickSearchModule:UnityEditor.Search:ASIAI0B' with importer (ScriptedImporter : UnityEditor.QuickSearchModule:UnityEditor.Search:ASIAI0B)
Imported 'GUID: 124c112a6e8f1a54e8b0870e881b56d8' -> (Import Result ID: '1b78a62f6d6e6bc99d6f5ef769302936') in 0.122 seconds [static and dynamic dependencies]. Details - ImportResultOutputID=a4b229b62a04b454ff970a74f43d8e54 DependenciesID=dd3cd833c130f0ebbafb8cae1b1dd78d StaticDependenciesID=54e35d61327557b6098fc14575a158b8 
Number of updated asset objects reloaded before import = 0
Number of asset objects unloaded after import = 5
========================================================================
Received Import Request.
  Time of request: 2026-08-15T10:29:38.6919107Z
  Time since last request: 0.0010594 seconds.
  importAddress: GUID: fade42e8bc714b018fac513c043d323b - Path: Assets/TextMesh Pro/Resources/LineBreaking Following Characters.txt - Importer: ScriptedImporter/UnityEditor.QuickSearchModule:UnityEditor.Search:ASIAI0B
Importing 'GUID: fade42e8bc714b018fac513c043d323b - Path: Assets/TextMesh Pro/Resources/LineBreaking Following Characters.txt - Importer: ScriptedImporter/UnityEditor.QuickSearchModule:UnityEditor.Search:ASIAI0B' with importer (ScriptedImporter : UnityEditor.QuickSearchModule:UnityEditor.Search:ASIAI0B)
Imported 'GUID: fade42e8bc714b018fac513c043d323b' -> (Import Result ID: 'ff021657fad636bb5790a9a0ecd71195') in 0.011 seconds [static and dynamic dependencies]. Details - ImportResultOutputID=c434badaa0bd33fa42532e4007b93783 DependenciesID=139ab7cdd017ab714fb84086c9826feb StaticDependenciesID=3deb24930b295084dba8f37a95bd3f66 
Number of updated asset objects reloaded before import = 0
Number of asset objects unloaded after import = 1
========================================================================
Received Import Request.
  Time of request: 2026-08-15T10:29:38.7195087Z
  Time since last request: 0.0007565 seconds.
  importAddress: GUID: a3d800b099a06e0478fb790c5e79057a - Path: Assets/TextMesh Pro/Shaders/TMP_SDF-URP Lit.shadergraph - Importer: ScriptedImporter/UnityEditor.QuickSearchModule:UnityEditor.Search:ASIAI0B
Importing 'GUID: a3d800b099a06e0478fb790c5e79057a - Path: Assets/TextMesh Pro/Shaders/TMP_SDF-URP Lit.shadergraph - Importer: ScriptedImporter/UnityEditor.QuickSearchModule:UnityEditor.Search:ASIAI0B' with importer (ScriptedImporter : UnityEditor.QuickSearchModule:UnityEditor.Search:ASIAI0B)
Imported 'GUID: a3d800b099a06e0478fb790c5e79057a' -> (Import Result ID: '06dce6a35afb048a0f3f2bbcc6fb97cb') in 0.036 seconds [static and dynamic dependencies]. Details - ImportResultOutputID=8365794457b66ed65101b16557ef32f8 DependenciesID=683ce337a258b49857b3d2d1fa747725 StaticDependenciesID=66983c10ed45e6249b0b0e2775bf99f2 
Number of updated asset objects reloaded before import = 0
Number of asset objects unloaded after import = 5
========================================================================
Received Import Request.
  Time of request: 2026-08-15T10:29:38.7743407Z
  Time since last request: 0.0000422 seconds.
  importAddress: GUID: a02a7d8c237544f1962732b55a9aebf1 - Path: Assets/TextMesh Pro/Shaders/TMP_SDF-Mobile Overlay.shader - Importer: ScriptedImporter/UnityEditor.QuickSearchModule:UnityEditor.Search:ASIAI0B
Importing 'GUID: a02a7d8c237544f1962732b55a9aebf1 - Path: Assets/TextMesh Pro/Shaders/TMP_SDF-Mobile Overlay.shader - Importer: ScriptedImporter/UnityEditor.QuickSearchModule:UnityEditor.Search:ASIAI0B' with importer (ScriptedImporter : UnityEditor.QuickSearchModule:UnityEditor.Search:ASIAI0B)
Imported 'GUID: a02a7d8c237544f1962732b55a9aebf1' -> (Import Result ID: '8059e1dc0558262af61a2e20316c346a') in 0.013 seconds [static and dynamic dependencies]. Details - ImportResultOutputID=b0cb2617d1730bc1d4146d646618b17e DependenciesID=52a526ad462bef825a9489dc7817df08 StaticDependenciesID=cf677355c287aa6991777011f3ec0e03 
Number of updated asset objects reloaded before import = 0
Number of asset objects unloaded after import = 1
========================================================================
Received Import Request.
  Time of request: 2026-08-15T10:29:38.8120276Z
  Time since last request: 0.000909 seconds.
  importAddress: GUID: aadd5a709a48466c887296bb5b1b8110 - Path: Assets/TextMesh Pro/Examples & Extras/Materials/Ground - Surface Shader Scene.mat - Importer: ScriptedImporter/UnityEditor.QuickSearchModule:UnityEditor.Search:ASIAI0B
Importing 'GUID: aadd5a709a48466c887296bb5b1b8110 - Path: Assets/TextMesh Pro/Examples & Extras/Materials/Ground - Surface Shader Scene.mat - Importer: ScriptedImporter/UnityEditor.QuickSearchModule:UnityEditor.Search:ASIAI0B' with importer (ScriptedImporter : UnityEditor.QuickSearchModule:UnityEditor.Search:ASIAI0B)
Imported 'GUID: aadd5a709a48466c887296bb5b1b8110' -> (Import Result ID: '89a59bfcf878f5654616ed958c2a32fd') in 0.017 seconds [static and dynamic dependencies]. Details - ImportResultOutputID=83baf6ae571587364051cff4fd59c7c4 DependenciesID=346176f0766c7e43eafc474d85e96664 StaticDependenciesID=7f7b39d92aecd6b17655dd7ace31421a 
Number of updated asset objects reloaded before import = 0
Number of asset objects unloaded after import = 2
========================================================================
Received Import Request.
  Time of request: 2026-08-15T10:29:38.8488333Z
  Time since last request: 0.0005334 seconds.
  importAddress: GUID: 3b5cc91c3bf8cf74391252247f52fb59 - Path: Assets/TextMesh Pro/Examples & Extras/Materials/Crate - URP.mat - Importer: ScriptedImporter/UnityEditor.QuickSearchModule:UnityEditor.Search:ASIAI0B
Importing 'GUID: 3b5cc91c3bf8cf74391252247f52fb59 - Path: Assets/TextMesh Pro/Examples & Extras/Materials/Crate - URP.mat - Importer: ScriptedImporter/UnityEditor.QuickSearchModule:UnityEditor.Search:ASIAI0B' with importer (ScriptedImporter : UnityEditor.QuickSearchModule:UnityEditor.Search:ASIAI0B)
Imported 'GUID: 3b5cc91c3bf8cf74391252247f52fb59' -> (Import Result ID: '381775350379ade1534d985ced9771a6') in 0.020 seconds [static and dynamic dependencies]. Details - ImportResultOutputID=a22cc1af37c3cc78fdc7c5309a1d7177 DependenciesID=781f34010dbf5b72b114fc3d9986d333 StaticDependenciesID=e1118a766cbcf020e22fc9164dbcc94b 
Number of updated asset objects reloaded before import = 0
Number of asset objects unloaded after import = 2
========================================================================
Received Import Request.
  Time of request: 2026-08-15T10:29:38.8865906Z
  Time since last request: 0.0009751 seconds.
  importAddress: GUID: f63d574838ccfb44f84acc05fed0af48 - Path: Assets/TextMesh Pro/Shaders/TMP_SDF-HDRP UNLIT.shadergraph - Importer: ScriptedImporter/UnityEditor.QuickSearchModule:UnityEditor.Search:ASIAI0B
Importing 'GUID: f63d574838ccfb44f84acc05fed0af48 - Path: Assets/TextMesh Pro/Shaders/TMP_SDF-HDRP UNLIT.shadergraph - Importer: ScriptedImporter/UnityEditor.QuickSearchModule:UnityEditor.Search:ASIAI0B' with importer (ScriptedImporter : UnityEditor.QuickSearchModule:UnityEditor.Search:ASIAI0B)
Imported 'GUID: f63d574838ccfb44f84acc05fed0af48' -> (Import Result ID: '0d972f83bec888844a7da889cbe6eeed') in 0.015 seconds [static and dynamic dependencies]. Details - ImportResultOutputID=3133958fc2bd8487858bc1144a8d46ee DependenciesID=14ec4c31e997459ec9c897183098ddca StaticDependenciesID=b89ba0988a0596e1b9585772edd58f52 
Number of updated asset objects reloaded before import = 0
Number of asset objects unloaded after import = 4
========================================================================
Received Import Request.
  Time of request: 2026-08-15T10:29:38.9260516Z
  Time since last request: 0.0004243 seconds.
  importAddress: GUID: cf81c85f95fe47e1a27f6ae460cf182c - Path: Assets/TextMesh Pro/Shaders/TMP_Sprite.shader - Importer: ScriptedImporter/UnityEditor.QuickSearchModule:UnityEditor.Search:ASIAI0B
Importing 'GUID: cf81c85f95fe47e1a27f6ae460cf182c - Path: Assets/TextMesh Pro/Shaders/TMP_Sprite.shader - Importer: ScriptedImporter/UnityEditor.QuickSearchModule:UnityEditor.Search:ASIAI0B' with importer (ScriptedImporter : UnityEditor.QuickSearchModule:UnityEditor.Search:ASIAI0B)
Imported 'GUID: cf81c85f95fe47e1a27f6ae460cf182c' -> (Import Result ID: 'f83436bdf35a65b3cf4c80ed4a8abb93') in 0.008 seconds [static and dynamic dependencies]. Details - ImportResultOutputID=35d599d2a9a3714d076c0b0c155ef8da DependenciesID=e78c09dc35ca28a68cc679293c6e2826 StaticDependenciesID=86ec5bae279a670d399f882fa94bb0da 
Number of updated asset objects reloaded before import = 0
Number of asset objects unloaded after import = 1
========================================================================
Received Import Request.
  Time of request: 2026-08-15T10:29:38.9517785Z
  Time since last request: 0.0012593 seconds.
  importAddress: GUID: 125cb55b44b24c4393181402bc6200e6 - Path: Assets/TextMesh Pro/Examples & Extras/Resources/Fonts & Materials/Bangers SDF.asset - Importer: ScriptedImporter/UnityEditor.QuickSearchModule:UnityEditor.Search:ASIAI0B
Importing 'GUID: 125cb55b44b24c4393181402bc6200e6 - Path: Assets/TextMesh Pro/Examples & Extras/Resources/Fonts & Materials/Bangers SDF.asset - Importer: ScriptedImporter/UnityEditor.QuickSearchModule:UnityEditor.Search:ASIAI0B' with importer (ScriptedImporter : UnityEditor.QuickSearchModule:UnityEditor.Search:ASIAI0B)
Imported 'GUID: 125cb55b44b24c4393181402bc6200e6' -> (Import Result ID: 'f003204daf44d674b7f791f351f6e940') in 0.106 seconds [static and dynamic dependencies]. Details - ImportResultOutputID=271b59bcdc2fb512e9af434328158816 DependenciesID=d452b732092ccb434d8ea4e4cef9a523 StaticDependenciesID=cdba2533cb7fe2930f59e0cc23849a3c 
Number of updated asset objects reloaded before import = 0
Number of asset objects unloaded after import = 6
========================================================================
Received Import Request.
  Time of request: 2026-08-15T10:29:39.0771462Z
  Time since last request: 0.0001398 seconds.
  importAddress: GUID: 68e6db2ebdc24f95958faec2be5558d6 - Path: Assets/TextMesh Pro/Shaders/TMP_SDF.shader - Importer: ScriptedImporter/UnityEditor.QuickSearchModule:UnityEditor.Search:ASIAI0B
Importing 'GUID: 68e6db2ebdc24f95958faec2be5558d6 - Path: Assets/TextMesh Pro/Shaders/TMP_SDF.shader - Importer: ScriptedImporter/UnityEditor.QuickSearchModule:UnityEditor.Search:ASIAI0B' with importer (ScriptedImporter : UnityEditor.QuickSearchModule:UnityEditor.Search:ASIAI0B)
Imported 'GUID: 68e6db2ebdc24f95958faec2be5558d6' -> (Import Result ID: 'f415dd72debdc3d24492c2528cec957c') in 0.009 seconds [static and dynamic dependencies]. Details - ImportResultOutputID=5b5c5f3b46d327ff8241cc51d981986f DependenciesID=c4251285ed19985e745365f64963d75f StaticDependenciesID=5783a9b4bcef88f93d9daad1857e4376 
Number of updated asset objects reloaded before import = 0
Number of asset objects unloaded after import = 1
========================================================================
Received Import Request.
  Time of request: 2026-08-15T10:29:39.1044322Z
  Time since last request: 0.0006968 seconds.
  importAddress: GUID: c719e38f25a9480abd2480ab621a2949 - Path: Assets/TextMesh Pro/Examples & Extras/Materials/Ground - Logo Scene.mat - Importer: ScriptedImporter/UnityEditor.QuickSearchModule:UnityEditor.Search:ASIAI0B
Importing 'GUID: c719e38f25a9480abd2480ab621a2949 - Path: Assets/TextMesh Pro/Examples & Extras/Materials/Ground - Logo Scene.mat - Importer: ScriptedImporter/UnityEditor.QuickSearchModule:UnityEditor.Search:ASIAI0B' with importer (ScriptedImporter : UnityEditor.QuickSearchModule:UnityEditor.Search:ASIAI0B)
Imported 'GUID: c719e38f25a9480abd2480ab621a2949' -> (Import Result ID: '23e4db13b84b35b0cc724842f7ed1bab') in 0.012 seconds [static and dynamic dependencies]. Details - ImportResultOutputID=1bccd9f0305b1c8f9c767844845cd57a DependenciesID=4afc7a892d006b88e3270ae9f7e5b203 StaticDependenciesID=9cadcd631594ab6680a5812cc802941a 
Number of updated asset objects reloaded before import = 0
Number of asset objects unloaded after import = 2
========================================================================
Received Import Request.
  Time of request: 2026-08-15T10:29:39.1366886Z
  Time since last request: 0.0011888 seconds.
  importAddress: GUID: 8f586378b4e144a9851e7b34d9b748ee - Path: Assets/TextMesh Pro/Resources/Fonts & Materials/LiberationSans SDF.asset - Importer: ScriptedImporter/UnityEditor.QuickSearchModule:UnityEditor.Search:ASIAI0B
Importing 'GUID: 8f586378b4e144a9851e7b34d9b748ee - Path: Assets/TextMesh Pro/Resources/Fonts & Materials/LiberationSans SDF.asset - Importer: ScriptedImporter/UnityEditor.QuickSearchModule:UnityEditor.Search:ASIAI0B' with importer (ScriptedImporter : UnityEditor.QuickSearchModule:UnityEditor.Search:ASIAI0B)
Imported 'GUID: 8f586378b4e144a9851e7b34d9b748ee' -> (Import Result ID: '5902f816312ff3d2b0ac3274bb5f1195') in 0.181 seconds [static and dynamic dependencies]. Details - ImportResultOutputID=8010e14ee18aaee8d74f6fc320a7233f DependenciesID=8f2c0f85cf8153e3de107cb65f1c66eb StaticDependenciesID=4d123fb2bb14576911fc61552b30c81d 
Number of updated asset objects reloaded before import = 0
Number of asset objects unloaded after import = 8
========================================================================
Received Import Request.
  Time of request: 2026-08-15T10:29:39.3357149Z
  Time since last request: 0.0014092 seconds.
  importAddress: GUID: f952c082cb03451daed3ee968ac6c63e - Path: Assets/TextMesh Pro/Resources/Style Sheets/Default Style Sheet.asset - Importer: ScriptedImporter/UnityEditor.QuickSearchModule:UnityEditor.Search:ASIAI0B
Importing 'GUID: f952c082cb03451daed3ee968ac6c63e - Path: Assets/TextMesh Pro/Resources/Style Sheets/Default Style Sheet.asset - Importer: ScriptedImporter/UnityEditor.QuickSearchModule:UnityEditor.Search:ASIAI0B' with importer (ScriptedImporter : UnityEditor.QuickSearchModule:UnityEditor.Search:ASIAI0B)
Imported 'GUID: f952c082cb03451daed3ee968ac6c63e' -> (Import Result ID: 'd0484571b4e637b840f74d7b85bda619') in 0.011 seconds [static and dynamic dependencies]. Details - ImportResultOutputID=4b8201afcc5b3bd80cba3bd64c8313c0 DependenciesID=f22b7ec2208a3562434ad3d610d49dda StaticDependenciesID=9f8cd68f6a739ea5af5a1887b4aa3ba7 
Number of updated asset objects reloaded before import = 0
Number of asset objects unloaded after import = 1
========================================================================
Received Import Request.
  Time of request: 2026-08-15T10:29:39.3632994Z
  Time since last request: 0.000619 seconds.
  importAddress: GUID: f7ada0af4f174f0694ca6a487b8f543d - Path: Assets/TextMesh Pro/Shaders/TMP_SDF-Surface.shader - Importer: ScriptedImporter/UnityEditor.QuickSearchModule:UnityEditor.Search:ASIAI0B
Importing 'GUID: f7ada0af4f174f0694ca6a487b8f543d - Path: Assets/TextMesh Pro/Shaders/TMP_SDF-Surface.shader - Importer: ScriptedImporter/UnityEditor.QuickSearchModule:UnityEditor.Search:ASIAI0B' with importer (ScriptedImporter : UnityEditor.QuickSearchModule:UnityEditor.Search:ASIAI0B)
Imported 'GUID: f7ada0af4f174f0694ca6a487b8f543d' -> (Import Result ID: '0e6751e81c170ab7ed5429d5f24b2a67') in 0.014 seconds [static and dynamic dependencies]. Details - ImportResultOutputID=68e98825fa0eb6bc99bb2f0f0682471a DependenciesID=53337b663f181414450a56dfe899436b StaticDependenciesID=0963af5deed195798c6341f57b18f158 
Number of updated asset objects reloaded before import = 0
Number of asset objects unloaded after import = 1
========================================================================
Received Import Request.
  Time of request: 2026-08-15T10:29:39.397763Z
  Time since last request: 0.0009107 seconds.
  importAddress: GUID: 22262639920f43d6be32430e4e58350d - Path: Assets/TextMesh Pro/Examples & Extras/Materials/Small Crate_diffuse.mat - Importer: ScriptedImporter/UnityEditor.QuickSearchModule:UnityEditor.Search:ASIAI0B
Importing 'GUID: 22262639920f43d6be32430e4e58350d - Path: Assets/TextMesh Pro/Examples & Extras/Materials/Small Crate_diffuse.mat - Importer: ScriptedImporter/UnityEditor.QuickSearchModule:UnityEditor.Search:ASIAI0B' with importer (ScriptedImporter : UnityEditor.QuickSearchModule:UnityEditor.Search:ASIAI0B)
Imported 'GUID: 22262639920f43d6be32430e4e58350d' -> (Import Result ID: 'f46b6e0bf00d57ae04be81a9e0a159db') in 0.035 seconds [static and dynamic dependencies]. Details - ImportResultOutputID=f2dc7b6233478fc71f0c254aaf62f331 DependenciesID=f69e9fc4deec525446b9d82d0d0bc07e StaticDependenciesID=b58afcd300380b6033b4bc27e22b69dc 
Number of updated asset objects reloaded before import = 0
Number of asset objects unloaded after import = 2
========================================================================
Received Import Request.
  Time of request: 2026-08-15T10:29:39.4628334Z
  Time since last request: 0.0007638 seconds.
  importAddress: GUID: d930090c0cd643c7b55f19a38538c162 - Path: Assets/TextMesh Pro/Shaders/TMPro_Surface.cginc - Importer: ScriptedImporter/UnityEditor.QuickSearchModule:UnityEditor.Search:ASIAI0B
Importing 'GUID: d930090c0cd643c7b55f19a38538c162 - Path: Assets/TextMesh Pro/Shaders/TMPro_Surface.cginc - Importer: ScriptedImporter/UnityEditor.QuickSearchModule:UnityEditor.Search:ASIAI0B' with importer (ScriptedImporter : UnityEditor.QuickSearchModule:UnityEditor.Search:ASIAI0B)
Imported 'GUID: d930090c0cd643c7b55f19a38538c162' -> (Import Result ID: '0f196f91c4d39d1d4c76f0f09c3255af') in 0.016 seconds [static and dynamic dependencies]. Details - ImportResultOutputID=d5d552c0e8c48ef5d8def0403c8e46b1 DependenciesID=fc3f24aa8bfe33b5bda48c84728bdca4 StaticDependenciesID=e72efc237d2bc855952d8b96831e72d9 
Number of updated asset objects reloaded before import = 0
Number of asset objects unloaded after import = 1
========================================================================
Received Import Request.
  Time of request: 2026-08-15T10:29:39.5115164Z
  Time since last request: 0.003148 seconds.
  importAddress: GUID: 8b29aaa3eec7468097ff07adfcf29ac9 - Path: Assets/TextMesh Pro/Examples & Extras/Resources/Fonts & Materials/LiberationSans SDF - Metalic Green.mat - Importer: ScriptedImporter/UnityEditor.QuickSearchModule:UnityEditor.Search:ASIAI0B
Importing 'GUID: 8b29aaa3eec7468097ff07adfcf29ac9 - Path: Assets/TextMesh Pro/Examples & Extras/Resources/Fonts & Materials/LiberationSans SDF - Metalic Green.mat - Importer: ScriptedImporter/UnityEditor.QuickSearchModule:UnityEditor.Search:ASIAI0B' with importer (ScriptedImporter : UnityEditor.QuickSearchModule:UnityEditor.Search:ASIAI0B)
Imported 'GUID: 8b29aaa3eec7468097ff07adfcf29ac9' -> (Import Result ID: '2e9ca25bbf6508e384cc36d91ceed145') in 0.099 seconds [static and dynamic dependencies]. Details - ImportResultOutputID=0222a77c3889bb9497f4d88d9c86e2f4 DependenciesID=c32c478277dd60df074346970124f713 StaticDependenciesID=290fc7019b7102ac56302955a80e0219 
Number of updated asset objects reloaded before import = 0
Number of asset objects unloaded after import = 5
========================================================================
Received Import Request.
  Time of request: 2026-08-15T10:29:39.6378003Z
  Time since last request: 0.0007048 seconds.
  importAddress: GUID: 14eb328de4b8eb245bb7cea29e4ac00b - Path: Assets/TextMesh Pro/Shaders/TMP_SDF SSD.shader - Importer: ScriptedImporter/UnityEditor.QuickSearchModule:UnityEditor.Search:ASIAI0B
Importing 'GUID: 14eb328de4b8eb245bb7cea29e4ac00b - Path: Assets/TextMesh Pro/Shaders/TMP_SDF SSD.shader - Importer: ScriptedImporter/UnityEditor.QuickSearchModule:UnityEditor.Search:ASIAI0B' with importer (ScriptedImporter : UnityEditor.QuickSearchModule:UnityEditor.Search:ASIAI0B)
Imported 'GUID: 14eb328de4b8eb245bb7cea29e4ac00b' -> (Import Result ID: '1c983c1fdb5494528af9a079d3521784') in 0.012 seconds [static and dynamic dependencies]. Details - ImportResultOutputID=a718933a458ccf93cea64e5ca5446851 DependenciesID=063d0681588ea50765c7c29f6add68f9 StaticDependenciesID=9f5355389ed0bff324f58c6432e91f37 
Number of updated asset objects reloaded before import = 0
Number of asset objects unloaded after import = 1
========================================================================
Received Import Request.
  Time of request: 2026-08-15T10:29:39.666864Z
  Time since last request: 0.0008129 seconds.
  importAddress: GUID: 128e987d567d4e2c824d754223b3f3b0 - Path: Assets/TextMesh Pro/Shaders/TMP_Bitmap.shader - Importer: ScriptedImporter/UnityEditor.QuickSearchModule:UnityEditor.Search:ASIAI0B
Importing 'GUID: 128e987d567d4e2c824d754223b3f3b0 - Path: Assets/TextMesh Pro/Shaders/TMP_Bitmap.shader - Importer: ScriptedImporter/UnityEditor.QuickSearchModule:UnityEditor.Search:ASIAI0B' with importer (ScriptedImporter : UnityEditor.QuickSearchModule:UnityEditor.Search:ASIAI0B)
Imported 'GUID: 128e987d567d4e2c824d754223b3f3b0' -> (Import Result ID: '1351b13c2799ff425616a425985bc6be') in 0.007 seconds [static and dynamic dependencies]. Details - ImportResultOutputID=954c4c0ddbfc4a33dd7c0c26ff7c8bb6 DependenciesID=1afb04e7132c81691e8a7ba68240467f StaticDependenciesID=29111c870169550b62bea7c5430b94a1 
Number of updated asset objects reloaded before import = 0
Number of asset objects unloaded after import = 1
========================================================================
Received Import Request.
  Time of request: 2026-08-15T10:31:15.5494201Z
  Time since last request: 95.86254649999999 seconds.
  importAddress: GUID: c82a3236288db444b87a117a922cd353 - Path: Assets/_Project/Art/Environment/Cave/Models/Textures/variation-a.png - Importer: PreviewImporter
Importing 'GUID: c82a3236288db444b87a117a922cd353 - Path: Assets/_Project/Art/Environment/Cave/Models/Textures/variation-a.png - Importer: PreviewImporter' with importer (PreviewImporter)
Imported 'GUID: c82a3236288db444b87a117a922cd353' -> (Import Result ID: '68611bf35fb4b406b2719c3f3cbcbded') in 0.012 seconds [static and dynamic dependencies]. Details - ImportResultOutputID=495b17ad89889ba794d4c4ee0fd95bf0 DependenciesID=788d4935577b085c574c52dc338dcf15 StaticDependenciesID=658c089d9723394be9375bc9ff397f71 
Number of updated asset objects reloaded before import = 0
Number of asset objects unloaded after import = 2
========================================================================
Received Import Request.
  Time of request: 2026-08-15T10:31:18.9466507Z
  Time since last request: 3.373068 seconds.
  importAddress: GUID: 4b5e1318516434646b92c7b92227d5ea - Path: Assets/_Project/Art/Environment/Cave/Previews/corridor.png - Importer: PreviewImporter
Importing 'GUID: 4b5e1318516434646b92c7b92227d5ea - Path: Assets/_Project/Art/Environment/Cave/Previews/corridor.png - Importer: PreviewImporter' with importer (PreviewImporter)
Imported 'GUID: 4b5e1318516434646b92c7b92227d5ea' -> (Import Result ID: 'a0b8bbac907f1ed5f774d89e19d105b6') in 0.009 seconds [static and dynamic dependencies]. Details - ImportResultOutputID=ffe823bb4d6cb3b002ded45b6bd6b7c8 DependenciesID=be964b8c0f406f6f1064ddf6e8530dcf StaticDependenciesID=cca1e71a752dfe29b0574719cedd315f 
Number of updated asset objects reloaded before import = 0
Number of asset objects unloaded after import = 2
========================================================================
Received Import Request.
  Time of request: 2026-08-15T10:31:18.9698787Z
  Time since last request: 0.0030096 seconds.
  importAddress: GUID: 9461f0392eec8be4d81877b80cf73a47 - Path: Assets/_Project/Art/Environment/Cave/Previews/corridor-end.png - Importer: PreviewImporter
Importing 'GUID: 9461f0392eec8be4d81877b80cf73a47 - Path: Assets/_Project/Art/Environment/Cave/Previews/corridor-end.png - Importer: PreviewImporter' with importer (PreviewImporter)
Imported 'GUID: 9461f0392eec8be4d81877b80cf73a47' -> (Import Result ID: '0c142f970ad6d72be6aad5779c0064d4') in 0.007 seconds [static and dynamic dependencies]. Details - ImportResultOutputID=19c7864bfcea4b131f0bccd21af1bd57 DependenciesID=330b7cf4519623596d0344b16c5d759e StaticDependenciesID=4bb9c7b7322b18ddcc43a3db00ad6414 
Number of updated asset objects reloaded before import = 0
Number of asset objects unloaded after import = 2
========================================================================
Received Import Request.
  Time of request: 2026-08-15T10:31:18.9925182Z
  Time since last request: 0.0036584 seconds.
  importAddress: GUID: cc758f4cbc404964186cf8a90de69d5c - Path: Assets/_Project/Art/Environment/Cave/Previews/corridor-junction.png - Importer: PreviewImporter
Importing 'GUID: cc758f4cbc404964186cf8a90de69d5c - Path: Assets/_Project/Art/Environment/Cave/Previews/corridor-junction.png - Importer: PreviewImporter' with importer (PreviewImporter)
Imported 'GUID: cc758f4cbc404964186cf8a90de69d5c' -> (Import Result ID: 'ec546cd6494061c7cf2fb56e052c06b8') in 0.006 seconds [static and dynamic dependencies]. Details - ImportResultOutputID=7228a147a1063c669ba240ae8df7e2cb DependenciesID=673c1dd541845535f17176bd941863bd StaticDependenciesID=05fee5f9ac1764041999150b88be2989 
Number of updated asset objects reloaded before import = 0
Number of asset objects unloaded after import = 2
========================================================================
Received Import Request.
  Time of request: 2026-08-15T10:31:19.0139363Z
  Time since last request: 0.0006531 seconds.
  importAddress: GUID: becbc235f53d526448bc78612a6cccf1 - Path: Assets/_Project/Art/Environment/Cave/Previews/corridor-wide.png - Importer: PreviewImporter
Importing 'GUID: becbc235f53d526448bc78612a6cccf1 - Path: Assets/_Project/Art/Environment/Cave/Previews/corridor-wide.png - Importer: PreviewImporter' with importer (PreviewImporter)
Imported 'GUID: becbc235f53d526448bc78612a6cccf1' -> (Import Result ID: '9b2f8bd835b7f22c5e9da5c5107e96ad') in 0.006 seconds [static and dynamic dependencies]. Details - ImportResultOutputID=48faf48291313a2820b2600b0be4282f DependenciesID=a44d6a21f487a383abfc94adef66cfd2 StaticDependenciesID=43f01abea3b9bb74dadfa82135b71f85 
Number of updated asset objects reloaded before import = 0
Number of asset objects unloaded after import = 2
========================================================================
Received Import Request.
  Time of request: 2026-08-15T10:31:19.0334444Z
  Time since last request: 0.0006777 seconds.
  importAddress: GUID: afcbf0c1122a0f249bcba125390f41fa - Path: Assets/_Project/Art/Environment/Cave/Previews/corridor-wide-end.png - Importer: PreviewImporter
Importing 'GUID: afcbf0c1122a0f249bcba125390f41fa - Path: Assets/_Project/Art/Environment/Cave/Previews/corridor-wide-end.png - Importer: PreviewImporter' with importer (PreviewImporter)
Imported 'GUID: afcbf0c1122a0f249bcba125390f41fa' -> (Import Result ID: '307abc49ae8e095f5ffbff6644fb478f') in 0.007 seconds [static and dynamic dependencies]. Details - ImportResultOutputID=8785abf352c4df12ebb16507dbd90c6c DependenciesID=4e847f10db89722287304c73ec65d6d2 StaticDependenciesID=260c02311e8c2a8809940bc8710e1139 
Number of updated asset objects reloaded before import = 0
Number of asset objects unloaded after import = 2
========================================================================
Received Import Request.
  Time of request: 2026-08-15T10:31:19.0580585Z
  Time since last request: 0.0008157 seconds.
  importAddress: GUID: 81e34357fcb9ef443869d99da08a0359 - Path: Assets/_Project/Art/Environment/Cave/Previews/corridor-wide-junction.png - Importer: PreviewImporter
Importing 'GUID: 81e34357fcb9ef443869d99da08a0359 - Path: Assets/_Project/Art/Environment/Cave/Previews/corridor-wide-junction.png - Importer: PreviewImporter' with importer (PreviewImporter)
Imported 'GUID: 81e34357fcb9ef443869d99da08a0359' -> (Import Result ID: 'fa9e7608594b92b45f423c2673d38334') in 0.007 seconds [static and dynamic dependencies]. Details - ImportResultOutputID=6fac20bed78636ac134772b11496a6fb DependenciesID=98294db67cb477669171ebf406393e22 StaticDependenciesID=7b78460f4507e01539abfe3b75f432a2 
Number of updated asset objects reloaded before import = 0
Number of asset objects unloaded after import = 2
========================================================================
Received Import Request.
  Time of request: 2026-08-15T10:31:19.0782521Z
  Time since last request: 0.0008002 seconds.
  importAddress: GUID: a217fa6758dc36d4797fc665134e5614 - Path: Assets/_Project/Art/Environment/Cave/Previews/gate-metal-bars.png - Importer: PreviewImporter
Importing 'GUID: a217fa6758dc36d4797fc665134e5614 - Path: Assets/_Project/Art/Environment/Cave/Previews/gate-metal-bars.png - Importer: PreviewImporter' with importer (PreviewImporter)
Imported 'GUID: a217fa6758dc36d4797fc665134e5614' -> (Import Result ID: '69978cd7d45aa53e161bd60ed47889c7') in 0.007 seconds [static and dynamic dependencies]. Details - ImportResultOutputID=c23a4f3ad9b310a401d94b67b9288766 DependenciesID=65f5de1c5d74b985d7dcd005995ee4e1 StaticDependenciesID=aee48a4b0a9a46821bef7f759093c8d9 
Number of updated asset objects reloaded before import = 0
Number of asset objects unloaded after import = 2
========================================================================
Received Import Request.
  Time of request: 2026-08-15T10:31:19.0977992Z
  Time since last request: 0.0007683 seconds.
  importAddress: GUID: f50d50f9eb79bf34f9c7b3c493ba206c - Path: Assets/_Project/Art/Environment/Cave/Previews/gate-rock.png - Importer: PreviewImporter
Importing 'GUID: f50d50f9eb79bf34f9c7b3c493ba206c - Path: Assets/_Project/Art/Environment/Cave/Previews/gate-rock.png - Importer: PreviewImporter' with importer (PreviewImporter)
Imported 'GUID: f50d50f9eb79bf34f9c7b3c493ba206c' -> (Import Result ID: '636fcdb8d0ac229b5f93f27a903ed8ee') in 0.006 seconds [static and dynamic dependencies]. Details - ImportResultOutputID=da2f5480c011681ec8db788a95303203 DependenciesID=baebebbf1b90b0e50eb8b89a3dc43d32 StaticDependenciesID=2b623e31947dcee2a24b40bc52db0795 
Number of updated asset objects reloaded before import = 0
Number of asset objects unloaded after import = 2
========================================================================
Received Import Request.
  Time of request: 2026-08-15T10:31:19.1176369Z
  Time since last request: 0.0007603 seconds.
  importAddress: GUID: 950c0baf32151644d85f889b77eb1328 - Path: Assets/_Project/Art/Environment/Cave/Previews/room-corner.png - Importer: PreviewImporter
Importing 'GUID: 950c0baf32151644d85f889b77eb1328 - Path: Assets/_Project/Art/Environment/Cave/Previews/room-corner.png - Importer: PreviewImporter' with importer (PreviewImporter)
Imported 'GUID: 950c0baf32151644d85f889b77eb1328' -> (Import Result ID: 'af81ffcaa8b18e604f28156f1a56c230') in 0.008 seconds [static and dynamic dependencies]. Details - ImportResultOutputID=7f0a4fe91e28ea602d0f1683bde43940 DependenciesID=8a36fecbe38d9c4cf7b51783a61150f0 StaticDependenciesID=4d0d6c1586caa102d7d74fc625f775ee 
Number of updated asset objects reloaded before import = 0
Number of asset objects unloaded after import = 2
========================================================================
Received Import Request.
  Time of request: 2026-08-15T10:31:19.1376813Z
  Time since last request: 0.0005601 seconds.
  importAddress: GUID: c31d361d3f7798f4b9aa3e32fdc25484 - Path: Assets/_Project/Art/Environment/Cave/Previews/room-large-variation.png - Importer: PreviewImporter
Importing 'GUID: c31d361d3f7798f4b9aa3e32fdc25484 - Path: Assets/_Project/Art/Environment/Cave/Previews/room-large-variation.png - Importer: PreviewImporter' with importer (PreviewImporter)
Imported 'GUID: c31d361d3f7798f4b9aa3e32fdc25484' -> (Import Result ID: 'd680627cb804147c85f9106ea8e1bdc6') in 0.008 seconds [static and dynamic dependencies]. Details - ImportResultOutputID=8139aa330eb1b691534a9e8346f8eaff DependenciesID=57531c070bb71ace5fc29acb76c2efa2 StaticDependenciesID=362c55d1f13f4647bfc4d279c2bfc064 
Number of updated asset objects reloaded before import = 0
Number of asset objects unloaded after import = 2
========================================================================
Received Import Request.
  Time of request: 2026-08-15T10:31:19.1621906Z
  Time since last request: 0.0006258 seconds.
  importAddress: GUID: 3aa65851b7adb4d45b3ff9afcc5a804b - Path: Assets/_Project/Art/Environment/Cave/Previews/room-small-variation.png - Importer: PreviewImporter
Importing 'GUID: 3aa65851b7adb4d45b3ff9afcc5a804b - Path: Assets/_Project/Art/Environment/Cave/Previews/room-small-variation.png - Importer: PreviewImporter' with importer (PreviewImporter)
Imported 'GUID: 3aa65851b7adb4d45b3ff9afcc5a804b' -> (Import Result ID: 'a8d4b053c2b6b8476ad80f93a6c9d5d0') in 0.006 seconds [static and dynamic dependencies]. Details - ImportResultOutputID=5d3938e674bfdabdaa7c8d7191d46429 DependenciesID=bef8db69fa732b11eed66af9e3c79b93 StaticDependenciesID=9b903459e1414a0d6615c6343197a412 
Number of updated asset objects reloaded before import = 0
Number of asset objects unloaded after import = 2
========================================================================
Received Import Request.
  Time of request: 2026-08-15T10:31:19.1859899Z
  Time since last request: 0.0051458 seconds.
  importAddress: GUID: 38283ae68912b3741a631f0567efce97 - Path: Assets/_Project/Art/Environment/Cave/Previews/room-wide-variation.png - Importer: PreviewImporter
Importing 'GUID: 38283ae68912b3741a631f0567efce97 - Path: Assets/_Project/Art/Environment/Cave/Previews/room-wide-variation.png - Importer: PreviewImporter' with importer (PreviewImporter)
Imported 'GUID: 38283ae68912b3741a631f0567efce97' -> (Import Result ID: '6a46b017eda7e3105518deb62635e75d') in 0.006 seconds [static and dynamic dependencies]. Details - ImportResultOutputID=e0d2316a2c8f06a6093b448e9e2b06a6 DependenciesID=678e3ee5b7ecb931168106f7d60deb11 StaticDependenciesID=9d164757bba0d6d2ca12db9241eb1832 
Number of updated asset objects reloaded before import = 0
Number of asset objects unloaded after import = 2
========================================================================
Received Import Request.
  Time of request: 2026-08-15T10:31:19.2069904Z
  Time since last request: 0.0007269 seconds.
  importAddress: GUID: dae1cd3b83260214c8ba444e699384bb - Path: Assets/_Project/Art/Environment/Cave/Previews/stairs-wide.png - Importer: PreviewImporter
Importing 'GUID: dae1cd3b83260214c8ba444e699384bb - Path: Assets/_Project/Art/Environment/Cave/Previews/stairs-wide.png - Importer: PreviewImporter' with importer (PreviewImporter)
Imported 'GUID: dae1cd3b83260214c8ba444e699384bb' -> (Import Result ID: '664631fe2cbcd80e450f6484d7a268bc') in 0.006 seconds [static and dynamic dependencies]. Details - ImportResultOutputID=9486e25a8cd598b6e213b5c03665fb9c DependenciesID=6683481aec0dd4bd1a50c7140c149075 StaticDependenciesID=dc8c853a70b20f49b44bc4c75aa2b949 
Number of updated asset objects reloaded before import = 0
Number of asset objects unloaded after import = 2
========================================================================
Received Import Request.
  Time of request: 2026-08-15T10:31:19.2264385Z
  Time since last request: 0.0013681 seconds.
  importAddress: GUID: 96b6e24463bec8f47893a84477ef11d2 - Path: Assets/_Project/Art/Environment/Cave/Previews/template-detail.png - Importer: PreviewImporter
Importing 'GUID: 96b6e24463bec8f47893a84477ef11d2 - Path: Assets/_Project/Art/Environment/Cave/Previews/template-detail.png - Importer: PreviewImporter' with importer (PreviewImporter)
Imported 'GUID: 96b6e24463bec8f47893a84477ef11d2' -> (Import Result ID: '6c6b2934b5ca7da0e4ebffae990a7946') in 0.005 seconds [static and dynamic dependencies]. Details - ImportResultOutputID=6a410593ec622ee6f970cc768da2da4e DependenciesID=88b914b98a0393181ad1ed25fc836d23 StaticDependenciesID=ec4bf097c639a0aea641d5360df113d7 
Number of updated asset objects reloaded before import = 0
Number of asset objects unloaded after import = 2
========================================================================
Received Import Request.
  Time of request: 2026-08-15T10:31:19.2443808Z
  Time since last request: 0.0007754 seconds.
  importAddress: GUID: 846c66464d988a74392b0a6a8ae02366 - Path: Assets/_Project/Art/Environment/Cave/Previews/template-floor-big.png - Importer: PreviewImporter
Importing 'GUID: 846c66464d988a74392b0a6a8ae02366 - Path: Assets/_Project/Art/Environment/Cave/Previews/template-floor-big.png - Importer: PreviewImporter' with importer (PreviewImporter)
Imported 'GUID: 846c66464d988a74392b0a6a8ae02366' -> (Import Result ID: '203e482f0999d16adddb21371eda9b05') in 0.007 seconds [static and dynamic dependencies]. Details - ImportResultOutputID=41568cd70ae0d77e2b3c669dd49e47fa DependenciesID=0331ba4397a9599137afbff62c11586e StaticDependenciesID=9a342ecf6881300c632747f3ae113b55 
Number of updated asset objects reloaded before import = 0
Number of asset objects unloaded after import = 2
========================================================================
Received Import Request.
  Time of request: 2026-08-15T10:31:19.2656863Z
  Time since last request: 0.0007395 seconds.
  importAddress: GUID: 867bc66b68149cb4ca73a23c9c86cffe - Path: Assets/_Project/Art/Environment/Cave/Previews/template-floor-detail-a.png - Importer: PreviewImporter
Importing 'GUID: 867bc66b68149cb4ca73a23c9c86cffe - Path: Assets/_Project/Art/Environment/Cave/Previews/template-floor-detail-a.png - Importer: PreviewImporter' with importer (PreviewImporter)
Imported 'GUID: 867bc66b68149cb4ca73a23c9c86cffe' -> (Import Result ID: '7587bcbcf244c16ddc57c6139747114d') in 0.007 seconds [static and dynamic dependencies]. Details - ImportResultOutputID=39bf92c74b3631212c42e3868d8fdffe DependenciesID=9b4e6ad652adcd3acfada8176f40ecd7 StaticDependenciesID=e2289b21e834a9ebfc22a2fc7f141323 
Number of updated asset objects reloaded before import = 0
Number of asset objects unloaded after import = 2
========================================================================
Received Import Request.
  Time of request: 2026-08-15T10:31:19.2845414Z
  Time since last request: 0.0006012 seconds.
  importAddress: GUID: cb385bf548cbcfc41b70078985de4d0b - Path: Assets/_Project/Art/Environment/Cave/Previews/template-floor-layer-hole.png - Importer: PreviewImporter
Importing 'GUID: cb385bf548cbcfc41b70078985de4d0b - Path: Assets/_Project/Art/Environment/Cave/Previews/template-floor-layer-hole.png - Importer: PreviewImporter' with importer (PreviewImporter)
Imported 'GUID: cb385bf548cbcfc41b70078985de4d0b' -> (Import Result ID: '86bf2df4b51fe857c0a2328bb67f6e87') in 0.006 seconds [static and dynamic dependencies]. Details - ImportResultOutputID=fe46e4952f7f202c3e9573f1e11292e7 DependenciesID=6243284b7a15b44143cfa5d1674af9f4 StaticDependenciesID=35002805ce7506b6662c0327d82547c4 
Number of updated asset objects reloaded before import = 0
Number of asset objects unloaded after import = 2
========================================================================
Received Import Request.
  Time of request: 2026-08-15T10:31:19.303138Z
  Time since last request: 0.000637 seconds.
  importAddress: GUID: e722aced5e4ad794686691a36ac4a0ed - Path: Assets/_Project/Art/Environment/Cave/Previews/template-wall.png - Importer: PreviewImporter
Importing 'GUID: e722aced5e4ad794686691a36ac4a0ed - Path: Assets/_Project/Art/Environment/Cave/Previews/template-wall.png - Importer: PreviewImporter' with importer (PreviewImporter)
Imported 'GUID: e722aced5e4ad794686691a36ac4a0ed' -> (Import Result ID: '2bd0effb267f52acb3c4211343858310') in 0.008 seconds [static and dynamic dependencies]. Details - ImportResultOutputID=4cacdf56c253a05cf458390b11270725 DependenciesID=8d310051a3a58d4f89664304aa45e402 StaticDependenciesID=aa834395f8c31e13deac7dbd01f787b2 
Number of updated asset objects reloaded before import = 0
Number of asset objects unloaded after import = 2
========================================================================
Received Import Request.
  Time of request: 2026-08-15T10:31:19.3250431Z
  Time since last request: 0.0006214 seconds.
  importAddress: GUID: 1702c754ca278ae4fa5f0f606f39a5cf - Path: Assets/_Project/Art/Environment/Cave/Previews/template-wall-detail-a.png - Importer: PreviewImporter
Importing 'GUID: 1702c754ca278ae4fa5f0f606f39a5cf - Path: Assets/_Project/Art/Environment/Cave/Previews/template-wall-detail-a.png - Importer: PreviewImporter' with importer (PreviewImporter)
Imported 'GUID: 1702c754ca278ae4fa5f0f606f39a5cf' -> (Import Result ID: 'fe047ac5be4434b95f7e6cc0028b1be3') in 0.006 seconds [static and dynamic dependencies]. Details - ImportResultOutputID=d1658dda036bb3054902fc6cec39af37 DependenciesID=2577459a52066629f17ccb5426482023 StaticDependenciesID=ae757ae766f11677006d52d2c1ad8167 
Number of updated asset objects reloaded before import = 0
Number of asset objects unloaded after import = 2
========================================================================
Received Import Request.
  Time of request: 2026-08-15T10:31:19.348597Z
  Time since last request: 0.0062442 seconds.
  importAddress: GUID: 763a345ecb42db44197acd83b407e223 - Path: Assets/_Project/Art/Environment/Cave/Previews/template-wall-stairs.png - Importer: PreviewImporter
Importing 'GUID: 763a345ecb42db44197acd83b407e223 - Path: Assets/_Project/Art/Environment/Cave/Previews/template-wall-stairs.png - Importer: PreviewImporter' with importer (PreviewImporter)
Imported 'GUID: 763a345ecb42db44197acd83b407e223' -> (Import Result ID: '81ec891da565efc4115ea5f6a3084536') in 0.006 seconds [static and dynamic dependencies]. Details - ImportResultOutputID=708bc642690284b9a7dcba3385e76a58 DependenciesID=d78993f69c12150c8daf028170dde797 StaticDependenciesID=094be3cb9178a0783bc96c037d2e5c02 
Number of updated asset objects reloaded before import = 0
Number of asset objects unloaded after import = 2
========================================================================
Received Import Request.
  Time of request: 2026-08-15T10:31:37.7793067Z
  Time since last request: 18.4126388 seconds.
  importAddress: GUID: 6c15521087465d4479bbfab1a3900f41 - Path: Assets/_Project/Art/Environment/Cave/Models/FBX format/Textures/colormap.png - Importer: PreviewImporter
Importing 'GUID: 6c15521087465d4479bbfab1a3900f41 - Path: Assets/_Project/Art/Environment/Cave/Models/FBX format/Textures/colormap.png - Importer: PreviewImporter' with importer (PreviewImporter)
Imported 'GUID: 6c15521087465d4479bbfab1a3900f41' -> (Import Result ID: '90be9093a4d79023aa3a5d985c5820a5') in 0.010 seconds [static and dynamic dependencies]. Details - ImportResultOutputID=6028d4155946409dc4f5a8c34f2ae63a DependenciesID=e965c24ffaea18fdbe5268656aca0438 StaticDependenciesID=20518f93906913bb7aaa48c5d45a0c21 
Number of updated asset objects reloaded before import = 0
Number of asset objects unloaded after import = 2
========================================================================
Received Import Request.
  Time of request: 2026-08-15T10:31:56.1294604Z
  Time since last request: 18.3281822 seconds.
  importAddress: GUID: 8a89fa14b10d46a99122fd4f73fca9a2 - Path: Assets/TextMesh Pro/Examples & Extras/Resources/Fonts & Materials/Anton SDF.asset - Importer: PreviewImporter
Importing 'GUID: 8a89fa14b10d46a99122fd4f73fca9a2 - Path: Assets/TextMesh Pro/Examples & Extras/Resources/Fonts & Materials/Anton SDF.asset - Importer: PreviewImporter' with importer (PreviewImporter)
Imported 'GUID: 8a89fa14b10d46a99122fd4f73fca9a2' -> (Import Result ID: 'edbf2b7208c1f08727059e604516030d') in 0.088 seconds [static and dynamic dependencies]. Details - ImportResultOutputID=4c40f41cbbdbb9659753b0097e73913e DependenciesID=fdb9e2829454114893206120b7ccf3fb StaticDependenciesID=987f866975ff46e995a7565211a852b4 
Number of updated asset objects reloaded before import = 0
Number of asset objects unloaded after import = 6
========================================================================
Received Import Request.
  Time of request: 2026-08-15T10:31:56.2389159Z
  Time since last request: 0.0000347 seconds.
  importAddress: GUID: 5dd49b3eacc540408c98eee0de38e0f1 - Path: Assets/TextMesh Pro/Examples & Extras/Fonts/Bangers.ttf - Importer: PreviewImporter
Importing 'GUID: 5dd49b3eacc540408c98eee0de38e0f1 - Path: Assets/TextMesh Pro/Examples & Extras/Fonts/Bangers.ttf - Importer: PreviewImporter' with importer (PreviewImporter)
Imported 'GUID: 5dd49b3eacc540408c98eee0de38e0f1' -> (Import Result ID: '93a12675f69f533e075beeddeb913ce4') in 0.024 seconds [static and dynamic dependencies]. Details - ImportResultOutputID=474832ae971046ca2e9f7070771d45ee DependenciesID=77588f6943f6fad4cba72ac54d8a9070 StaticDependenciesID=d7d777ce75492a91f127e47cda59860c 
Number of updated asset objects reloaded before import = 0
Number of asset objects unloaded after import = 4
========================================================================
Received Import Request.
  Time of request: 2026-08-15T10:31:56.2802652Z
  Time since last request: 0.0004474 seconds.
  importAddress: GUID: dc36b3fdc14f47ebb36fd484a67e268a - Path: Assets/TextMesh Pro/Examples & Extras/Resources/Fonts & Materials/Electronic Highway Sign SDF.asset - Importer: PreviewImporter
Importing 'GUID: dc36b3fdc14f47ebb36fd484a67e268a - Path: Assets/TextMesh Pro/Examples & Extras/Resources/Fonts & Materials/Electronic Highway Sign SDF.asset - Importer: PreviewImporter' with importer (PreviewImporter)
Imported 'GUID: dc36b3fdc14f47ebb36fd484a67e268a' -> (Import Result ID: 'c3df5ee6b81dbe7fd6202d93b1cd2b97') in 0.020 seconds [static and dynamic dependencies]. Details - ImportResultOutputID=aad1dffaf026fbdf4e080ea905fcc335 DependenciesID=eaff7fa07a313499faf38e34303c05dc StaticDependenciesID=d577f6310c666f9431e396c112bbd6ff 
Number of updated asset objects reloaded before import = 0
Number of asset objects unloaded after import = 6
========================================================================
Received Import Request.
  Time of request: 2026-08-15T10:31:56.3161472Z
  Time since last request: 0.0011766 seconds.
  importAddress: GUID: e3265ab4bf004d28a9537516768c1c75 - Path: Assets/TextMesh Pro/Fonts/LiberationSans.ttf - Importer: PreviewImporter
Importing 'GUID: e3265ab4bf004d28a9537516768c1c75 - Path: Assets/TextMesh Pro/Fonts/LiberationSans.ttf - Importer: PreviewImporter' with importer (PreviewImporter)
Imported 'GUID: e3265ab4bf004d28a9537516768c1c75' -> (Import Result ID: 'bba494475231239cc4e0bff10bab204a') in 0.015 seconds [static and dynamic dependencies]. Details - ImportResultOutputID=44aa50e8480703d8e4ddf5b900d0f513 DependenciesID=8191bedda47546c589cdd4ed799ad954 StaticDependenciesID=f71b1d7d1666fe81927ac8eb7ee8abda 
Number of updated asset objects reloaded before import = 0
Number of asset objects unloaded after import = 4
========================================================================
Received Import Request.
  Time of request: 2026-08-15T10:31:56.3443448Z
  Time since last request: 0.0006496 seconds.
  importAddress: GUID: 8f586378b4e144a9851e7b34d9b748ee - Path: Assets/TextMesh Pro/Resources/Fonts & Materials/LiberationSans SDF.asset - Importer: PreviewImporter
Importing 'GUID: 8f586378b4e144a9851e7b34d9b748ee - Path: Assets/TextMesh Pro/Resources/Fonts & Materials/LiberationSans SDF.asset - Importer: PreviewImporter' with importer (PreviewImporter)
Imported 'GUID: 8f586378b4e144a9851e7b34d9b748ee' -> (Import Result ID: '22ed72cea022299ce9c48e2688a8356c') in 0.043 seconds [static and dynamic dependencies]. Details - ImportResultOutputID=f696ea9fa44360cef994f0ab310c47f7 DependenciesID=a7eb606bd8e97a72b96ad733bbf8cc01 StaticDependenciesID=3a0fa15fcb4cb4ebb260a2216cd83c11 
Number of updated asset objects reloaded before import = 0
Number of asset objects unloaded after import = 9
========================================================================
Received Import Request.
  Time of request: 2026-08-15T10:31:56.3999415Z
  Time since last request: 0.0008757 seconds.
  importAddress: GUID: 4beb055f07aaff244873dec698d0363e - Path: Assets/TextMesh Pro/Examples & Extras/Fonts/Roboto-Bold.ttf - Importer: PreviewImporter
Importing 'GUID: 4beb055f07aaff244873dec698d0363e - Path: Assets/TextMesh Pro/Examples & Extras/Fonts/Roboto-Bold.ttf - Importer: PreviewImporter' with importer (PreviewImporter)
Imported 'GUID: 4beb055f07aaff244873dec698d0363e' -> (Import Result ID: '0ee0eb2f831542df2839ffc6f0097e8c') in 0.017 seconds [static and dynamic dependencies]. Details - ImportResultOutputID=4553375391dabdb9789b748eff078fe9 DependenciesID=ad4879a178caf9394b34d45158e86391 StaticDependenciesID=b3102a9c142733a716c98e6178a5c417 
Number of updated asset objects reloaded before import = 0
Number of asset objects unloaded after import = 4
========================================================================
Received Import Request.
  Time of request: 2026-08-15T10:31:56.4352088Z
  Time since last request: 0.0007053 seconds.
  importAddress: GUID: 8a2b9e2a607dd2143b58c44bc32410b4 - Path: Assets/TextMesh Pro/Examples & Extras/Fonts/Electronic Highway Sign.TTF - Importer: PreviewImporter
Importing 'GUID: 8a2b9e2a607dd2143b58c44bc32410b4 - Path: Assets/TextMesh Pro/Examples & Extras/Fonts/Electronic Highway Sign.TTF - Importer: PreviewImporter' with importer (PreviewImporter)
Imported 'GUID: 8a2b9e2a607dd2143b58c44bc32410b4' -> (Import Result ID: '424fffbdd16f262a003e122c463a936a') in 0.019 seconds [static and dynamic dependencies]. Details - ImportResultOutputID=6c3dc21006eea6f0676cd505a372f9c0 DependenciesID=dcf646cd73f72c20900daedb45d9b2c0 StaticDependenciesID=c4ec679edb85376d2f0171559b2122f9 
Number of updated asset objects reloaded before import = 0
Number of asset objects unloaded after import = 4
========================================================================
Received Import Request.
  Time of request: 2026-08-15T10:31:56.4696263Z
  Time since last request: 0.0007385 seconds.
  importAddress: GUID: 0161d805a3764c089bef00bfe00793f5 - Path: Assets/TextMesh Pro/Examples & Extras/Resources/Fonts & Materials/Oswald Bold SDF.asset - Importer: PreviewImporter
Importing 'GUID: 0161d805a3764c089bef00bfe00793f5 - Path: Assets/TextMesh Pro/Examples & Extras/Resources/Fonts & Materials/Oswald Bold SDF.asset - Importer: PreviewImporter' with importer (PreviewImporter)
Imported 'GUID: 0161d805a3764c089bef00bfe00793f5' -> (Import Result ID: '5345b632847912af5d3ff6f2c45bdc60') in 0.022 seconds [static and dynamic dependencies]. Details - ImportResultOutputID=31e8a628fc802ea2d82c3cbc4a9b9b0a DependenciesID=32a774cfb2e170daddd827f0bba6ff38 StaticDependenciesID=b2e0ed12b193a1418a8d98a470437d7a 
Number of updated asset objects reloaded before import = 0
Number of asset objects unloaded after import = 7
========================================================================
Received Import Request.
  Time of request: 2026-08-15T10:31:56.5044675Z
  Time since last request: 0.0005508 seconds.
  importAddress: GUID: f4eec857a4fdf2f43be0e9f3d1a984e7 - Path: Assets/TextMesh Pro/Examples & Extras/Fonts/Unity.ttf - Importer: PreviewImporter
Importing 'GUID: f4eec857a4fdf2f43be0e9f3d1a984e7 - Path: Assets/TextMesh Pro/Examples & Extras/Fonts/Unity.ttf - Importer: PreviewImporter' with importer (PreviewImporter)
Imported 'GUID: f4eec857a4fdf2f43be0e9f3d1a984e7' -> (Import Result ID: '17ce70be6540765683b89a1be03dfdfd') in 0.016 seconds [static and dynamic dependencies]. Details - ImportResultOutputID=eeb8a5488950d2643c44e60b7a04711d DependenciesID=8954d6c25d0bc15c83867e5bfcc0569c StaticDependenciesID=4925f2319ff8494f6b7e99d95fe18ad6 
Number of updated asset objects reloaded before import = 0
Number of asset objects unloaded after import = 4
========================================================================
Received Import Request.
  Time of request: 2026-08-15T10:32:11.4492848Z
  Time since last request: 14.914626 seconds.
  importAddress: GUID: 5808953df7a24274a851aa6dee52d30e - Path: Assets/TextMesh Pro/Examples & Extras/Materials - Importer: PreviewImporter
Importing 'GUID: 5808953df7a24274a851aa6dee52d30e - Path: Assets/TextMesh Pro/Examples & Extras/Materials - Importer: PreviewImporter' with importer (PreviewImporter)
Imported 'GUID: 5808953df7a24274a851aa6dee52d30e' -> (Import Result ID: '18dbc79c9bfd8c430cb86ac209c6360d') in 0.001 seconds [static and dynamic dependencies]. Details - ImportResultOutputID=84abdaf400d73d0254378ffb78b808b8 DependenciesID=8f29b019269cbd5be1782211f763e520 StaticDependenciesID=4f5a717097fd1112ff4062c0e69ba7d9 
Number of updated asset objects reloaded before import = 0
Number of asset objects unloaded after import = 0
========================================================================
Received Import Request.
  Time of request: 2026-08-15T10:32:11.5418893Z
  Time since last request: 0.0788785 seconds.
  importAddress: GUID: e6b9b44320f4448d9d5e0ee634259966 - Path: Assets/TextMesh Pro/Examples & Extras/Materials/Crate - Surface Shader Scene.mat - Importer: PreviewImporter
Importing 'GUID: e6b9b44320f4448d9d5e0ee634259966 - Path: Assets/TextMesh Pro/Examples & Extras/Materials/Crate - Surface Shader Scene.mat - Importer: PreviewImporter' with importer (PreviewImporter)
Imported 'GUID: e6b9b44320f4448d9d5e0ee634259966' -> (Import Result ID: 'e401a2a34810b64d1ee1615816434649') in 0.021 seconds [static and dynamic dependencies]. Details - ImportResultOutputID=22d2d16b0b9903634547ef6a28d20bf3 DependenciesID=2e932146e164c2df26ae0cd77ceb49cb StaticDependenciesID=d7110ee65376f3fbec0d124c29792e28 
Number of updated asset objects reloaded before import = 0
Number of asset objects unloaded after import = 3
========================================================================
Received Import Request.
  Time of request: 2026-08-15T10:32:11.5788865Z
  Time since last request: 0.0002232 seconds.
  importAddress: GUID: 22262639920f43d6be32430e4e58350d - Path: Assets/TextMesh Pro/Examples & Extras/Materials/Small Crate_diffuse.mat - Importer: PreviewImporter
Importing 'GUID: 22262639920f43d6be32430e4e58350d - Path: Assets/TextMesh Pro/Examples & Extras/Materials/Small Crate_diffuse.mat - Importer: PreviewImporter' with importer (PreviewImporter)
Imported 'GUID: 22262639920f43d6be32430e4e58350d' -> (Import Result ID: 'c57f685bb3275fcde209cf8a0604a303') in 0.021 seconds [static and dynamic dependencies]. Details - ImportResultOutputID=5789a7ac21f7d030db1d08121d5d6b81 DependenciesID=dffba8a16dfa93d49658f97f814667e4 StaticDependenciesID=fb39f50a5c24d0d7bcdc681cb4c70a2b 
Number of updated asset objects reloaded before import = 0
Number of asset objects unloaded after import = 3
========================================================================
Received Import Request.
  Time of request: 2026-08-15T10:32:11.615551Z
  Time since last request: 0.0006933 seconds.
  importAddress: GUID: aadd5a709a48466c887296bb5b1b8110 - Path: Assets/TextMesh Pro/Examples & Extras/Materials/Ground - Surface Shader Scene.mat - Importer: PreviewImporter
Importing 'GUID: aadd5a709a48466c887296bb5b1b8110 - Path: Assets/TextMesh Pro/Examples & Extras/Materials/Ground - Surface Shader Scene.mat - Importer: PreviewImporter' with importer (PreviewImporter)
Imported 'GUID: aadd5a709a48466c887296bb5b1b8110' -> (Import Result ID: 'b751f7d5b9b0af6b68342c18f95d472c') in 0.014 seconds [static and dynamic dependencies]. Details - ImportResultOutputID=ac078e29bbfb00ab16e783024e09987d DependenciesID=e5fd251639c07dcdacdd3a03367debf8 StaticDependenciesID=b3bae9d5846eb166f314ca1358fdf7f2 
Number of updated asset objects reloaded before import = 0
Number of asset objects unloaded after import = 2
========================================================================
Received Import Request.
  Time of request: 2026-08-15T10:32:14.0489694Z
  Time since last request: 2.4049637 seconds.
  importAddress: GUID: 602cb87b6a29443b8636370ea0751574 - Path: Assets/TextMesh Pro/Examples & Extras/Textures/Small Crate_diffuse.jpg - Importer: PreviewImporter
Importing 'GUID: 602cb87b6a29443b8636370ea0751574 - Path: Assets/TextMesh Pro/Examples & Extras/Textures/Small Crate_diffuse.jpg - Importer: PreviewImporter' with importer (PreviewImporter)
Imported 'GUID: 602cb87b6a29443b8636370ea0751574' -> (Import Result ID: 'e04a3f4c1778d521c731324617315a43') in 0.016 seconds [static and dynamic dependencies]. Details - ImportResultOutputID=1756b3352fb66bc5a31a827911202f32 DependenciesID=b4e77f9083b8959f253725472c4424d3 StaticDependenciesID=d825ea8bd1e7747f21b1838b595aabea 
Number of updated asset objects reloaded before import = 0
Number of asset objects unloaded after import = 2
========================================================================
Received Import Request.
  Time of request: 2026-08-15T10:32:15.938813Z
  Time since last request: 1.8605944 seconds.
  importAddress: GUID: 1cdc5b506b1a4a33a53c30669ced1f51 - Path: Assets/TextMesh Pro/Examples & Extras/Textures/Fruit Jelly (B&W).jpg - Importer: PreviewImporter
Importing 'GUID: 1cdc5b506b1a4a33a53c30669ced1f51 - Path: Assets/TextMesh Pro/Examples & Extras/Textures/Fruit Jelly (B&W).jpg - Importer: PreviewImporter' with importer (PreviewImporter)
Imported 'GUID: 1cdc5b506b1a4a33a53c30669ced1f51' -> (Import Result ID: '7ed3b0560d6f7e7f9a7206a0effe590b') in 0.012 seconds [static and dynamic dependencies]. Details - ImportResultOutputID=8daf1af7e732df25458afa8f8d77f456 DependenciesID=84624ade5e6e503c1252276e20709746 StaticDependenciesID=6d4bbe9793343357b287a556f99afa18 
Number of updated asset objects reloaded before import = 0
Number of asset objects unloaded after import = 2
========================================================================
Received Import Request.
  Time of request: 2026-08-15T10:32:16.5862158Z
  Time since last request: 0.6201751 seconds.
  importAddress: GUID: 85ac55597b97403c82fc6601a93cf241 - Path: Assets/TextMesh Pro/Examples & Extras/Textures/Floor Tiles 1 - diffuse.jpg - Importer: PreviewImporter
Importing 'GUID: 85ac55597b97403c82fc6601a93cf241 - Path: Assets/TextMesh Pro/Examples & Extras/Textures/Floor Tiles 1 - diffuse.jpg - Importer: PreviewImporter' with importer (PreviewImporter)
Imported 'GUID: 85ac55597b97403c82fc6601a93cf241' -> (Import Result ID: 'b631fe7efc65087b9f02db30df2ad824') in 0.013 seconds [static and dynamic dependencies]. Details - ImportResultOutputID=078f483d046c00e1775e123c27cb8b5b DependenciesID=af3a0b6cb9c9f2c9b8aafa8bc3388889 StaticDependenciesID=ccb1bbcca8c9cb7533fb5b3af0ccd5ce 
Number of updated asset objects reloaded before import = 0
Number of asset objects unloaded after import = 2
========================================================================
Received Import Request.
  Time of request: 2026-08-15T10:32:21.9684185Z
  Time since last request: 5.3556957 seconds.
  importAddress: GUID: 4eade31d3c528fd49aa49233070f7e0e - Path: Assets/DefaultVolumeProfile.asset - Importer: PreviewImporter
Importing 'GUID: 4eade31d3c528fd49aa49233070f7e0e - Path: Assets/DefaultVolumeProfile.asset - Importer: PreviewImporter' with importer (PreviewImporter)
Imported 'GUID: 4eade31d3c528fd49aa49233070f7e0e' -> (Import Result ID: '382475d30739b089d2dc12b9ca0127c9') in 0.004 seconds [static and dynamic dependencies]. Details - ImportResultOutputID=b8030b3cba5449f98dda31a4b2998e79 DependenciesID=d113c10aa7a301b736b819ef4a999390 StaticDependenciesID=050a1c2ec80d7462bcd5ba52c6ac03a9 
Number of updated asset objects reloaded before import = 0
Number of asset objects unloaded after import = 1
========================================================================
Received Import Request.
  Time of request: 2026-08-15T10:32:25.7569183Z
  Time since last request: 3.7729602 seconds.
  importAddress: GUID: 679952c1723d1fd408f17f77c2b82d54 - Path: Assets/_Project/Configs/Characters/SlimeAnimationSO.asset - Importer: PreviewImporter
Importing 'GUID: 679952c1723d1fd408f17f77c2b82d54 - Path: Assets/_Project/Configs/Characters/SlimeAnimationSO.asset - Importer: PreviewImporter' with importer (PreviewImporter)
Imported 'GUID: 679952c1723d1fd408f17f77c2b82d54' -> (Import Result ID: 'c590ae7f76d1e177a47ad410cad47aac') in 0.004 seconds [static and dynamic dependencies]. Details - ImportResultOutputID=ccd878804b6cd365fae8f87c872bebfe DependenciesID=28129d54bf6939edde27e64a375b2f35 StaticDependenciesID=d5eee9db3339cd61785475738b54650f 
Number of updated asset objects reloaded before import = 0
Number of asset objects unloaded after import = 17
========================================================================
Received Import Request.
  Time of request: 2026-08-15T10:32:37.3483947Z
  Time since last request: 11.5724728 seconds.
  importAddress: GUID: ca10f7fe3631c13408947246e4c44569 - Path: Assets/_Project/Art/Environment/Dungeon/Models/FBX format/Textures/colormap.png - Importer: PreviewImporter
Importing 'GUID: ca10f7fe3631c13408947246e4c44569 - Path: Assets/_Project/Art/Environment/Dungeon/Models/FBX format/Textures/colormap.png - Importer: PreviewImporter' with importer (PreviewImporter)
Imported 'GUID: ca10f7fe3631c13408947246e4c44569' -> (Import Result ID: '23338aca8c867c0a2e487a32bfda0c72') in 0.014 seconds [static and dynamic dependencies]. Details - ImportResultOutputID=ff94d2312f22a42e0bb0e9a46b3d9138 DependenciesID=6a0180d073ca37d1b9a23d6d1c0346a7 StaticDependenciesID=9dcefa47e4d5b9bc24ae3f702596723a 
Number of updated asset objects reloaded before import = 0
Number of asset objects unloaded after import = 2
========================================================================
Received Import Request.
  Time of request: 2026-08-15T10:32:37.3766606Z
  Time since last request: 0.0008714 seconds.
  importAddress: GUID: 96bfe59b72be78442bd02a4fd3da78f9 - Path: Assets/_Project/Art/Environment/Dungeon/Models/OBJ format/template-floor-layer-raised.obj - Importer: PreviewImporter
Importing 'GUID: 96bfe59b72be78442bd02a4fd3da78f9 - Path: Assets/_Project/Art/Environment/Dungeon/Models/OBJ format/template-floor-layer-raised.obj - Importer: PreviewImporter' with importer (PreviewImporter)
Imported 'GUID: 96bfe59b72be78442bd02a4fd3da78f9' -> (Import Result ID: '1edf0a699a15e48b958a7eb28f14ea5f') in 0.120 seconds [static and dynamic dependencies]. Details - ImportResultOutputID=434ec09647a9eea65bb5497ab76c5cd7 DependenciesID=9d36c13d9237fbd0aad0cc97c83ddfa0 StaticDependenciesID=7759d85e7fff79e6eff1e3a34ca97ec9 
Number of updated asset objects reloaded before import = 0
Number of asset objects unloaded after import = 12
========================================================================
Received Import Request.
  Time of request: 2026-08-15T10:32:37.5154718Z
  Time since last request: 0.000044 seconds.
  importAddress: GUID: a80e9ea7f8d03c94b997a034ddbf7625 - Path: Assets/_Project/Art/Environment/Dungeon/Models/OBJ format/template-wall-stairs.obj - Importer: PreviewImporter
Importing 'GUID: a80e9ea7f8d03c94b997a034ddbf7625 - Path: Assets/_Project/Art/Environment/Dungeon/Models/OBJ format/template-wall-stairs.obj - Importer: PreviewImporter' with importer (PreviewImporter)
Imported 'GUID: a80e9ea7f8d03c94b997a034ddbf7625' -> (Import Result ID: '8191f6a40642794e6bfe178119254166') in 0.039 seconds [static and dynamic dependencies]. Details - ImportResultOutputID=1284b495631deee328603943c5a38158 DependenciesID=1a0672435d9df74b252bbab2fdac2e80 StaticDependenciesID=b05d94b91286b2a1a25e730e1fddfc13 
Number of updated asset objects reloaded before import = 0
Number of asset objects unloaded after import = 12
========================================================================
Received Import Request.
  Time of request: 2026-08-15T10:32:37.5716377Z
  Time since last request: 0.0011798 seconds.
  importAddress: GUID: 1c5e1a44889f8c84bb1addb48b6381da - Path: Assets/_Project/Art/Environment/Cave/Models/OBJ format/Textures/colormap.png - Importer: PreviewImporter
Importing 'GUID: 1c5e1a44889f8c84bb1addb48b6381da - Path: Assets/_Project/Art/Environment/Cave/Models/OBJ format/Textures/colormap.png - Importer: PreviewImporter' with importer (PreviewImporter)
Imported 'GUID: 1c5e1a44889f8c84bb1addb48b6381da' -> (Import Result ID: '58aad8e98afcb7e9e582c6067396296b') in 0.012 seconds [static and dynamic dependencies]. Details - ImportResultOutputID=442051e199c2a2b72432f30c89aed499 DependenciesID=d5c22b1ef638288ca18ff1d34b44c026 StaticDependenciesID=a2de7c617bd4df8898081fcd08bb4a44 
Number of updated asset objects reloaded before import = 0
Number of asset objects unloaded after import = 2
========================================================================
Received Import Request.
  Time of request: 2026-08-15T10:32:37.5988181Z
  Time since last request: 0.0008056 seconds.
  importAddress: GUID: fe7b1957edaa4d94a86fe264570becf1 - Path: Assets/_Project/Art/Environment/Dungeon/Models/OBJ format/template-wall-half.obj - Importer: PreviewImporter
Importing 'GUID: fe7b1957edaa4d94a86fe264570becf1 - Path: Assets/_Project/Art/Environment/Dungeon/Models/OBJ format/template-wall-half.obj - Importer: PreviewImporter' with importer (PreviewImporter)
Imported 'GUID: fe7b1957edaa4d94a86fe264570becf1' -> (Import Result ID: '0b84d28356fc88fb898d09c5b7147d0b') in 0.035 seconds [static and dynamic dependencies]. Details - ImportResultOutputID=5848098089f465b2d4c88a5e709f2dff DependenciesID=621f276ad637ee8134a0959ac543858b StaticDependenciesID=34fa48763714c294968692050b847a9e 
Number of updated asset objects reloaded before import = 0
Number of asset objects unloaded after import = 12
========================================================================
Received Import Request.
  Time of request: 2026-08-15T10:32:45.6246995Z
  Time since last request: 7.9757217 seconds.
  importAddress: GUID: 040734fb06779e6419f43437dbf6bb03 - Path: Assets/_Project/Art/Environment/Dungeon/Models/OBJ format/template-wall.obj - Importer: PreviewImporter
Importing 'GUID: 040734fb06779e6419f43437dbf6bb03 - Path: Assets/_Project/Art/Environment/Dungeon/Models/OBJ format/template-wall.obj - Importer: PreviewImporter' with importer (PreviewImporter)
Imported 'GUID: 040734fb06779e6419f43437dbf6bb03' -> (Import Result ID: '1cb3e2bbfa8cc58cb5b1d703fb8cad78') in 0.047 seconds [static and dynamic dependencies]. Details - ImportResultOutputID=bf5999bd8c92c4d20c38090dded519d8 DependenciesID=bcbbb5c0331fe0e8d5f11756a44fe408 StaticDependenciesID=6918d86efd7f5647aab9944c94e3685b 
Number of updated asset objects reloaded before import = 0
Number of asset objects unloaded after import = 12
========================================================================
Received Import Request.
  Time of request: 2026-08-15T10:32:46.2562483Z
  Time since last request: 0.5708309 seconds.
  importAddress: GUID: 397374b417aaab343bbfd4176138d1aa - Path: Assets/_Project/Art/Environment/Cave/Models/OBJ format/room-small.obj - Importer: PreviewImporter
Importing 'GUID: 397374b417aaab343bbfd4176138d1aa - Path: Assets/_Project/Art/Environment/Cave/Models/OBJ format/room-small.obj - Importer: PreviewImporter' with importer (PreviewImporter)
Imported 'GUID: 397374b417aaab343bbfd4176138d1aa' -> (Import Result ID: '5d1ae3aaeb03e7df564dbb0aaabcd161') in 0.044 seconds [static and dynamic dependencies]. Details - ImportResultOutputID=e5cf94b4c1282021dc06407649419581 DependenciesID=58ff9a5476e6f7bc8ab800bdd90b9296 StaticDependenciesID=5a0dbcb1c525fe61fcc29e6e3487080e 
Number of updated asset objects reloaded before import = 0
Number of asset objects unloaded after import = 12
========================================================================
Received Import Request.
  Time of request: 2026-08-15T10:32:46.3181451Z
  Time since last request: 0.0010057 seconds.
  importAddress: GUID: d00d780840abfd64281cad213e4728ec - Path: Assets/_Project/Art/Environment/Cave/Models/OBJ format/template-wall-detail-a.obj - Importer: PreviewImporter
Importing 'GUID: d00d780840abfd64281cad213e4728ec - Path: Assets/_Project/Art/Environment/Cave/Models/OBJ format/template-wall-detail-a.obj - Importer: PreviewImporter' with importer (PreviewImporter)
Imported 'GUID: d00d780840abfd64281cad213e4728ec' -> (Import Result ID: '8f807729fb46799608c3af918ee536ff') in 0.041 seconds [static and dynamic dependencies]. Details - ImportResultOutputID=b6f51bd28c4b10e6a6bf4c1ca39de586 DependenciesID=fee79655f20afa880b9521f801a82aaa StaticDependenciesID=f43c3b2f3d8bc638f933fdc19d8d6144 
Number of updated asset objects reloaded before import = 0
Number of asset objects unloaded after import = 12
========================================================================
Received Import Request.
  Time of request: 2026-08-15T10:32:46.377768Z
  Time since last request: 0.0008176 seconds.
  importAddress: GUID: 063b838409acc6148bce7cba907fdd3f - Path: Assets/_Project/Art/Environment/Cave/Models/OBJ format/room-small-variation.obj - Importer: PreviewImporter
Importing 'GUID: 063b838409acc6148bce7cba907fdd3f - Path: Assets/_Project/Art/Environment/Cave/Models/OBJ format/room-small-variation.obj - Importer: PreviewImporter' with importer (PreviewImporter)
Imported 'GUID: 063b838409acc6148bce7cba907fdd3f' -> (Import Result ID: '30df08fce9cc28b7d9c064ef91dba195') in 0.043 seconds [static and dynamic dependencies]. Details - ImportResultOutputID=ef110b6eac8a81aeb17bcfa04fdca3b3 DependenciesID=15169cf73fc841c51641396d67cdcf3f StaticDependenciesID=0e94ac748fbf216b75b05912b94b037a 
Number of updated asset objects reloaded before import = 0
Number of asset objects unloaded after import = 12
========================================================================
Received Import Request.
  Time of request: 2026-08-15T10:32:46.4363277Z
  Time since last request: 0.00081 seconds.
  importAddress: GUID: 4bf7e5d3c0210fa4a8ee6f52fbc7eb7b - Path: Assets/_Project/Art/Environment/Cave/Models/OBJ format/template-detail.obj - Importer: PreviewImporter
Importing 'GUID: 4bf7e5d3c0210fa4a8ee6f52fbc7eb7b - Path: Assets/_Project/Art/Environment/Cave/Models/OBJ format/template-detail.obj - Importer: PreviewImporter' with importer (PreviewImporter)
Imported 'GUID: 4bf7e5d3c0210fa4a8ee6f52fbc7eb7b' -> (Import Result ID: 'e9823cc7882bc7e52bb81acd3fd19f23') in 0.042 seconds [static and dynamic dependencies]. Details - ImportResultOutputID=a6dfbe37c00ecf0d82ce74cb9ed51a7d DependenciesID=d7bafdf540325b4356481cf10c7ed1df StaticDependenciesID=1f22477a14fd544239870cdef3d7a004 
Number of updated asset objects reloaded before import = 0
Number of asset objects unloaded after import = 12
========================================================================
Received Import Request.
  Time of request: 2026-08-15T10:32:46.4936974Z
  Time since last request: 0.0006847 seconds.
  importAddress: GUID: 65f9d92670115fb49af0cce2d9005680 - Path: Assets/_Project/Art/Environment/Cave/Models/OBJ format/template-floor-layer.obj - Importer: PreviewImporter
Importing 'GUID: 65f9d92670115fb49af0cce2d9005680 - Path: Assets/_Project/Art/Environment/Cave/Models/OBJ format/template-floor-layer.obj - Importer: PreviewImporter' with importer (PreviewImporter)
Imported 'GUID: 65f9d92670115fb49af0cce2d9005680' -> (Import Result ID: '724e2faabacb2971b76e907f587a39df') in 0.033 seconds [static and dynamic dependencies]. Details - ImportResultOutputID=5ae3b5f24fa163d7d673ff1c13a5d627 DependenciesID=6a5a1c8ddfeb5429f633ff62f37878be StaticDependenciesID=94fecc9a37e54b18ad54835ea2473177 
Number of updated asset objects reloaded before import = 0
Number of asset objects unloaded after import = 12
========================================================================
Received Import Request.
  Time of request: 2026-08-15T10:32:46.5416939Z
  Time since last request: 0.0006384 seconds.
  importAddress: GUID: e175aa03ce8639c41b7f550ca28c8ae3 - Path: Assets/_Project/Art/Environment/Cave/Models/OBJ format/template-wall-corner.obj - Importer: PreviewImporter
Importing 'GUID: e175aa03ce8639c41b7f550ca28c8ae3 - Path: Assets/_Project/Art/Environment/Cave/Models/OBJ format/template-wall-corner.obj - Importer: PreviewImporter' with importer (PreviewImporter)
Imported 'GUID: e175aa03ce8639c41b7f550ca28c8ae3' -> (Import Result ID: '0d0450c3a11e3dcb701d27bf0cc85b21') in 0.039 seconds [static and dynamic dependencies]. Details - ImportResultOutputID=898a17d61928c51bea48dadc9ca79460 DependenciesID=2e93d320e246bbb20c59295000ba5cd2 StaticDependenciesID=6a28466c81307c845c7e2ca323dbc1e0 
Number of updated asset objects reloaded before import = 0
Number of asset objects unloaded after import = 12
========================================================================
Received Import Request.
  Time of request: 2026-08-15T10:32:46.5975563Z
  Time since last request: 0.0007673 seconds.
  importAddress: GUID: 58fe8caef48f1a3419fb1eaf8bdd6b75 - Path: Assets/_Project/Art/Environment/Cave/Models/OBJ format/template-corner.obj - Importer: PreviewImporter
Importing 'GUID: 58fe8caef48f1a3419fb1eaf8bdd6b75 - Path: Assets/_Project/Art/Environment/Cave/Models/OBJ format/template-corner.obj - Importer: PreviewImporter' with importer (PreviewImporter)
Imported 'GUID: 58fe8caef48f1a3419fb1eaf8bdd6b75' -> (Import Result ID: '56d8f2a6f352326550ead916238c2039') in 0.039 seconds [static and dynamic dependencies]. Details - ImportResultOutputID=384ecddb5546b26310e1497d46b04153 DependenciesID=f9467e644c026a2bed79da8be9fa5079 StaticDependenciesID=8cd3f7f0e9fc8757d99eaab29e992598 
Number of updated asset objects reloaded before import = 0
Number of asset objects unloaded after import = 12
========================================================================
Received Import Request.
  Time of request: 2026-08-15T10:32:46.654472Z
  Time since last request: 0.0018283 seconds.
  importAddress: GUID: 19b95baa0600c9d49807207221503b55 - Path: Assets/_Project/Art/Environment/Cave/Models/OBJ format/template-floor-big.obj - Importer: PreviewImporter
Importing 'GUID: 19b95baa0600c9d49807207221503b55 - Path: Assets/_Project/Art/Environment/Cave/Models/OBJ format/template-floor-big.obj - Importer: PreviewImporter' with importer (PreviewImporter)
Imported 'GUID: 19b95baa0600c9d49807207221503b55' -> (Import Result ID: '167fd9da130571b0333ac3b5074ee6f2') in 0.039 seconds [static and dynamic dependencies]. Details - ImportResultOutputID=e5a0cb8b53eb3b31c79878aae997d6fb DependenciesID=c51da3e77e2bc0bd2d443265282ddf0d StaticDependenciesID=1d19f42213d8a0abc38f38566e991d0c 
Number of updated asset objects reloaded before import = 0
Number of asset objects unloaded after import = 12
========================================================================
Received Import Request.
  Time of request: 2026-08-15T10:32:46.7103112Z
  Time since last request: 0.000781 seconds.
  importAddress: GUID: dc0e283fb4dea0a43b54fc0fef0d5a30 - Path: Assets/_Project/Art/Environment/Cave/Models/OBJ format/template-floor.obj - Importer: PreviewImporter
Importing 'GUID: dc0e283fb4dea0a43b54fc0fef0d5a30 - Path: Assets/_Project/Art/Environment/Cave/Models/OBJ format/template-floor.obj - Importer: PreviewImporter' with importer (PreviewImporter)
Imported 'GUID: dc0e283fb4dea0a43b54fc0fef0d5a30' -> (Import Result ID: '88166c465ff24d53f89196ebc44cf1db') in 0.034 seconds [static and dynamic dependencies]. Details - ImportResultOutputID=358bb0dd09b71907ceb54b9298f4dd66 DependenciesID=49ed99821e43494bde3e67a1f42bbc19 StaticDependenciesID=82af3f00085ff7cf531deb251e1f920f 
Number of updated asset objects reloaded before import = 0
Number of asset objects unloaded after import = 12
========================================================================
Received Import Request.
  Time of request: 2026-08-15T10:32:46.7601518Z
  Time since last request: 0.0005007 seconds.
  importAddress: GUID: ba240e48b8b686c47a126d3c22b986b6 - Path: Assets/_Project/Art/Environment/Cave/Models/OBJ format/template-floor-layer-hole.obj - Importer: PreviewImporter
Importing 'GUID: ba240e48b8b686c47a126d3c22b986b6 - Path: Assets/_Project/Art/Environment/Cave/Models/OBJ format/template-floor-layer-hole.obj - Importer: PreviewImporter' with importer (PreviewImporter)
Imported 'GUID: ba240e48b8b686c47a126d3c22b986b6' -> (Import Result ID: '58517284b78a241fd96506d709d0b56e') in 0.034 seconds [static and dynamic dependencies]. Details - ImportResultOutputID=247c940cd9c9c6edac875f40b04422c5 DependenciesID=92540fb7732041ecebdd1e5306691983 StaticDependenciesID=9fe122ca7c313e64d456d80f8be8d293 
Number of updated asset objects reloaded before import = 0
Number of asset objects unloaded after import = 12
========================================================================
Received Import Request.
  Time of request: 2026-08-15T10:32:47.12409Z
  Time since last request: 0.318075 seconds.
  importAddress: GUID: 8857915771be06647aad03006df86e19 - Path: Assets/_Project/Art/Environment/Cave/Models/OBJ format/room-corner.obj - Importer: PreviewImporter
Importing 'GUID: 8857915771be06647aad03006df86e19 - Path: Assets/_Project/Art/Environment/Cave/Models/OBJ format/room-corner.obj - Importer: PreviewImporter' with importer (PreviewImporter)
Imported 'GUID: 8857915771be06647aad03006df86e19' -> (Import Result ID: '11e85d8b3986ecd9ea7b20905a84c38e') in 0.046 seconds [static and dynamic dependencies]. Details - ImportResultOutputID=9c89397bc04c28e344f9c25b0383219e DependenciesID=ad7b1b43b57db7ca1bfa6c785edfba15 StaticDependenciesID=92b8c7f2d30ea2f056014c5f4463e8f3 
Number of updated asset objects reloaded before import = 0
Number of asset objects unloaded after import = 12
========================================================================
Received Import Request.
  Time of request: 2026-08-15T10:32:47.2169746Z
  Time since last request: 0.0014181 seconds.
  importAddress: GUID: 9e1bf40a2cde7b447917dd1e00a0aa5c - Path: Assets/_Project/Art/Environment/Cave/Models/OBJ format/gate.obj - Importer: PreviewImporter
Importing 'GUID: 9e1bf40a2cde7b447917dd1e00a0aa5c - Path: Assets/_Project/Art/Environment/Cave/Models/OBJ format/gate.obj - Importer: PreviewImporter' with importer (PreviewImporter)
Imported 'GUID: 9e1bf40a2cde7b447917dd1e00a0aa5c' -> (Import Result ID: '3228a407f1c58b68da17443ee54ddcca') in 0.042 seconds [static and dynamic dependencies]. Details - ImportResultOutputID=9db0693c7adf65dc74498e8ed28f3a2a DependenciesID=a81185877b8ed869cb88483f54879153 StaticDependenciesID=8926b2240f492c09911c333f8d45b69e 
Number of updated asset objects reloaded before import = 0
Number of asset objects unloaded after import = 12
========================================================================
Received Import Request.
  Time of request: 2026-08-15T10:32:47.2747908Z
  Time since last request: 0.0005455 seconds.
  importAddress: GUID: ebaee5bb0832b974a96337b62d5282b9 - Path: Assets/_Project/Art/Environment/Cave/Models/OBJ format/corridor-junction.obj - Importer: PreviewImporter
Importing 'GUID: ebaee5bb0832b974a96337b62d5282b9 - Path: Assets/_Project/Art/Environment/Cave/Models/OBJ format/corridor-junction.obj - Importer: PreviewImporter' with importer (PreviewImporter)
Imported 'GUID: ebaee5bb0832b974a96337b62d5282b9' -> (Import Result ID: 'de770511c2d0f66bb0cded3057578822') in 0.039 seconds [static and dynamic dependencies]. Details - ImportResultOutputID=ca707107e096721a11002d13b620392a DependenciesID=818ab43b46f87e8251710e99bcd7e0f9 StaticDependenciesID=62ce4bc36f82fd0667ffd62f96cd0438 
Number of updated asset objects reloaded before import = 0
Number of asset objects unloaded after import = 12
========================================================================
Received Import Request.
  Time of request: 2026-08-15T10:32:47.3296283Z
  Time since last request: 0.0010936 seconds.
  importAddress: GUID: 865b6bb413c97d44192423ff9b22e5f8 - Path: Assets/_Project/Art/Environment/Cave/Models/OBJ format/room-large-variation.obj - Importer: PreviewImporter
Importing 'GUID: 865b6bb413c97d44192423ff9b22e5f8 - Path: Assets/_Project/Art/Environment/Cave/Models/OBJ format/room-large-variation.obj - Importer: PreviewImporter' with importer (PreviewImporter)
Imported 'GUID: 865b6bb413c97d44192423ff9b22e5f8' -> (Import Result ID: '4bac06e618fed7bb29837b036de41c09') in 0.036 seconds [static and dynamic dependencies]. Details - ImportResultOutputID=adac0cd009f82f8e583a6918ab560e43 DependenciesID=9f89cb2a1617ea5023cfec17056b994a StaticDependenciesID=36ecc345279f31026613a2214d5fca69 
Number of updated asset objects reloaded before import = 0
Number of asset objects unloaded after import = 12
========================================================================
Received Import Request.
  Time of request: 2026-08-15T10:32:47.3819973Z
  Time since last request: 0.0009808 seconds.
  importAddress: GUID: 011a69bd8d4b5154db9ab586a47b3f9f - Path: Assets/_Project/Art/Environment/Cave/Models/OBJ format/corridor-end.obj - Importer: PreviewImporter
Importing 'GUID: 011a69bd8d4b5154db9ab586a47b3f9f - Path: Assets/_Project/Art/Environment/Cave/Models/OBJ format/corridor-end.obj - Importer: PreviewImporter' with importer (PreviewImporter)
Imported 'GUID: 011a69bd8d4b5154db9ab586a47b3f9f' -> (Import Result ID: 'e399aabbc57f5b243f4c6a9e1490f703') in 0.045 seconds [static and dynamic dependencies]. Details - ImportResultOutputID=518e30bb1e4cf058dd006f7878f71235 DependenciesID=26f39209fda927c710d926ceb28c79a4 StaticDependenciesID=106ddde5976af6f52abaae78297c3e15 
Number of updated asset objects reloaded before import = 0
Number of asset objects unloaded after import = 12
========================================================================
Received Import Request.
  Time of request: 2026-08-15T10:32:47.440526Z
  Time since last request: 0.0008688 seconds.
  importAddress: GUID: 6aaceed5a3e74d74cbb4d8035a48da30 - Path: Assets/_Project/Art/Environment/Cave/Models/OBJ format/corridor-transition.obj - Importer: PreviewImporter
Importing 'GUID: 6aaceed5a3e74d74cbb4d8035a48da30 - Path: Assets/_Project/Art/Environment/Cave/Models/OBJ format/corridor-transition.obj - Importer: PreviewImporter' with importer (PreviewImporter)
Imported 'GUID: 6aaceed5a3e74d74cbb4d8035a48da30' -> (Import Result ID: '9a9dd7e1cdccdc13c50bfc1b4dce698c') in 0.037 seconds [static and dynamic dependencies]. Details - ImportResultOutputID=0883204ff866f18ff5c38cec2ccea05b DependenciesID=f1b38bf8cc218f6f3b10382880a7154b StaticDependenciesID=0a3bdf53438d5881a43753cb3f9c4d15 
Number of updated asset objects reloaded before import = 0
Number of asset objects unloaded after import = 12
========================================================================
Received Import Request.
  Time of request: 2026-08-15T10:32:47.4920178Z
  Time since last request: 0.0009736 seconds.
  importAddress: GUID: 3ec9a1406ea468845b687d3eccbe1013 - Path: Assets/_Project/Art/Environment/Cave/Models/OBJ format/corridor-wide.obj - Importer: PreviewImporter
Importing 'GUID: 3ec9a1406ea468845b687d3eccbe1013 - Path: Assets/_Project/Art/Environment/Cave/Models/OBJ format/corridor-wide.obj - Importer: PreviewImporter' with importer (PreviewImporter)
Imported 'GUID: 3ec9a1406ea468845b687d3eccbe1013' -> (Import Result ID: '8776f1520ab7c9898545b9797a24eefc') in 0.037 seconds [static and dynamic dependencies]. Details - ImportResultOutputID=b0f3e3db416f57db3fe2f3a646e92d84 DependenciesID=57b591b71f0728e43381feb938c54204 StaticDependenciesID=2426242031a14ed098bef8d650377b5a 
Number of updated asset objects reloaded before import = 0
Number of asset objects unloaded after import = 12
========================================================================
Received Import Request.
  Time of request: 2026-08-15T10:32:47.5432101Z
  Time since last request: 0.0008113 seconds.
  importAddress: GUID: 4686828c1814c404e9eeb57e46575e60 - Path: Assets/_Project/Art/Environment/Cave/Models/OBJ format/corridor-wide-end.obj - Importer: PreviewImporter
Importing 'GUID: 4686828c1814c404e9eeb57e46575e60 - Path: Assets/_Project/Art/Environment/Cave/Models/OBJ format/corridor-wide-end.obj - Importer: PreviewImporter' with importer (PreviewImporter)
Imported 'GUID: 4686828c1814c404e9eeb57e46575e60' -> (Import Result ID: '48187fc480987a213e66062ce69b3ad7') in 0.038 seconds [static and dynamic dependencies]. Details - ImportResultOutputID=d8748e276796e30790914d8d1e737514 DependenciesID=5be762c3e73d4e676f5cfd0d46ba1635 StaticDependenciesID=08c40f2b209e497d750fd6e703227153 
Number of updated asset objects reloaded before import = 0
Number of asset objects unloaded after import = 12
========================================================================
Received Import Request.
  Time of request: 2026-08-15T10:32:47.598695Z
  Time since last request: 0.0007405 seconds.
  importAddress: GUID: a520dd0a8dba37240b748beea94afcc6 - Path: Assets/_Project/Art/Environment/Cave/Models/OBJ format/gate-overhang.obj - Importer: PreviewImporter
Importing 'GUID: a520dd0a8dba37240b748beea94afcc6 - Path: Assets/_Project/Art/Environment/Cave/Models/OBJ format/gate-overhang.obj - Importer: PreviewImporter' with importer (PreviewImporter)
Imported 'GUID: a520dd0a8dba37240b748beea94afcc6' -> (Import Result ID: '2c524b5f4e37170d1b2495adee4a6e3b') in 0.037 seconds [static and dynamic dependencies]. Details - ImportResultOutputID=515da458998d873d3311164cb2807e86 DependenciesID=f3e82b89af9f7a49e3484816dfa4083e StaticDependenciesID=d578f9eeb0074d5fd5e4b4a94de4c0d9 
Number of updated asset objects reloaded before import = 0
Number of asset objects unloaded after import = 12
========================================================================
Received Import Request.
  Time of request: 2026-08-15T10:32:47.6538796Z
  Time since last request: 0.0008877 seconds.
  importAddress: GUID: 6594a5fc9f621b14c93cea247a9d69eb - Path: Assets/_Project/Art/Environment/Cave/Models/OBJ format/corridor-intersection.obj - Importer: PreviewImporter
Importing 'GUID: 6594a5fc9f621b14c93cea247a9d69eb - Path: Assets/_Project/Art/Environment/Cave/Models/OBJ format/corridor-intersection.obj - Importer: PreviewImporter' with importer (PreviewImporter)
Imported 'GUID: 6594a5fc9f621b14c93cea247a9d69eb' -> (Import Result ID: 'f8cf7dfebcea13a246fcc3c1d492186a') in 0.035 seconds [static and dynamic dependencies]. Details - ImportResultOutputID=8b9cf7226c4d3ae6c43b20a3edd44a7f DependenciesID=97b6ec80bfc575e7533fc968d2fb3608 StaticDependenciesID=a476390273ffb45da706c1df48f9113e 
Number of updated asset objects reloaded before import = 0
Number of asset objects unloaded after import = 12
========================================================================
Received Prepare
AcceleratorClientConnectionCallback - disconnected - :0
WARNING: Shader Unsupported: 'Hidden/Universal Render Pipeline/Terrain/Lit (Base Pass)' - All subshaders removed
WARNING: Shader Did you use #pragma only_renderers and omit this platform?
WARNING: Shader If subshaders removal was intentional, you may have forgotten turning Fallback off?
WARNING: Shader Unsupported: 'Universal Render Pipeline/Terrain/Lit' - All subshaders removed
WARNING: Shader Did you use #pragma only_renderers and omit this platform?
WARNING: Shader If subshaders removal was intentional, you may have forgotten turning Fallback off?
Refreshing native plugins compatible for Editor in 5.46 ms, found 5 plugins.
Unloading 68 Unused Serialized files (Serialized files now loaded: 0)
Unloading 68 unused Assets / (5.1 MB). Loaded Objects now: 8603.
Memory consumption went from 353.0 MB to 347.9 MB.
Total: 12.653600 ms (FindLiveObjects: 0.736300 ms CreateObjectMapping: 1.402300 ms MarkObjects: 9.158900 ms  DeleteObjects: 1.354400 ms)

Prepare: number of updated asset objects reloaded= 0
EnvironmentDependencyValues requested are different than current active one (requested -> active):
  graphicsApiMask: 2099200 -> 2361344
========================================================================
Received Prepare
AcceleratorClientConnectionCallback - disconnected - :0
WARNING: Shader Unsupported: 'Hidden/Universal Render Pipeline/Terrain/Lit (Base Pass)' - All subshaders removed
WARNING: Shader Did you use #pragma only_renderers and omit this platform?
WARNING: Shader If subshaders removal was intentional, you may have forgotten turning Fallback off?
WARNING: Shader Unsupported: 'Universal Render Pipeline/Terrain/Lit' - All subshaders removed
WARNING: Shader Did you use #pragma only_renderers and omit this platform?
WARNING: Shader If subshaders removal was intentional, you may have forgotten turning Fallback off?
Refreshing native plugins compatible for Editor in 6.14 ms, found 5 plugins.
Unloading 67 Unused Serialized files (Serialized files now loaded: 0)
Unloading 68 unused Assets / (5.1 MB). Loaded Objects now: 8603.
Memory consumption went from 354.9 MB to 349.8 MB.
Total: 12.497500 ms (FindLiveObjects: 0.739700 ms CreateObjectMapping: 1.864100 ms MarkObjects: 8.451900 ms  DeleteObjects: 1.440200 ms)

Prepare: number of updated asset objects reloaded= 0
EnvironmentDependencyValues requested are different than current active one (requested -> active):
  graphicsApiMask: 2099200 -> 2361344
========================================================================
Received Prepare
AcceleratorClientConnectionCallback - disconnected - :0
WARNING: Shader Unsupported: 'Hidden/Universal Render Pipeline/Terrain/Lit (Base Pass)' - All subshaders removed
WARNING: Shader Did you use #pragma only_renderers and omit this platform?
WARNING: Shader If subshaders removal was intentional, you may have forgotten turning Fallback off?
WARNING: Shader Unsupported: 'Universal Render Pipeline/Terrain/Lit' - All subshaders removed
WARNING: Shader Did you use #pragma only_renderers and omit this platform?
WARNING: Shader If subshaders removal was intentional, you may have forgotten turning Fallback off?
Refreshing native plugins compatible for Editor in 6.28 ms, found 5 plugins.
Unloading 67 Unused Serialized files (Serialized files now loaded: 0)
Unloading 68 unused Assets / (5.1 MB). Loaded Objects now: 8603.
Memory consumption went from 356.9 MB to 351.8 MB.
Total: 13.063200 ms (FindLiveObjects: 0.625600 ms CreateObjectMapping: 1.426600 ms MarkObjects: 9.550000 ms  DeleteObjects: 1.459800 ms)

Prepare: number of updated asset objects reloaded= 0
EnvironmentDependencyValues requested are different than current active one (requested -> active):
  graphicsApiMask: 2099200 -> 2361344
========================================================================
Received Prepare
AcceleratorClientConnectionCallback - disconnected - :0
WARNING: Shader Unsupported: 'Hidden/Universal Render Pipeline/Terrain/Lit (Base Pass)' - All subshaders removed
WARNING: Shader Did you use #pragma only_renderers and omit this platform?
WARNING: Shader If subshaders removal was intentional, you may have forgotten turning Fallback off?
WARNING: Shader Unsupported: 'Universal Render Pipeline/Terrain/Lit' - All subshaders removed
WARNING: Shader Did you use #pragma only_renderers and omit this platform?
WARNING: Shader If subshaders removal was intentional, you may have forgotten turning Fallback off?
Refreshing native plugins compatible for Editor in 5.43 ms, found 5 plugins.
Unloading 67 Unused Serialized files (Serialized files now loaded: 0)
Unloading 68 unused Assets / (5.1 MB). Loaded Objects now: 8603.
Memory consumption went from 359.0 MB to 353.9 MB.
Total: 11.304800 ms (FindLiveObjects: 0.548200 ms CreateObjectMapping: 1.221700 ms MarkObjects: 7.950100 ms  DeleteObjects: 1.583600 ms)

Prepare: number of updated asset objects reloaded= 0
EnvironmentDependencyValues requested are different than current active one (requested -> active):
  graphicsApiMask: 2099200 -> 2361344
========================================================================
Received Prepare
AcceleratorClientConnectionCallback - disconnected - :0
WARNING: Shader Unsupported: 'Hidden/Universal Render Pipeline/Terrain/Lit (Base Pass)' - All subshaders removed
WARNING: Shader Did you use #pragma only_renderers and omit this platform?
WARNING: Shader If subshaders removal was intentional, you may have forgotten turning Fallback off?
WARNING: Shader Unsupported: 'Universal Render Pipeline/Terrain/Lit' - All subshaders removed
WARNING: Shader Did you use #pragma only_renderers and omit this platform?
WARNING: Shader If subshaders removal was intentional, you may have forgotten turning Fallback off?
Refreshing native plugins compatible for Editor in 6.19 ms, found 5 plugins.
Unloading 66 Unused Serialized files (Serialized files now loaded: 0)
Unloading 67 unused Assets / (5.1 MB). Loaded Objects now: 8652.
Memory consumption went from 364.0 MB to 359.0 MB.
Total: 15.151100 ms (FindLiveObjects: 0.652700 ms CreateObjectMapping: 1.529800 ms MarkObjects: 11.471500 ms  DeleteObjects: 1.495900 ms)

Prepare: number of updated asset objects reloaded= 64
EnvironmentDependencyValues requested are different than current active one (requested -> active):
  graphicsApiMask: 2099200 -> 2361344
========================================================================
Received Prepare
AcceleratorClientConnectionCallback - disconnected - :0
WARNING: Shader Unsupported: 'Hidden/Universal Render Pipeline/Terrain/Lit (Base Pass)' - All subshaders removed
WARNING: Shader Did you use #pragma only_renderers and omit this platform?
WARNING: Shader If subshaders removal was intentional, you may have forgotten turning Fallback off?
WARNING: Shader Unsupported: 'Universal Render Pipeline/Terrain/Lit' - All subshaders removed
WARNING: Shader Did you use #pragma only_renderers and omit this platform?
WARNING: Shader If subshaders removal was intentional, you may have forgotten turning Fallback off?
Refreshing native plugins compatible for Editor in 5.38 ms, found 5 plugins.
Unloading 66 Unused Serialized files (Serialized files now loaded: 0)
Unloading 67 unused Assets / (5.1 MB). Loaded Objects now: 8652.
Memory consumption went from 362.9 MB to 357.8 MB.
Total: 16.563800 ms (FindLiveObjects: 0.578300 ms CreateObjectMapping: 1.289000 ms MarkObjects: 12.666100 ms  DeleteObjects: 2.028900 ms)

Prepare: number of updated asset objects reloaded= 0
EnvironmentDependencyValues requested are different than current active one (requested -> active):
  graphicsApiMask: 2099200 -> 2361344
========================================================================
Received Import Request.
  Time of request: 2026-08-15T10:34:17.733133Z
  Time since last request: 90.0281571 seconds.
  importAddress: GUID: 06e407a67c5a20c4094c89e63a439006 - Path: Assets/_Project/Art/Environment/Cave/Models/FBX format/template-corner.fbx - Importer: PreviewImporter
Importing 'GUID: 06e407a67c5a20c4094c89e63a439006 - Path: Assets/_Project/Art/Environment/Cave/Models/FBX format/template-corner.fbx - Importer: PreviewImporter' with importer (PreviewImporter)
Imported 'GUID: 06e407a67c5a20c4094c89e63a439006' -> (Import Result ID: '0c4c3459094a629f9aed048f7b9b46e6') in 0.834 seconds [static and dynamic dependencies]. Details - ImportResultOutputID=902af77b7658234542224261632a63a3 DependenciesID=d75cbce8fccc839c3fd0ba7caef455cf StaticDependenciesID=a0f7a9e6bdbf19e8b627ff7c99a13106 
Number of updated asset objects reloaded before import = 0
Number of asset objects unloaded after import = 128
========================================================================
Received Import Request.
  Time of request: 2026-08-15T10:34:18.5908725Z
  Time since last request: 0.0000867 seconds.
  importAddress: GUID: 85b16dda4bcc6ff45b4a94d075acde24 - Path: Assets/_Project/Art/Environment/Cave/Models/FBX format/stairs.fbx - Importer: PreviewImporter
Importing 'GUID: 85b16dda4bcc6ff45b4a94d075acde24 - Path: Assets/_Project/Art/Environment/Cave/Models/FBX format/stairs.fbx - Importer: PreviewImporter' with importer (PreviewImporter)
Imported 'GUID: 85b16dda4bcc6ff45b4a94d075acde24' -> (Import Result ID: '0956a19530a5bd6169f129c4fba4cba5') in 0.099 seconds [static and dynamic dependencies]. Details - ImportResultOutputID=fe4733cec051b40ecd9fd657ecade564 DependenciesID=c0306b06166932b242f417f19e776f5d StaticDependenciesID=79c1195c02755c588cd4985cb38f65b2 
Number of updated asset objects reloaded before import = 0
Number of asset objects unloaded after import = 128
========================================================================
Received Import Request.
  Time of request: 2026-08-15T10:34:18.7177412Z
  Time since last request: 0.0000534 seconds.
  importAddress: GUID: 22fb22d2e73ad374ab608180d89d9a6c - Path: Assets/_Project/Art/Environment/Cave/Models/OBJ format/room-wide.obj - Importer: PreviewImporter
Importing 'GUID: 22fb22d2e73ad374ab608180d89d9a6c - Path: Assets/_Project/Art/Environment/Cave/Models/OBJ format/room-wide.obj - Importer: PreviewImporter' with importer (PreviewImporter)
Imported 'GUID: 22fb22d2e73ad374ab608180d89d9a6c' -> (Import Result ID: '643fdf0f0b3209eab98995de813a252a') in 0.105 seconds [static and dynamic dependencies]. Details - ImportResultOutputID=e8be5e42baaf834ee36e150812cfba1c DependenciesID=50764ca3b3ee2a72dc37153b2e7d9a0c StaticDependenciesID=10961f05647a470268b04b1cc69ea760 
Number of updated asset objects reloaded before import = 0
Number of asset objects unloaded after import = 130
========================================================================
Received Import Request.
  Time of request: 2026-08-15T10:34:18.8490324Z
  Time since last request: 0.0000354 seconds.
  importAddress: GUID: 2536772ee267b564b9d181ef0c6c6335 - Path: Assets/_Project/Art/Environment/Cave/Models/FBX format/template-floor-layer-hole.fbx - Importer: PreviewImporter
Importing 'GUID: 2536772ee267b564b9d181ef0c6c6335 - Path: Assets/_Project/Art/Environment/Cave/Models/FBX format/template-floor-layer-hole.fbx - Importer: PreviewImporter' with importer (PreviewImporter)
Imported 'GUID: 2536772ee267b564b9d181ef0c6c6335' -> (Import Result ID: 'f0558a9e4cd9e7aa99e321d1d338d0a8') in 0.098 seconds [static and dynamic dependencies]. Details - ImportResultOutputID=cfb201c4d032e659cfdadb05a3eb1812 DependenciesID=fcafd481612fe0c9ab44246589a5e0b0 StaticDependenciesID=22b775141d4bd773373e874b983e7c82 
Number of updated asset objects reloaded before import = 0
Number of asset objects unloaded after import = 128
========================================================================
Received Import Request.
  Time of request: 2026-08-15T10:34:18.9714281Z
  Time since last request: 0.00006 seconds.
  importAddress: GUID: 55bca030552f4414293bce22762f1f5d - Path: Assets/URPDefaultResources/Low.asset - Importer: ScriptedImporter/UnityEditor.QuickSearchModule:UnityEditor.Search:ASIAI0B
Importing 'GUID: 55bca030552f4414293bce22762f1f5d - Path: Assets/URPDefaultResources/Low.asset - Importer: ScriptedImporter/UnityEditor.QuickSearchModule:UnityEditor.Search:ASIAI0B' with importer (ScriptedImporter : UnityEditor.QuickSearchModule:UnityEditor.Search:ASIAI0B)
Imported 'GUID: 55bca030552f4414293bce22762f1f5d' -> (Import Result ID: '6a170d3e3ca898e690ff1eeba318dacb') in 0.107 seconds [static and dynamic dependencies]. Details - ImportResultOutputID=501425bf9b690e0c70539f3845fa6d95 DependenciesID=a533bfeb95297ddb2f3178a4bbaf8056 StaticDependenciesID=d237c56c973790d38b4f1da2eb0be6d8 
Number of updated asset objects reloaded before import = 0
Number of asset objects unloaded after import = 1
========================================================================
Received Import Request.
  Time of request: 2026-08-15T10:34:19.1045331Z
  Time since last request: 0.0006879 seconds.
  importAddress: GUID: 1d0cff0a3ca36a24fb8f1bcc42d930d0 - Path: Assets/_Project/Art/Environment/Cave/Models/OBJ format/template-floor-detail-a.obj - Importer: PreviewImporter
Importing 'GUID: 1d0cff0a3ca36a24fb8f1bcc42d930d0 - Path: Assets/_Project/Art/Environment/Cave/Models/OBJ format/template-floor-detail-a.obj - Importer: PreviewImporter' with importer (PreviewImporter)
Imported 'GUID: 1d0cff0a3ca36a24fb8f1bcc42d930d0' -> (Import Result ID: '0c8b607baa9d430a94559dd1947979e3') in 0.118 seconds [static and dynamic dependencies]. Details - ImportResultOutputID=2c997864d786b0d7fa5b95ca000de6b3 DependenciesID=2f7eece7733a51f0b09572c0c190b8b3 StaticDependenciesID=e78d4c222f2208b7c67b0873fe5e1e7a 
Number of updated asset objects reloaded before import = 0
Number of asset objects unloaded after import = 130
========================================================================
Received Import Request.
  Time of request: 2026-08-15T10:34:19.2513301Z
  Time since last request: 0.0000466 seconds.
  importAddress: GUID: 597b3f42229299043bbe0b08ec237d1a - Path: Assets/_Project/Art/Environment/Cave/Models/FBX format/room-wide-variation.fbx - Importer: PreviewImporter
Importing 'GUID: 597b3f42229299043bbe0b08ec237d1a - Path: Assets/_Project/Art/Environment/Cave/Models/FBX format/room-wide-variation.fbx - Importer: PreviewImporter' with importer (PreviewImporter)
Imported 'GUID: 597b3f42229299043bbe0b08ec237d1a' -> (Import Result ID: '8ba293092a6bc9c5dd350da4b3e5d6f7') in 0.104 seconds [static and dynamic dependencies]. Details - ImportResultOutputID=27899f57cbd7f2fd46503436095ebc53 DependenciesID=464d0d64e349b74f14e2ce0623402b1b StaticDependenciesID=d2996d5d9dc4e4d78d79d71d393dd73c 
Number of updated asset objects reloaded before import = 0
Number of asset objects unloaded after import = 128
========================================================================
Received Import Request.
  Time of request: 2026-08-15T10:34:19.3814494Z
  Time since last request: 0.000071 seconds.
  importAddress: GUID: a1d3e51fda46ac34c86707ca6ec89162 - Path: Assets/_Project/Art/Environment/Cave/Models/FBX format/template-floor-big.fbx - Importer: PreviewImporter
Importing 'GUID: a1d3e51fda46ac34c86707ca6ec89162 - Path: Assets/_Project/Art/Environment/Cave/Models/FBX format/template-floor-big.fbx - Importer: PreviewImporter' with importer (PreviewImporter)
Imported 'GUID: a1d3e51fda46ac34c86707ca6ec89162' -> (Import Result ID: 'dddee2bbfec157307508aa0cd2d038dd') in 0.098 seconds [static and dynamic dependencies]. Details - ImportResultOutputID=0de28d7b5a5695e500c1e1a841d94d20 DependenciesID=f785097aa916216fe1134ceeda5351b7 StaticDependenciesID=1417ae836c3c858d6333de37d12582b0 
Number of updated asset objects reloaded before import = 0
Number of asset objects unloaded after import = 128
========================================================================
Received Import Request.
  Time of request: 2026-08-15T10:34:19.5044885Z
  Time since last request: 0.0000505 seconds.
  importAddress: GUID: 97418fb88d1fca2449ac14345d670900 - Path: Assets/URPDefaultResources/Very High.asset - Importer: ScriptedImporter/UnityEditor.QuickSearchModule:UnityEditor.Search:ASIAI0B
Importing 'GUID: 97418fb88d1fca2449ac14345d670900 - Path: Assets/URPDefaultResources/Very High.asset - Importer: ScriptedImporter/UnityEditor.QuickSearchModule:UnityEditor.Search:ASIAI0B' with importer (ScriptedImporter : UnityEditor.QuickSearchModule:UnityEditor.Search:ASIAI0B)
Imported 'GUID: 97418fb88d1fca2449ac14345d670900' -> (Import Result ID: '1de84effca98b7a226d98bc77ee129ac') in 0.017 seconds [static and dynamic dependencies]. Details - ImportResultOutputID=31a3fe3bb0e863bd3ce9d006acf2e529 DependenciesID=a9875bf57d00ec516b0bf64e659376e7 StaticDependenciesID=3292285d5e562cb410e9d26193a84932 
Number of updated asset objects reloaded before import = 0
Number of asset objects unloaded after import = 1
========================================================================
Received Import Request.
  Time of request: 2026-08-15T10:34:19.5419089Z
  Time since last request: 0.0006896 seconds.
  importAddress: GUID: b6a58d3c420b74243932ec934f115ad1 - Path: Assets/_Project/Art/Environment/Cave/Models/FBX format/room-wide.fbx - Importer: PreviewImporter
Importing 'GUID: b6a58d3c420b74243932ec934f115ad1 - Path: Assets/_Project/Art/Environment/Cave/Models/FBX format/room-wide.fbx - Importer: PreviewImporter' with importer (PreviewImporter)
Imported 'GUID: b6a58d3c420b74243932ec934f115ad1' -> (Import Result ID: '8ca011878332d3553a7bb411fd3682bb') in 0.106 seconds [static and dynamic dependencies]. Details - ImportResultOutputID=45d6e8348ddd8848d2c04f831f532745 DependenciesID=c43f7986566d419547d49bcea343cf35 StaticDependenciesID=35deac48520dc16af169ea0a01177c0d 
Number of updated asset objects reloaded before import = 0
Number of asset objects unloaded after import = 128
========================================================================
Received Import Request.
  Time of request: 2026-08-15T10:34:19.6805056Z
  Time since last request: 0.0000473 seconds.
  importAddress: GUID: cbf159fc1f70cd9418ad6b93b11add0a - Path: Assets/_Project/Art/Environment/Cave/Models/OBJ format/template-wall-stairs.obj - Importer: PreviewImporter
Importing 'GUID: cbf159fc1f70cd9418ad6b93b11add0a - Path: Assets/_Project/Art/Environment/Cave/Models/OBJ format/template-wall-stairs.obj - Importer: PreviewImporter' with importer (PreviewImporter)
Imported 'GUID: cbf159fc1f70cd9418ad6b93b11add0a' -> (Import Result ID: 'd7f8d86504949d529005b3fba3fef1ca') in 0.101 seconds [static and dynamic dependencies]. Details - ImportResultOutputID=cd18420e9d47c98ee8897166a56d1bfb DependenciesID=ad25ddc7fef53767b46d61bf2e71eb12 StaticDependenciesID=6f36ae80af3bf3f750b1001dbc8d4b5b 
Number of updated asset objects reloaded before import = 0
Number of asset objects unloaded after import = 130
========================================================================
Received Import Request.
  Time of request: 2026-08-15T10:34:19.8095367Z
  Time since last request: 0.0000713 seconds.
  importAddress: GUID: 80ce39b62615bfc4bbd73e3387d3c816 - Path: Assets/_Project/Art/Environment/Cave/Models/FBX format/gate-overhang.fbx - Importer: PreviewImporter
Importing 'GUID: 80ce39b62615bfc4bbd73e3387d3c816 - Path: Assets/_Project/Art/Environment/Cave/Models/FBX format/gate-overhang.fbx - Importer: PreviewImporter' with importer (PreviewImporter)
Imported 'GUID: 80ce39b62615bfc4bbd73e3387d3c816' -> (Import Result ID: '567b755256b1318cae98b789135d24d4') in 0.100 seconds [static and dynamic dependencies]. Details - ImportResultOutputID=83dada9ff044d31e9b06fd3e2e5d1394 DependenciesID=dab1e7fd52b760ee3acbe8d7234a0bd5 StaticDependenciesID=7974f6cb1d56aa33f975181a5e1b447a 
Number of updated asset objects reloaded before import = 0
Number of asset objects unloaded after import = 128
========================================================================
Received Import Request.
  Time of request: 2026-08-15T10:34:19.9438462Z
  Time since last request: 0.0000732 seconds.
  importAddress: GUID: 73456d1a486496548853feeff016ce5e - Path: Assets/_Project/Art/Environment/Cave/Models/FBX format/corridor-wide-corner.fbx - Importer: PreviewImporter
Importing 'GUID: 73456d1a486496548853feeff016ce5e - Path: Assets/_Project/Art/Environment/Cave/Models/FBX format/corridor-wide-corner.fbx - Importer: PreviewImporter' with importer (PreviewImporter)
Imported 'GUID: 73456d1a486496548853feeff016ce5e' -> (Import Result ID: '1785ba3f81f91a834bea321a9c5250d9') in 0.095 seconds [static and dynamic dependencies]. Details - ImportResultOutputID=86b8b7ee2b0d46bc69d8447d3f0f7866 DependenciesID=b3c6b6477bdb7f91208b22c9d4f9efc3 StaticDependenciesID=6c6ac6c5351f6da0538479800b9b7f16 
Number of updated asset objects reloaded before import = 0
Number of asset objects unloaded after import = 128
========================================================================
Received Import Request.
  Time of request: 2026-08-15T10:34:20.0656266Z
  Time since last request: 0.000041 seconds.
  importAddress: GUID: 58fe8caef48f1a3419fb1eaf8bdd6b75 - Path: Assets/_Project/Art/Environment/Cave/Models/OBJ format/template-corner.obj - Importer: PreviewImporter
Importing 'GUID: 58fe8caef48f1a3419fb1eaf8bdd6b75 - Path: Assets/_Project/Art/Environment/Cave/Models/OBJ format/template-corner.obj - Importer: PreviewImporter' with importer (PreviewImporter)
Imported 'GUID: 58fe8caef48f1a3419fb1eaf8bdd6b75' -> (Import Result ID: 'b54e522e5e1a2f66f2fccf314193495d') in 0.112 seconds [static and dynamic dependencies]. Details - ImportResultOutputID=30a4579513fc585eb9eba089b6fb911b DependenciesID=fc0dd2c95c4d0a4d7db6c9eab8950aa8 StaticDependenciesID=8cd3f7f0e9fc8757d99eaab29e992598 
Number of updated asset objects reloaded before import = 0
Number of asset objects unloaded after import = 130
========================================================================
Received Import Request.
  Time of request: 2026-08-15T10:34:20.2045061Z
  Time since last request: 0.0000445 seconds.
  importAddress: GUID: 461497ee7fe4b0f46b7bc45d89b16403 - Path: Assets/_Project/Art/Environment/Cave/Models/FBX format/template-detail.fbx - Importer: PreviewImporter
Importing 'GUID: 461497ee7fe4b0f46b7bc45d89b16403 - Path: Assets/_Project/Art/Environment/Cave/Models/FBX format/template-detail.fbx - Importer: PreviewImporter' with importer (PreviewImporter)
Imported 'GUID: 461497ee7fe4b0f46b7bc45d89b16403' -> (Import Result ID: '05bd9e56a39d09442bc9e1b3f840cf16') in 0.107 seconds [static and dynamic dependencies]. Details - ImportResultOutputID=92ecac172596794d51e72b914b54f848 DependenciesID=aa8257728c976cf5bef5d71a664787bc StaticDependenciesID=efc236dfee3ca37405a76a9b00fa6d24 
Number of updated asset objects reloaded before import = 0
Number of asset objects unloaded after import = 128
========================================================================
Received Import Request.
  Time of request: 2026-08-15T10:34:20.3396058Z
  Time since last request: 0.0001197 seconds.
  importAddress: GUID: 040734fb06779e6419f43437dbf6bb03 - Path: Assets/_Project/Art/Environment/Dungeon/Models/OBJ format/template-wall.obj - Importer: PreviewImporter
Importing 'GUID: 040734fb06779e6419f43437dbf6bb03 - Path: Assets/_Project/Art/Environment/Dungeon/Models/OBJ format/template-wall.obj - Importer: PreviewImporter' with importer (PreviewImporter)
Imported 'GUID: 040734fb06779e6419f43437dbf6bb03' -> (Import Result ID: '3949be4f5ab6739fdde49e8c0a9316e1') in 0.092 seconds [static and dynamic dependencies]. Details - ImportResultOutputID=fe5d32f95c00d9935b044a1f56ef276a DependenciesID=551f7baa958d71e78a6709cab742ec5d StaticDependenciesID=6918d86efd7f5647aab9944c94e3685b 
Number of updated asset objects reloaded before import = 0
Number of asset objects unloaded after import = 130
========================================================================
Received Import Request.
  Time of request: 2026-08-15T10:34:20.460532Z
  Time since last request: 0.0000428 seconds.
  importAddress: GUID: ba240e48b8b686c47a126d3c22b986b6 - Path: Assets/_Project/Art/Environment/Cave/Models/OBJ format/template-floor-layer-hole.obj - Importer: PreviewImporter
Importing 'GUID: ba240e48b8b686c47a126d3c22b986b6 - Path: Assets/_Project/Art/Environment/Cave/Models/OBJ format/template-floor-layer-hole.obj - Importer: PreviewImporter' with importer (PreviewImporter)
Imported 'GUID: ba240e48b8b686c47a126d3c22b986b6' -> (Import Result ID: '71642735c753bb9e1b2a30f7deec0436') in 0.110 seconds [static and dynamic dependencies]. Details - ImportResultOutputID=9bfe0a6f3622b9eb5f1c201aea93edee DependenciesID=ed6ea8127c385b3f890a1fed4fcb6c2f StaticDependenciesID=9fe122ca7c313e64d456d80f8be8d293 
Number of updated asset objects reloaded before import = 0
Number of asset objects unloaded after import = 130
========================================================================
Received Import Request.
  Time of request: 2026-08-15T10:34:20.6011273Z
  Time since last request: 0.000064 seconds.
  importAddress: GUID: f788a19613290ee46a315c122424f6e3 - Path: Assets/_Project/Art/Environment/Cave/Models/OBJ format/template-wall-half.obj - Importer: PreviewImporter
Importing 'GUID: f788a19613290ee46a315c122424f6e3 - Path: Assets/_Project/Art/Environment/Cave/Models/OBJ format/template-wall-half.obj - Importer: PreviewImporter' with importer (PreviewImporter)
Imported 'GUID: f788a19613290ee46a315c122424f6e3' -> (Import Result ID: 'f996d982eb9a2104c890d15b046d8d89') in 0.112 seconds [static and dynamic dependencies]. Details - ImportResultOutputID=f76ccf3f53032fa21ea7547f9e3eacec DependenciesID=b654ce7d1b0932028d3dcf8c9fd2dfce StaticDependenciesID=73947349bc93dfdfda8b0a71d13c3bd7 
Number of updated asset objects reloaded before import = 0
Number of asset objects unloaded after import = 130
========================================================================
Received Import Request.
  Time of request: 2026-08-15T10:34:20.7397082Z
  Time since last request: 0.0000589 seconds.
  importAddress: GUID: 44ec86e179b81e9458342b60f9979727 - Path: Assets/_Project/Art/Environment/Cave/Models/OBJ format/room-wide-variation.obj - Importer: PreviewImporter
Importing 'GUID: 44ec86e179b81e9458342b60f9979727 - Path: Assets/_Project/Art/Environment/Cave/Models/OBJ format/room-wide-variation.obj - Importer: PreviewImporter' with importer (PreviewImporter)
Imported 'GUID: 44ec86e179b81e9458342b60f9979727' -> (Import Result ID: '63e56ee519aa32985c7eeac00f1e3071') in 0.103 seconds [static and dynamic dependencies]. Details - ImportResultOutputID=83c8f6b739fcf460da3b823e3ff36899 DependenciesID=3878abbd0f7786ff26b97a793129b8d6 StaticDependenciesID=b55cea1d4818e1ccf5e5d6aa915a002d 
Number of updated asset objects reloaded before import = 0
Number of asset objects unloaded after import = 130
========================================================================
Received Import Request.
  Time of request: 2026-08-15T10:34:20.8701431Z
  Time since last request: 0.0000485 seconds.
  importAddress: GUID: f8ac12288e5ca4e4f8bbd730b58daf1b - Path: Assets/URPDefaultResources/Default_2D_Renderer.asset - Importer: ScriptedImporter/UnityEditor.QuickSearchModule:UnityEditor.Search:ASIAI0B
Importing 'GUID: f8ac12288e5ca4e4f8bbd730b58daf1b - Path: Assets/URPDefaultResources/Default_2D_Renderer.asset - Importer: ScriptedImporter/UnityEditor.QuickSearchModule:UnityEditor.Search:ASIAI0B' with importer (ScriptedImporter : UnityEditor.QuickSearchModule:UnityEditor.Search:ASIAI0B)
Imported 'GUID: f8ac12288e5ca4e4f8bbd730b58daf1b' -> (Import Result ID: '9986c0bbb8f9050385a634018952180c') in 0.035 seconds [static and dynamic dependencies]. Details - ImportResultOutputID=38bc010deecf993421254534ed79f34e DependenciesID=30688365cc9250a791370156a2a7d590 StaticDependenciesID=08f35a7301e552c44452039194f2433c 
Number of updated asset objects reloaded before import = 0
Number of asset objects unloaded after import = 1
========================================================================
Received Import Request.
  Time of request: 2026-08-15T10:34:20.9261154Z
  Time since last request: 0.0006687 seconds.
  importAddress: GUID: 1adc7d46dfb5e604c8b5843e1b744530 - Path: Assets/_Project/Art/Environment/Cave/Models/FBX format/room-large.fbx - Importer: PreviewImporter
Importing 'GUID: 1adc7d46dfb5e604c8b5843e1b744530 - Path: Assets/_Project/Art/Environment/Cave/Models/FBX format/room-large.fbx - Importer: PreviewImporter' with importer (PreviewImporter)
Imported 'GUID: 1adc7d46dfb5e604c8b5843e1b744530' -> (Import Result ID: '77616d26ba537105c27d727f489975b5') in 0.095 seconds [static and dynamic dependencies]. Details - ImportResultOutputID=e389397fdc25e13d2adb4fd1314062dd DependenciesID=082a9d51cd1c28e64b6ec8f498110885 StaticDependenciesID=6368de9203c17e1e30ffa4d9f4164ed6 
Number of updated asset objects reloaded before import = 0
Number of asset objects unloaded after import = 128
========================================================================
Received Import Request.
  Time of request: 2026-08-15T10:34:21.0540357Z
  Time since last request: 0.0000579 seconds.
  importAddress: GUID: 475636928e8fb974cbcd9775cf789c9e - Path: Assets/_Project/Art/Environment/Cave/Models/OBJ format/template-wall-top.obj - Importer: PreviewImporter
Importing 'GUID: 475636928e8fb974cbcd9775cf789c9e - Path: Assets/_Project/Art/Environment/Cave/Models/OBJ format/template-wall-top.obj - Importer: PreviewImporter' with importer (PreviewImporter)
Imported 'GUID: 475636928e8fb974cbcd9775cf789c9e' -> (Import Result ID: '5ef82366213b5df6e251222b4d611ede') in 0.103 seconds [static and dynamic dependencies]. Details - ImportResultOutputID=8f755cba9d7c4e23d3d69cdfb6df1e17 DependenciesID=1cca32e85d44b67583b39dd33cddbf6c StaticDependenciesID=027ad66a9a3bdf947018d50569139562 
Number of updated asset objects reloaded before import = 0
Number of asset objects unloaded after import = 130
========================================================================
Received Import Request.
  Time of request: 2026-08-15T10:34:21.1866616Z
  Time since last request: 0.0000726 seconds.
  importAddress: GUID: 099ba5e76c998864aa711337fafbf131 - Path: Assets/_Project/Art/Environment/Cave/Models/FBX format/template-wall.fbx - Importer: PreviewImporter
Importing 'GUID: 099ba5e76c998864aa711337fafbf131 - Path: Assets/_Project/Art/Environment/Cave/Models/FBX format/template-wall.fbx - Importer: PreviewImporter' with importer (PreviewImporter)
Imported 'GUID: 099ba5e76c998864aa711337fafbf131' -> (Import Result ID: '8a2dc14b73a2b36bbec59fc800146e98') in 0.108 seconds [static and dynamic dependencies]. Details - ImportResultOutputID=f25e166bbb81961c75d9787570508329 DependenciesID=17e2ccc7cf37fb57b7d443465b1266c3 StaticDependenciesID=b50a0255632bbd37dfbe0c2a54aa0a57 
Number of updated asset objects reloaded before import = 0
Number of asset objects unloaded after import = 128
========================================================================
Received Import Request.
  Time of request: 2026-08-15T10:34:21.327197Z
  Time since last request: 0.0000486 seconds.
  importAddress: GUID: 4bf7e5d3c0210fa4a8ee6f52fbc7eb7b - Path: Assets/_Project/Art/Environment/Cave/Models/OBJ format/template-detail.obj - Importer: PreviewImporter
Importing 'GUID: 4bf7e5d3c0210fa4a8ee6f52fbc7eb7b - Path: Assets/_Project/Art/Environment/Cave/Models/OBJ format/template-detail.obj - Importer: PreviewImporter' with importer (PreviewImporter)
Imported 'GUID: 4bf7e5d3c0210fa4a8ee6f52fbc7eb7b' -> (Import Result ID: '325042cd1331bd253a523ea432b2a139') in 0.100 seconds [static and dynamic dependencies]. Details - ImportResultOutputID=843ad4fcde5fca68252e890ea13d4b04 DependenciesID=268bd654d5c506955e12f54a3a1749ca StaticDependenciesID=1f22477a14fd544239870cdef3d7a004 
Number of updated asset objects reloaded before import = 0
Number of asset objects unloaded after import = 130
========================================================================
Received Import Request.
  Time of request: 2026-08-15T10:34:21.4549513Z
  Time since last request: 0.0000502 seconds.
  importAddress: GUID: af97d648d842e044daec3cc7ccd65510 - Path: Assets/_Project/Art/Environment/Cave/Models/FBX format/corridor-wide-intersection.fbx - Importer: PreviewImporter
Importing 'GUID: af97d648d842e044daec3cc7ccd65510 - Path: Assets/_Project/Art/Environment/Cave/Models/FBX format/corridor-wide-intersection.fbx - Importer: PreviewImporter' with importer (PreviewImporter)
Imported 'GUID: af97d648d842e044daec3cc7ccd65510' -> (Import Result ID: '7a308f092670f54e8066eb6ff1dd5286') in 0.097 seconds [static and dynamic dependencies]. Details - ImportResultOutputID=542511f13e6b5fa35383f904a99ea7c3 DependenciesID=274a4d8e97e355c2c8cf81e0b6ae41be StaticDependenciesID=935bb8ce4473e9e0d2a6d16f5ece3638 
Number of updated asset objects reloaded before import = 0
Number of asset objects unloaded after import = 128
========================================================================
Received Import Request.
  Time of request: 2026-08-15T10:34:21.5837027Z
  Time since last request: 0.0000645 seconds.
  importAddress: GUID: 46dff36e0d11b1f48b33cc5beb0fd161 - Path: Assets/_Project/Art/Environment/Cave/Models/FBX format/template-floor-layer.fbx - Importer: PreviewImporter
Importing 'GUID: 46dff36e0d11b1f48b33cc5beb0fd161 - Path: Assets/_Project/Art/Environment/Cave/Models/FBX format/template-floor-layer.fbx - Importer: PreviewImporter' with importer (PreviewImporter)
Imported 'GUID: 46dff36e0d11b1f48b33cc5beb0fd161' -> (Import Result ID: '4ba660e83085e2652a835c8f70b3e07f') in 0.101 seconds [static and dynamic dependencies]. Details - ImportResultOutputID=b75fad812f23ab2b7096d656394a673b DependenciesID=90356bbb2482d983a0a965f86c795a03 StaticDependenciesID=f111e42f5eadea5e8bf3d513145a28ca 
Number of updated asset objects reloaded before import = 0
Number of asset objects unloaded after import = 128
========================================================================
Received Import Request.
  Time of request: 2026-08-15T10:34:21.7159828Z
  Time since last request: 0.000041 seconds.
  importAddress: GUID: 689bcac4dacaaee45b36143d78df5bc8 - Path: Assets/_Project/Art/Environment/Cave/Models/OBJ format/stairs.obj - Importer: PreviewImporter
Importing 'GUID: 689bcac4dacaaee45b36143d78df5bc8 - Path: Assets/_Project/Art/Environment/Cave/Models/OBJ format/stairs.obj - Importer: PreviewImporter' with importer (PreviewImporter)
Imported 'GUID: 689bcac4dacaaee45b36143d78df5bc8' -> (Import Result ID: 'ed8987355579d5240827a87e4aa1bcb5') in 0.105 seconds [static and dynamic dependencies]. Details - ImportResultOutputID=4fe351640873d1ee5f487527f43f2da4 DependenciesID=2e3750b310da58475a787081fc29822a StaticDependenciesID=a179ad4d7c6dc26d1ab95b7b70d52eae 
Number of updated asset objects reloaded before import = 0
Number of asset objects unloaded after import = 130
========================================================================
Received Import Request.
  Time of request: 2026-08-15T10:34:21.8495307Z
  Time since last request: 0.000053 seconds.
  importAddress: GUID: 7fe8d1d1c970ba14cbac4d95bcc00a9d - Path: Assets/_Project/Art/Environment/Cave/Models/FBX format/gate-rock.fbx - Importer: PreviewImporter
Importing 'GUID: 7fe8d1d1c970ba14cbac4d95bcc00a9d - Path: Assets/_Project/Art/Environment/Cave/Models/FBX format/gate-rock.fbx - Importer: PreviewImporter' with importer (PreviewImporter)
Imported 'GUID: 7fe8d1d1c970ba14cbac4d95bcc00a9d' -> (Import Result ID: '9a8c9440fcbdf7656d6b11d71c114c64') in 0.098 seconds [static and dynamic dependencies]. Details - ImportResultOutputID=5f393959312bbdf1177972c6dbd0bd91 DependenciesID=95ffe0dddc4c0b5064c93e234e89db77 StaticDependenciesID=8f92dc817a6db2e88e4af08b0cdceaa7 
Number of updated asset objects reloaded before import = 0
Number of asset objects unloaded after import = 128
========================================================================
Received Import Request.
  Time of request: 2026-08-15T10:34:21.97568Z
  Time since last request: 0.0000979 seconds.
  importAddress: GUID: e175aa03ce8639c41b7f550ca28c8ae3 - Path: Assets/_Project/Art/Environment/Cave/Models/OBJ format/template-wall-corner.obj - Importer: PreviewImporter
Importing 'GUID: e175aa03ce8639c41b7f550ca28c8ae3 - Path: Assets/_Project/Art/Environment/Cave/Models/OBJ format/template-wall-corner.obj - Importer: PreviewImporter' with importer (PreviewImporter)
Imported 'GUID: e175aa03ce8639c41b7f550ca28c8ae3' -> (Import Result ID: '4382a97d51a92ae77578e5431c510588') in 0.101 seconds [static and dynamic dependencies]. Details - ImportResultOutputID=c4dc73ac0092f11c59a19ea7702b214f DependenciesID=8ec0f8145c4bb67f2d8fcd6bc13b5ed7 StaticDependenciesID=6a28466c81307c845c7e2ca323dbc1e0 
Number of updated asset objects reloaded before import = 0
Number of asset objects unloaded after import = 130
========================================================================
Received Prepare
AcceleratorClientConnectionCallback - disconnected - :0
[Licensing::Client] Successfully resolved entitlement details
[Licensing::Client] Successfully resolved entitlement details
Begin MonoManager ReloadAssembly
Refreshing native plugins compatible for Editor in 7.97 ms, found 5 plugins.
Native extension for Android target not found
Native extension for WindowsStandalone target not found
Native extension for WebGL target not found
[Package Manager] Failed to launch server process. Reason: Unity was launched with the -noUpm command-line argument
[Package Manager] Unable to send message (not connected to server process).
[Package Manager] Cannot connect to Unity Package Manager local server
[Package Manager] Failed to launch server process. Reason: Unity was launched with the -noUpm command-line argument
[Package Manager] Unable to send message (not connected to server process).
[Package Manager] Cannot connect to Unity Package Manager local server
ScheduleIndexationOnStartup MainProcess:False IndexOnStartup:True
Mono: successfully reloaded assembly
- Finished resetting the current domain, in  1.577 seconds
Domain Reload Profiling: 3157ms
	BeginReloadAssembly (476ms)
		DisableScriptedObjects (61ms)
		CreateAndSetChildDomain (126ms)
	RebuildCommonClasses (16ms)
	RebuildNativeTypeToScriptingClass (34ms)
	initialDomainReloadingComplete (160ms)
	LoadAllAssembliesAndSetupDomain (893ms)
		LoadAssemblies (813ms)
		AnalyzeDomain (33ms)
			TypeCache.Refresh (13ms)
			ResolveRequiredComponents (11ms)
	FinalizeReload (1578ms)
		SetupLoadedEditorAssemblies (0ms)
			InitializePlatformSupportModulesInManaged (13ms)
			BeforeProcessingInitializeOnLoad (146ms)
			ProcessInitializeOnLoadAttributes (500ms)
			ProcessInitializeOnLoadMethodAttributes (515ms)
			AfterProcessingInitializeOnLoad (17ms)
		AwakeInstancesAfterBackupRestoration (34ms)
Refreshing native plugins compatible for Editor in 5.72 ms, found 5 plugins.
Unloading 34 Unused Serialized files (Serialized files now loaded: 0)
Unloading 7864 unused Assets / (7.6 MB). Loaded Objects now: 8837.
Memory consumption went from 372.0 MB to 364.4 MB.
Total: 19.615200 ms (FindLiveObjects: 1.308300 ms CreateObjectMapping: 4.226300 ms MarkObjects: 7.955000 ms  DeleteObjects: 6.123800 ms)

Prepare: number of updated asset objects reloaded= 0
EnvironmentDependencyValues requested are different than current active one (requested -> active):
  graphicsApiMask: 2099200 -> 2361344
========================================================================
Received Import Request.
  Time of request: 2026-08-15T10:34:35.6890299Z
  Time since last request: 13.5812178 seconds.
  importAddress: GUID: 0a241a2160fb9e540b5a33f9e2157127 - Path: Assets/_Project/Art/Environment/Cave/Models/OBJ format/template-wall.obj - Importer: PreviewImporter
Importing 'GUID: 0a241a2160fb9e540b5a33f9e2157127 - Path: Assets/_Project/Art/Environment/Cave/Models/OBJ format/template-wall.obj - Importer: PreviewImporter' with importer (PreviewImporter)
Imported 'GUID: 0a241a2160fb9e540b5a33f9e2157127' -> (Import Result ID: '8adf3743b2f7fd7fc2c78d18e51fd4d2') in 0.582 seconds [static and dynamic dependencies]. Details - ImportResultOutputID=5fb2d2695866e589d9251080929df9d1 DependenciesID=307fa8f9ea595cf2ced2943ea1949e03 StaticDependenciesID=2f277528603570d2844548bf0bd36209 
Number of updated asset objects reloaded before import = 0
Number of asset objects unloaded after import = 12
========================================================================
Received Import Request.
  Time of request: 2026-08-15T10:34:36.30018Z
  Time since last request: 0.0003294 seconds.
  importAddress: GUID: 43b008e738d913b45bfe7f89f29a9012 - Path: Assets/_Project/Art/Environment/Cave/Models/OBJ format/room-large.obj - Importer: PreviewImporter
Importing 'GUID: 43b008e738d913b45bfe7f89f29a9012 - Path: Assets/_Project/Art/Environment/Cave/Models/OBJ format/room-large.obj - Importer: PreviewImporter' with importer (PreviewImporter)
Imported 'GUID: 43b008e738d913b45bfe7f89f29a9012' -> (Import Result ID: '4acf0804e6d93ca751da927fd1e4e879') in 0.035 seconds [static and dynamic dependencies]. Details - ImportResultOutputID=0b545b357c373f4b850434dd0422a965 DependenciesID=ea933103da26d7d0cdf4c0bd2c6c7784 StaticDependenciesID=51b1a833c4c41f292f30ec1866861f02 
Number of updated asset objects reloaded before import = 0
Number of asset objects unloaded after import = 12
========================================================================
Received Import Request.
  Time of request: 2026-08-15T10:34:36.3651149Z
  Time since last request: 0.0005569 seconds.
  importAddress: GUID: ad87ba1a9735e6e4db911de89ba6fd9e - Path: Assets/_Project/Art/Environment/Cave/Models/FBX format/template-floor.fbx - Importer: PreviewImporter
Importing 'GUID: ad87ba1a9735e6e4db911de89ba6fd9e - Path: Assets/_Project/Art/Environment/Cave/Models/FBX format/template-floor.fbx - Importer: PreviewImporter' with importer (PreviewImporter)
Imported 'GUID: ad87ba1a9735e6e4db911de89ba6fd9e' -> (Import Result ID: '7a19ffe81dfce48bd8e340d1d267f31c') in 0.027 seconds [static and dynamic dependencies]. Details - ImportResultOutputID=e04413c53d8fbefa88b9a41810f7ebdd DependenciesID=217f5345880788e6e521303b147ef630 StaticDependenciesID=53713de10353a211b3a34ebf9b28b1de 
Number of updated asset objects reloaded before import = 0
Number of asset objects unloaded after import = 10
========================================================================
Received Import Request.
  Time of request: 2026-08-15T10:34:36.4238371Z
  Time since last request: 0.0005334 seconds.
  importAddress: GUID: 4ea0dd9f32bb25f439ec147ec9cb344a - Path: Assets/_Project/Art/Environment/Cave/Models/FBX format/stairs-wide.fbx - Importer: PreviewImporter
Importing 'GUID: 4ea0dd9f32bb25f439ec147ec9cb344a - Path: Assets/_Project/Art/Environment/Cave/Models/FBX format/stairs-wide.fbx - Importer: PreviewImporter' with importer (PreviewImporter)
Imported 'GUID: 4ea0dd9f32bb25f439ec147ec9cb344a' -> (Import Result ID: 'c3cb91ea99270ed8e9c7c310b3fdfc25') in 0.029 seconds [static and dynamic dependencies]. Details - ImportResultOutputID=7d82d7a921c6a6fa805838b01c075592 DependenciesID=5158b6391bb0b8d4dbe4453d0a9b3433 StaticDependenciesID=9908bfca41ad76da393ac90bd732e76b 
Number of updated asset objects reloaded before import = 0
Number of asset objects unloaded after import = 10
========================================================================
Received Import Request.
  Time of request: 2026-08-15T10:34:36.483851Z
  Time since last request: 0.0007463 seconds.
  importAddress: GUID: 2b18ab305161d1547beefdbbf9797211 - Path: Assets/_Project/Art/Environment/Cave/Models/OBJ format/template-floor-detail.obj - Importer: PreviewImporter
Importing 'GUID: 2b18ab305161d1547beefdbbf9797211 - Path: Assets/_Project/Art/Environment/Cave/Models/OBJ format/template-floor-detail.obj - Importer: PreviewImporter' with importer (PreviewImporter)
Imported 'GUID: 2b18ab305161d1547beefdbbf9797211' -> (Import Result ID: '98842c80743610a5b95a7bcfdffddaee') in 0.035 seconds [static and dynamic dependencies]. Details - ImportResultOutputID=dc8b7021ff98625a94ebd50842969da6 DependenciesID=3f9d724f03e40ef1b3bd7614709af6c7 StaticDependenciesID=fc112c05898f89034472329c1f9d4386 
Number of updated asset objects reloaded before import = 0
Number of asset objects unloaded after import = 12
========================================================================
Received Import Request.
  Time of request: 2026-08-15T10:34:36.5501191Z
  Time since last request: 0.0005338 seconds.
  importAddress: GUID: e1a8487569c59ee40bbc024684211c0a - Path: Assets/_Project/Art/Environment/Cave/Models/FBX format/corridor-end.fbx - Importer: PreviewImporter
Importing 'GUID: e1a8487569c59ee40bbc024684211c0a - Path: Assets/_Project/Art/Environment/Cave/Models/FBX format/corridor-end.fbx - Importer: PreviewImporter' with importer (PreviewImporter)
Imported 'GUID: e1a8487569c59ee40bbc024684211c0a' -> (Import Result ID: 'ec5ac192edc4c322638ac3eceee9afd7') in 0.028 seconds [static and dynamic dependencies]. Details - ImportResultOutputID=3a0adb038c255e3d8194ec0f89b77558 DependenciesID=b52ba1c6bb92d382729bee596465a4c0 StaticDependenciesID=a38f910edd5d3c1cb0e02ff12abd2b5a 
Number of updated asset objects reloaded before import = 0
Number of asset objects unloaded after import = 10
========================================================================
Received Import Request.
  Time of request: 2026-08-15T10:34:43.3485214Z
  Time since last request: 6.7357918 seconds.
  importAddress: GUID: b3fce37d2cc4f2b4cbdc09746ab029a5 - Path: Assets/_Project/Art/Environment/Cave/Models/FBX format/corridor.fbx - Importer: PreviewImporter
Importing 'GUID: b3fce37d2cc4f2b4cbdc09746ab029a5 - Path: Assets/_Project/Art/Environment/Cave/Models/FBX format/corridor.fbx - Importer: PreviewImporter' with importer (PreviewImporter)
Imported 'GUID: b3fce37d2cc4f2b4cbdc09746ab029a5' -> (Import Result ID: '7d822687dd5f0e8b645da0393002f790') in 0.031 seconds [static and dynamic dependencies]. Details - ImportResultOutputID=e762351b4bbe44d0a340b13395616900 DependenciesID=b8e1f5479c0e1f02a9576d315eff1c6c StaticDependenciesID=32bda697c33e07d0393a389cf5df6f12 
Number of updated asset objects reloaded before import = 0
Number of asset objects unloaded after import = 10
========================================================================
Received Import Request.
  Time of request: 2026-08-15T10:38:27.8974371Z
  Time since last request: 224.49160910000001 seconds.
  importAddress: GUID: f0164d3427a0fc14f8a3dacfba232876 - Path: Assets/_Project/Art/Environment/Cave/Models/OBJ format/corridor.obj - Importer: PreviewImporter
Importing 'GUID: f0164d3427a0fc14f8a3dacfba232876 - Path: Assets/_Project/Art/Environment/Cave/Models/OBJ format/corridor.obj - Importer: PreviewImporter' with importer (PreviewImporter)
Imported 'GUID: f0164d3427a0fc14f8a3dacfba232876' -> (Import Result ID: '3a7a53aadcddbf910da9f4db7c0f2c10') in 0.050 seconds [static and dynamic dependencies]. Details - ImportResultOutputID=2332864d60ebdb0c93101cecb0f6ac6a DependenciesID=214b01180ee4d4a14cd5097f99d2ea98 StaticDependenciesID=2e8b35c54484b5d5015383160097c07d 
Number of updated asset objects reloaded before import = 0
Number of asset objects unloaded after import = 12
========================================================================
Received Import Request.
  Time of request: 2026-08-15T10:38:27.982257Z
  Time since last request: 0.0007111 seconds.
  importAddress: GUID: 82a9c2d81d50dc340b50146550fc9417 - Path: Assets/_Project/Art/Environment/Cave/Models/OBJ format/corridor-wide-corner.obj - Importer: PreviewImporter
Importing 'GUID: 82a9c2d81d50dc340b50146550fc9417 - Path: Assets/_Project/Art/Environment/Cave/Models/OBJ format/corridor-wide-corner.obj - Importer: PreviewImporter' with importer (PreviewImporter)
Imported 'GUID: 82a9c2d81d50dc340b50146550fc9417' -> (Import Result ID: 'f2c2c5c990f1b8715f75f7b5fe694ef2') in 0.046 seconds [static and dynamic dependencies]. Details - ImportResultOutputID=11433905209ab1bd5150ed1056152802 DependenciesID=c544863ba3b27b3d76717b7761474f9d StaticDependenciesID=e1ad5ed88cf03f653c93d87c1a606fe5 
Number of updated asset objects reloaded before import = 0
Number of asset objects unloaded after import = 12
========================================================================
Received Import Request.
  Time of request: 2026-08-15T10:38:28.0595951Z
  Time since last request: 0.0006295 seconds.
  importAddress: GUID: adafc19f3a8f13542bb507ed0ceff721 - Path: Assets/_Project/Art/Environment/Cave/Models/OBJ format/corridor-wide-junction.obj - Importer: PreviewImporter
Importing 'GUID: adafc19f3a8f13542bb507ed0ceff721 - Path: Assets/_Project/Art/Environment/Cave/Models/OBJ format/corridor-wide-junction.obj - Importer: PreviewImporter' with importer (PreviewImporter)
Imported 'GUID: adafc19f3a8f13542bb507ed0ceff721' -> (Import Result ID: 'ca2d3d764fb0c6c583533919dbec5129') in 0.046 seconds [static and dynamic dependencies]. Details - ImportResultOutputID=1fc1816d9cacce5a5f70b8485e710246 DependenciesID=fc1f25792d78d3a1f7faf5ab3f6c397c StaticDependenciesID=7ab9c8dd15f8849dbe1d113510776887 
Number of updated asset objects reloaded before import = 0
Number of asset objects unloaded after import = 12
========================================================================
Received Import Request.
  Time of request: 2026-08-15T10:38:28.1349948Z
  Time since last request: 0.0008931 seconds.
  importAddress: GUID: f1d74daafd72f45449ab3c427464b989 - Path: Assets/_Project/Art/Environment/Cave/Models/OBJ format/gate-metal-bars.obj - Importer: PreviewImporter
Importing 'GUID: f1d74daafd72f45449ab3c427464b989 - Path: Assets/_Project/Art/Environment/Cave/Models/OBJ format/gate-metal-bars.obj - Importer: PreviewImporter' with importer (PreviewImporter)
Imported 'GUID: f1d74daafd72f45449ab3c427464b989' -> (Import Result ID: '6a4f2a524502d0ae6328952e8c5361b1') in 0.053 seconds [static and dynamic dependencies]. Details - ImportResultOutputID=3f8c61e6ae03f0de671105ba61958495 DependenciesID=22a44d9526cd121eb97224fe015578cb StaticDependenciesID=2fc457acaeb72870d832cd322b7e9f91 
Number of updated asset objects reloaded before import = 0
Number of asset objects unloaded after import = 17
========================================================================
Received Import Request.
  Time of request: 2026-08-15T10:38:28.2192161Z
  Time since last request: 0.00089 seconds.
  importAddress: GUID: 4686828c1814c404e9eeb57e46575e60 - Path: Assets/_Project/Art/Environment/Cave/Models/OBJ format/corridor-wide-end.obj - Importer: PreviewImporter
Importing 'GUID: 4686828c1814c404e9eeb57e46575e60 - Path: Assets/_Project/Art/Environment/Cave/Models/OBJ format/corridor-wide-end.obj - Importer: PreviewImporter' with importer (PreviewImporter)
Imported 'GUID: 4686828c1814c404e9eeb57e46575e60' -> (Import Result ID: '77490180e24282176b6f13f52b03fa5e') in 0.032 seconds [static and dynamic dependencies]. Details - ImportResultOutputID=20e929e902306ef66c102db36e8c49d9 DependenciesID=7e17ee8bce5d52321b038951b9231117 StaticDependenciesID=08c40f2b209e497d750fd6e703227153 
Number of updated asset objects reloaded before import = 0
Number of asset objects unloaded after import = 12
========================================================================
Received Import Request.
  Time of request: 2026-08-15T10:38:28.2773178Z
  Time since last request: 0.0007809 seconds.
  importAddress: GUID: 1e4b0b42cbb36154082849c28ebb9993 - Path: Assets/_Project/Art/Environment/Cave/Models/OBJ format/gate-rock.obj - Importer: PreviewImporter
Importing 'GUID: 1e4b0b42cbb36154082849c28ebb9993 - Path: Assets/_Project/Art/Environment/Cave/Models/OBJ format/gate-rock.obj - Importer: PreviewImporter' with importer (PreviewImporter)
Imported 'GUID: 1e4b0b42cbb36154082849c28ebb9993' -> (Import Result ID: 'efd87620910b5bf8d487653056c1b0bc') in 0.033 seconds [static and dynamic dependencies]. Details - ImportResultOutputID=a668aa4d620032b1ee54d006d30b72d5 DependenciesID=3b4d87b45a99e3d55a814b07fa8bfb8a StaticDependenciesID=df522a464e3adeb3528b7a3bbae3ff15 
Number of updated asset objects reloaded before import = 0
Number of asset objects unloaded after import = 12
========================================================================
Received Import Request.
  Time of request: 2026-08-15T10:38:28.3377941Z
  Time since last request: 0.0006265 seconds.
  importAddress: GUID: 9e1bf40a2cde7b447917dd1e00a0aa5c - Path: Assets/_Project/Art/Environment/Cave/Models/OBJ format/gate.obj - Importer: PreviewImporter
Importing 'GUID: 9e1bf40a2cde7b447917dd1e00a0aa5c - Path: Assets/_Project/Art/Environment/Cave/Models/OBJ format/gate.obj - Importer: PreviewImporter' with importer (PreviewImporter)
Imported 'GUID: 9e1bf40a2cde7b447917dd1e00a0aa5c' -> (Import Result ID: 'a0c09a73907aa68ab77d08b6c6f7ed90') in 0.033 seconds [static and dynamic dependencies]. Details - ImportResultOutputID=3de9ae2d64e968639670f2469fa2c7ed DependenciesID=4e5611a095a03ef8343829fa88832cc7 StaticDependenciesID=8926b2240f492c09911c333f8d45b69e 
Number of updated asset objects reloaded before import = 0
Number of asset objects unloaded after import = 12
========================================================================
Received Import Request.
  Time of request: 2026-08-15T10:38:28.3995171Z
  Time since last request: 0.0004398 seconds.
  importAddress: GUID: ebaee5bb0832b974a96337b62d5282b9 - Path: Assets/_Project/Art/Environment/Cave/Models/OBJ format/corridor-junction.obj - Importer: PreviewImporter
Importing 'GUID: ebaee5bb0832b974a96337b62d5282b9 - Path: Assets/_Project/Art/Environment/Cave/Models/OBJ format/corridor-junction.obj - Importer: PreviewImporter' with importer (PreviewImporter)
Imported 'GUID: ebaee5bb0832b974a96337b62d5282b9' -> (Import Result ID: 'bfb48ed381201c72573e11dfa8c5d001') in 0.035 seconds [static and dynamic dependencies]. Details - ImportResultOutputID=5e65a23a58aba89bb0cb84b724dadda0 DependenciesID=43019452d242d27b17e928fb0a6503d4 StaticDependenciesID=62ce4bc36f82fd0667ffd62f96cd0438 
Number of updated asset objects reloaded before import = 0
Number of asset objects unloaded after import = 12
========================================================================
Received Import Request.
  Time of request: 2026-08-15T10:38:28.465268Z
  Time since last request: 0.0005717 seconds.
  importAddress: GUID: 3ec9a1406ea468845b687d3eccbe1013 - Path: Assets/_Project/Art/Environment/Cave/Models/OBJ format/corridor-wide.obj - Importer: PreviewImporter
Importing 'GUID: 3ec9a1406ea468845b687d3eccbe1013 - Path: Assets/_Project/Art/Environment/Cave/Models/OBJ format/corridor-wide.obj - Importer: PreviewImporter' with importer (PreviewImporter)
Imported 'GUID: 3ec9a1406ea468845b687d3eccbe1013' -> (Import Result ID: '49d79643dbc3c590d0e5ee25dfd93231') in 0.033 seconds [static and dynamic dependencies]. Details - ImportResultOutputID=79083b68e19d04f6ba11f2897415e9a8 DependenciesID=e12d90062b76df061c15893014e035bf StaticDependenciesID=2426242031a14ed098bef8d650377b5a 
Number of updated asset objects reloaded before import = 0
Number of asset objects unloaded after import = 12
========================================================================
Received Prepare
AcceleratorClientConnectionCallback - disconnected - :0
Refreshing native plugins compatible for Editor in 5.28 ms, found 5 plugins.
Unloading 34 Unused Serialized files (Serialized files now loaded: 0)
Unloading 7840 unused Assets / (8.4 MB). Loaded Objects now: 8923.
Memory consumption went from 375.2 MB to 366.8 MB.
Total: 24.082800 ms (FindLiveObjects: 1.184200 ms CreateObjectMapping: 3.557300 ms MarkObjects: 12.824500 ms  DeleteObjects: 6.515400 ms)

Prepare: number of updated asset objects reloaded= 0
EnvironmentDependencyValues requested are different than current active one (requested -> active):
  graphicsApiMask: 2099200 -> 2361344
========================================================================
Received Import Request.
  Time of request: 2026-08-15T10:38:52.6878802Z
  Time since last request: 24.1612331 seconds.
  importAddress: GUID: 01a15c26d54412b4595ac64e44bb824b - Path: Assets/URPDefaultResources - Importer: ScriptedImporter/UnityEditor.QuickSearchModule:UnityEditor.Search:ASIAI0B
Importing 'GUID: 01a15c26d54412b4595ac64e44bb824b - Path: Assets/URPDefaultResources - Importer: ScriptedImporter/UnityEditor.QuickSearchModule:UnityEditor.Search:ASIAI0B' with importer (ScriptedImporter : UnityEditor.QuickSearchModule:UnityEditor.Search:ASIAI0B)
Imported 'GUID: 01a15c26d54412b4595ac64e44bb824b' -> (Import Result ID: '5a6884388529915bdb7a40d601abd6cb') in 0.298 seconds [static and dynamic dependencies]. Details - ImportResultOutputID=55986de821cc0c16767c5c407d8b5f32 DependenciesID=b45d63b51a2bcbcc2f6b073d2f931830 StaticDependenciesID=1cd75df624e69eed74f166b281f2acca 
Number of updated asset objects reloaded before import = 0
Number of asset objects unloaded after import = 1
========================================================================
Received Prepare
AcceleratorClientConnectionCallback - disconnected - :0
Refreshing native plugins compatible for Editor in 7.34 ms, found 5 plugins.
Unloading 34 Unused Serialized files (Serialized files now loaded: 0)
Unloading 7839 unused Assets / (3.5 MB). Loaded Objects now: 8922.
Memory consumption went from 376.5 MB to 373.0 MB.
Total: 31.301000 ms (FindLiveObjects: 1.527500 ms CreateObjectMapping: 7.957000 ms MarkObjects: 15.405100 ms  DeleteObjects: 6.409600 ms)

Prepare: number of updated asset objects reloaded= 0
EnvironmentDependencyValues requested are different than current active one (requested -> active):
  graphicsApiMask: 2099200 -> 2361344
========================================================================
Received Prepare
AcceleratorClientConnectionCallback - disconnected - :0
Refreshing native plugins compatible for Editor in 5.04 ms, found 5 plugins.
Unloading 34 Unused Serialized files (Serialized files now loaded: 0)
Unloading 7839 unused Assets / (7.8 MB). Loaded Objects now: 8922.
Memory consumption went from 376.7 MB to 368.8 MB.
Total: 24.379100 ms (FindLiveObjects: 1.223200 ms CreateObjectMapping: 3.443700 ms MarkObjects: 12.128600 ms  DeleteObjects: 7.582100 ms)

Prepare: number of updated asset objects reloaded= 0
EnvironmentDependencyValues requested are different than current active one (requested -> active):
  graphicsApiMask: 2099200 -> 2361344
========================================================================
Received Import Request.
  Time of request: 2026-08-15T10:42:04.1293246Z
  Time since last request: 190.82836330000001 seconds.
  importAddress: GUID: 14ff13426137b134abfcc2100fc19f8b - Path: Assets/_Project/Scripts/Characters/HeroController.cs - Importer: ScriptedImporter/UnityEditor.QuickSearchModule:UnityEditor.Search:ASIAI0B
Importing 'GUID: 14ff13426137b134abfcc2100fc19f8b - Path: Assets/_Project/Scripts/Characters/HeroController.cs - Importer: ScriptedImporter/UnityEditor.QuickSearchModule:UnityEditor.Search:ASIAI0B' with importer (ScriptedImporter : UnityEditor.QuickSearchModule:UnityEditor.Search:ASIAI0B)
Imported 'GUID: 14ff13426137b134abfcc2100fc19f8b' -> (Import Result ID: '41a9230c2b8b0b0531795493b79cedc1') in 0.117 seconds [static and dynamic dependencies]. Details - ImportResultOutputID=77293692043bb446c9c758c4773ae0d0 DependenciesID=24ab73ce8292efb599074f1e261fe5c2 StaticDependenciesID=ad778f8ba073a08a52bc759887f20dcc 
Number of updated asset objects reloaded before import = 0
Number of asset objects unloaded after import = 0
========================================================================
Received Prepare
AcceleratorClientConnectionCallback - disconnected - :0
Refreshing native plugins compatible for Editor in 5.14 ms, found 5 plugins.
Unloading 34 Unused Serialized files (Serialized files now loaded: 0)
Unloading 7839 unused Assets / (8.0 MB). Loaded Objects now: 8922.
Memory consumption went from 376.7 MB to 368.7 MB.
Total: 22.721000 ms (FindLiveObjects: 1.244400 ms CreateObjectMapping: 3.574600 ms MarkObjects: 11.161600 ms  DeleteObjects: 6.739100 ms)

Prepare: number of updated asset objects reloaded= 0
EnvironmentDependencyValues requested are different than current active one (requested -> active):
  graphicsApiMask: 2099200 -> 2361344
========================================================================
Received Prepare
AcceleratorClientConnectionCallback - disconnected - :0
[Licensing::Client] Successfully resolved entitlement details
[Licensing::Client] Successfully resolved entitlement details
Begin MonoManager ReloadAssembly
Refreshing native plugins compatible for Editor in 5.27 ms, found 5 plugins.
Native extension for Android target not found
Native extension for WindowsStandalone target not found
Native extension for WebGL target not found
[Package Manager] Failed to launch server process. Reason: Unity was launched with the -noUpm command-line argument
[Package Manager] Unable to send message (not connected to server process).
[Package Manager] Cannot connect to Unity Package Manager local server
[Package Manager] Failed to launch server process. Reason: Unity was launched with the -noUpm command-line argument
[Package Manager] Unable to send message (not connected to server process).
[Package Manager] Cannot connect to Unity Package Manager local server
ScheduleIndexationOnStartup MainProcess:False IndexOnStartup:True
Mono: successfully reloaded assembly
- Finished resetting the current domain, in  1.151 seconds
Domain Reload Profiling: 3142ms
	BeginReloadAssembly (505ms)
		DisableScriptedObjects (115ms)
		CreateAndSetChildDomain (109ms)
	RebuildCommonClasses (16ms)
	RebuildNativeTypeToScriptingClass (29ms)
	initialDomainReloadingComplete (140ms)
	LoadAllAssembliesAndSetupDomain (1300ms)
		LoadAssemblies (876ms)
		AnalyzeDomain (404ms)
			TypeCache.Refresh (25ms)
			BuildScriptInfoCaches (369ms)
			ResolveRequiredComponents (7ms)
	FinalizeReload (1153ms)
		SetupLoadedEditorAssemblies (0ms)
			InitializePlatformSupportModulesInManaged (12ms)
			BeforeProcessingInitializeOnLoad (138ms)
			ProcessInitializeOnLoadAttributes (417ms)
			ProcessInitializeOnLoadMethodAttributes (194ms)
			AfterProcessingInitializeOnLoad (14ms)
		AwakeInstancesAfterBackupRestoration (48ms)
Refreshing native plugins compatible for Editor in 5.90 ms, found 5 plugins.
Unloading 34 Unused Serialized files (Serialized files now loaded: 0)
Unloading 7857 unused Assets / (7.5 MB). Loaded Objects now: 8852.
Memory consumption went from 381.0 MB to 373.4 MB.
Total: 17.623400 ms (FindLiveObjects: 1.274400 ms CreateObjectMapping: 3.603200 ms MarkObjects: 7.435500 ms  DeleteObjects: 5.308900 ms)

Prepare: number of updated asset objects reloaded= 0
EnvironmentDependencyValues requested are different than current active one (requested -> active):
  graphicsApiMask: 2099200 -> 2361344
========================================================================
Received Prepare
AcceleratorClientConnectionCallback - disconnected - :0
[Licensing::Client] Successfully resolved entitlement details
[Licensing::Client] Successfully resolved entitlement details
Begin MonoManager ReloadAssembly
Refreshing native plugins compatible for Editor in 5.39 ms, found 5 plugins.
Native extension for Android target not found
Native extension for WindowsStandalone target not found
Native extension for WebGL target not found
[Package Manager] Failed to launch server process. Reason: Unity was launched with the -noUpm command-line argument
[Package Manager] Unable to send message (not connected to server process).
[Package Manager] Cannot connect to Unity Package Manager local server
[Package Manager] Failed to launch server process. Reason: Unity was launched with the -noUpm command-line argument
[Package Manager] Unable to send message (not connected to server process).
[Package Manager] Cannot connect to Unity Package Manager local server
ScheduleIndexationOnStartup MainProcess:False IndexOnStartup:True
Mono: successfully reloaded assembly
- Finished resetting the current domain, in  1.402 seconds
Domain Reload Profiling: 2832ms
	BeginReloadAssembly (451ms)
		DisableScriptedObjects (68ms)
		CreateAndSetChildDomain (94ms)
	RebuildCommonClasses (13ms)
	RebuildNativeTypeToScriptingClass (31ms)
	initialDomainReloadingComplete (152ms)
	LoadAllAssembliesAndSetupDomain (781ms)
		LoadAssemblies (741ms)
		AnalyzeDomain (28ms)
			TypeCache.Refresh (14ms)
			ResolveRequiredComponents (8ms)
	FinalizeReload (1404ms)
		SetupLoadedEditorAssemblies (0ms)
			InitializePlatformSupportModulesInManaged (12ms)
			BeforeProcessingInitializeOnLoad (144ms)
			ProcessInitializeOnLoadAttributes (553ms)
			ProcessInitializeOnLoadMethodAttributes (260ms)
			AfterProcessingInitializeOnLoad (17ms)
		AwakeInstancesAfterBackupRestoration (57ms)
Refreshing native plugins compatible for Editor in 6.50 ms, found 5 plugins.
Unloading 34 Unused Serialized files (Serialized files now loaded: 0)
Unloading 7857 unused Assets / (7.6 MB). Loaded Objects now: 8855.
Memory consumption went from 380.8 MB to 373.2 MB.
Total: 23.800600 ms (FindLiveObjects: 1.532000 ms CreateObjectMapping: 5.250900 ms MarkObjects: 10.199500 ms  DeleteObjects: 6.816800 ms)

Prepare: number of updated asset objects reloaded= 0
EnvironmentDependencyValues requested are different than current active one (requested -> active):
  graphicsApiMask: 2099200 -> 2361344
========================================================================
Received Prepare
AcceleratorClientConnectionCallback - disconnected - :0
Refreshing native plugins compatible for Editor in 5.17 ms, found 5 plugins.
Unloading 34 Unused Serialized files (Serialized files now loaded: 0)
Unloading 7839 unused Assets / (7.9 MB). Loaded Objects now: 8855.
Memory consumption went from 381.0 MB to 373.1 MB.
Total: 21.426700 ms (FindLiveObjects: 1.196400 ms CreateObjectMapping: 4.205800 ms MarkObjects: 10.041500 ms  DeleteObjects: 5.981400 ms)

Prepare: number of updated asset objects reloaded= 0
EnvironmentDependencyValues requested are different than current active one (requested -> active):
  graphicsApiMask: 2099200 -> 2361344
========================================================================
Received Import Request.
  Time of request: 2026-08-15T10:44:50.389738Z
  Time since last request: 166.10338200000001 seconds.
  importAddress: GUID: c1ce86cfbe0703c4d80038a21ad77ad2 - Path: Assets/_Project/Scripts/Grid/Entities/Entity.cs - Importer: PreviewImporter
Importing 'GUID: c1ce86cfbe0703c4d80038a21ad77ad2 - Path: Assets/_Project/Scripts/Grid/Entities/Entity.cs - Importer: PreviewImporter' with importer (PreviewImporter)
Imported 'GUID: c1ce86cfbe0703c4d80038a21ad77ad2' -> (Import Result ID: 'eaae1fa9a7aa48632f74446466b362d9') in 0.002 seconds [static and dynamic dependencies]. Details - ImportResultOutputID=f8642b70cd4a5a9c3323e37bdfb128b5 DependenciesID=f0266e1545badcee3e6b21846e9f211b StaticDependenciesID=7a0d6abe75ae65af7f2449b131961718 
Number of updated asset objects reloaded before import = 0
Number of asset objects unloaded after import = 0
========================================================================
Received Prepare
AcceleratorClientConnectionCallback - disconnected - :0
Refreshing native plugins compatible for Editor in 8.99 ms, found 5 plugins.
Unloading 34 Unused Serialized files (Serialized files now loaded: 0)
Unloading 7839 unused Assets / (7.2 MB). Loaded Objects now: 8855.
Memory consumption went from 380.9 MB to 373.7 MB.
Total: 25.460600 ms (FindLiveObjects: 1.435700 ms CreateObjectMapping: 4.866300 ms MarkObjects: 11.798800 ms  DeleteObjects: 7.358400 ms)

Prepare: number of updated asset objects reloaded= 0
EnvironmentDependencyValues requested are different than current active one (requested -> active):
  graphicsApiMask: 2099200 -> 2361344
========================================================================
Received Prepare
AcceleratorClientConnectionCallback - disconnected - :0
Refreshing native plugins compatible for Editor in 19.53 ms, found 5 plugins.
Unloading 34 Unused Serialized files (Serialized files now loaded: 0)
Unloading 7839 unused Assets / (6.4 MB). Loaded Objects now: 8855.
Memory consumption went from 381.0 MB to 374.7 MB.
Total: 127.735800 ms (FindLiveObjects: 14.095000 ms CreateObjectMapping: 81.786100 ms MarkObjects: 21.185300 ms  DeleteObjects: 10.667700 ms)

Prepare: number of updated asset objects reloaded= 0
EnvironmentDependencyValues requested are different than current active one (requested -> active):
  graphicsApiMask: 2099200 -> 2361344
========================================================================
Received Import Request.
  Time of request: 2026-08-15T10:45:52.0855594Z
  Time since last request: 61.6690315 seconds.
  importAddress: GUID: c1ce86cfbe0703c4d80038a21ad77ad2 - Path: Assets/_Project/Scripts/Grid/Entities/Entity.cs - Importer: PreviewImporter
Importing 'GUID: c1ce86cfbe0703c4d80038a21ad77ad2 - Path: Assets/_Project/Scripts/Grid/Entities/Entity.cs - Importer: PreviewImporter' with importer (PreviewImporter)
Imported 'GUID: c1ce86cfbe0703c4d80038a21ad77ad2' -> (Import Result ID: '2201f9fc244b62355451fe71b3f7ab69') in 0.001 seconds [static and dynamic dependencies]. Details - ImportResultOutputID=f8642b70cd4a5a9c3323e37bdfb128b5 DependenciesID=5f05728585508fb5a3bda3b4f57ac39f StaticDependenciesID=999e37921460f3bd808241ccc5c48e90 
Number of updated asset objects reloaded before import = 0
Number of asset objects unloaded after import = 0
========================================================================
Received Prepare
AcceleratorClientConnectionCallback - disconnected - :0
Refreshing native plugins compatible for Editor in 4.58 ms, found 5 plugins.
Unloading 34 Unused Serialized files (Serialized files now loaded: 0)
Unloading 7839 unused Assets / (7.3 MB). Loaded Objects now: 8855.
Memory consumption went from 380.6 MB to 373.3 MB.
Total: 17.715500 ms (FindLiveObjects: 1.150000 ms CreateObjectMapping: 3.479000 ms MarkObjects: 8.267100 ms  DeleteObjects: 4.818200 ms)

Prepare: number of updated asset objects reloaded= 0
EnvironmentDependencyValues requested are different than current active one (requested -> active):
  graphicsApiMask: 2099200 -> 2361344
========================================================================
Received Import Request.
  Time of request: 2026-08-15T10:46:30.4989026Z
  Time since last request: 38.3813794 seconds.
  importAddress: GUID: c1ce86cfbe0703c4d80038a21ad77ad2 - Path: Assets/_Project/Scripts/Grid/Entities/Entity.cs - Importer: PreviewImporter
Importing 'GUID: c1ce86cfbe0703c4d80038a21ad77ad2 - Path: Assets/_Project/Scripts/Grid/Entities/Entity.cs - Importer: PreviewImporter' with importer (PreviewImporter)
Imported 'GUID: c1ce86cfbe0703c4d80038a21ad77ad2' -> (Import Result ID: '00000000000000000000000000000000') in 0.001 seconds
Import Error Code:(4)
Message: Build asset version error: assets/_project/scripts/grid/entities/entity.cs in SourceAssetDB has modification time of '2026-08-15T10:46:29.843419Z' while content on disk has modification time of '2026-08-15T10:46:30.4404608Z'
  ERROR: Build asset version error: assets/_project/scripts/grid/entities/entity.cs in SourceAssetDB has modification time of '2026-08-15T10:46:29.843419Z' while content on disk has modification time of '2026-08-15T10:46:30.4404608Z'
Number of updated asset objects reloaded before import = 0
Number of asset objects unloaded after import = 0
========================================================================
Received Import Request.
  Time of request: 2026-08-15T10:46:30.8451237Z
  Time since last request: 0.3208256 seconds.
  importAddress: GUID: c1ce86cfbe0703c4d80038a21ad77ad2 - Path: Assets/_Project/Scripts/Grid/Entities/Entity.cs - Importer: PreviewImporter
Importing 'GUID: c1ce86cfbe0703c4d80038a21ad77ad2 - Path: Assets/_Project/Scripts/Grid/Entities/Entity.cs - Importer: PreviewImporter' with importer (PreviewImporter)
Imported 'GUID: c1ce86cfbe0703c4d80038a21ad77ad2' -> (Import Result ID: '50dba260349f6badfe990b3c6c527007') in 0.001 seconds [static and dynamic dependencies]. Details - ImportResultOutputID=f8642b70cd4a5a9c3323e37bdfb128b5 DependenciesID=6ffe90c705f5582c5ccda5ad57bbfb90 StaticDependenciesID=f9e6bd194d398ee97bbc48208b4ca8d3 
Number of updated asset objects reloaded before import = 0
Number of asset objects unloaded after import = 0
========================================================================
Received Prepare
AcceleratorClientConnectionCallback - disconnected - :0
Refreshing native plugins compatible for Editor in 8.11 ms, found 5 plugins.
Unloading 34 Unused Serialized files (Serialized files now loaded: 0)
Unloading 7839 unused Assets / (7.8 MB). Loaded Objects now: 8855.
Memory consumption went from 380.3 MB to 372.5 MB.
Total: 25.591100 ms (FindLiveObjects: 3.247300 ms CreateObjectMapping: 3.671900 ms MarkObjects: 11.628400 ms  DeleteObjects: 7.041700 ms)

Prepare: number of updated asset objects reloaded= 0
EnvironmentDependencyValues requested are different than current active one (requested -> active):
  graphicsApiMask: 2099200 -> 2361344
========================================================================
Received Prepare
AcceleratorClientConnectionCallback - disconnected - :0
Refreshing native plugins compatible for Editor in 6.76 ms, found 5 plugins.
Unloading 34 Unused Serialized files (Serialized files now loaded: 0)
Unloading 7839 unused Assets / (6.9 MB). Loaded Objects now: 8855.
Memory consumption went from 380.5 MB to 373.6 MB.
Total: 34.051600 ms (FindLiveObjects: 1.676700 ms CreateObjectMapping: 6.591400 ms MarkObjects: 15.821800 ms  DeleteObjects: 9.960100 ms)

Prepare: number of updated asset objects reloaded= 0
EnvironmentDependencyValues requested are different than current active one (requested -> active):
  graphicsApiMask: 2099200 -> 2361344
========================================================================
Received Prepare
AcceleratorClientConnectionCallback - disconnected - :0
Refreshing native plugins compatible for Editor in 6.15 ms, found 5 plugins.
Unloading 34 Unused Serialized files (Serialized files now loaded: 0)
Unloading 7839 unused Assets / (7.8 MB). Loaded Objects now: 8855.
Memory consumption went from 380.6 MB to 372.8 MB.
Total: 21.117600 ms (FindLiveObjects: 1.162300 ms CreateObjectMapping: 3.457600 ms MarkObjects: 11.023400 ms  DeleteObjects: 5.473100 ms)

Prepare: number of updated asset objects reloaded= 0
EnvironmentDependencyValues requested are different than current active one (requested -> active):
  graphicsApiMask: 2099200 -> 2361344
========================================================================
Received Prepare
AcceleratorClientConnectionCallback - disconnected - :0
[Licensing::Client] Successfully resolved entitlement details
[Licensing::Client] Successfully resolved entitlement details
Begin MonoManager ReloadAssembly
Refreshing native plugins compatible for Editor in 5.61 ms, found 5 plugins.
Native extension for Android target not found
Native extension for WindowsStandalone target not found
Native extension for WebGL target not found
[Package Manager] Failed to launch server process. Reason: Unity was launched with the -noUpm command-line argument
[Package Manager] Unable to send message (not connected to server process).
[Package Manager] Cannot connect to Unity Package Manager local server
[Package Manager] Failed to launch server process. Reason: Unity was launched with the -noUpm command-line argument
[Package Manager] Unable to send message (not connected to server process).
[Package Manager] Cannot connect to Unity Package Manager local server
ScheduleIndexationOnStartup MainProcess:False IndexOnStartup:True
Mono: successfully reloaded assembly
- Finished resetting the current domain, in  1.163 seconds
Domain Reload Profiling: 2938ms
	BeginReloadAssembly (430ms)
		DisableScriptedObjects (62ms)
		CreateAndSetChildDomain (87ms)
	RebuildCommonClasses (13ms)
	RebuildNativeTypeToScriptingClass (25ms)
	initialDomainReloadingComplete (123ms)
	LoadAllAssembliesAndSetupDomain (1183ms)
		LoadAssemblies (701ms)
		AnalyzeDomain (455ms)
			TypeCache.Refresh (21ms)
			BuildScriptInfoCaches (421ms)
			ResolveRequiredComponents (9ms)
	FinalizeReload (1164ms)
		SetupLoadedEditorAssemblies (0ms)
			InitializePlatformSupportModulesInManaged (12ms)
			BeforeProcessingInitializeOnLoad (139ms)
			ProcessInitializeOnLoadAttributes (425ms)
			ProcessInitializeOnLoadMethodAttributes (202ms)
			AfterProcessingInitializeOnLoad (15ms)
		AwakeInstancesAfterBackupRestoration (42ms)
Refreshing native plugins compatible for Editor in 5.61 ms, found 5 plugins.
Unloading 34 Unused Serialized files (Serialized files now loaded: 0)
Unloading 7857 unused Assets / (7.9 MB). Loaded Objects now: 8858.
Memory consumption went from 381.0 MB to 373.1 MB.
Total: 18.752300 ms (FindLiveObjects: 1.298400 ms CreateObjectMapping: 3.774500 ms MarkObjects: 7.462400 ms  DeleteObjects: 6.215900 ms)

Prepare: number of updated asset objects reloaded= 0
EnvironmentDependencyValues requested are different than current active one (requested -> active):
  graphicsApiMask: 2099200 -> 2361344
========================================================================
Received Import Request.
  Time of request: 2026-08-15T10:54:08.0539636Z
  Time since last request: 457.16922520000003 seconds.
  importAddress: GUID: c1ce86cfbe0703c4d80038a21ad77ad2 - Path: Assets/_Project/Scripts/Grid/Entities/Entity.cs - Importer: ScriptedImporter/UnityEditor.QuickSearchModule:UnityEditor.Search:ASIAI0B
Importing 'GUID: c1ce86cfbe0703c4d80038a21ad77ad2 - Path: Assets/_Project/Scripts/Grid/Entities/Entity.cs - Importer: ScriptedImporter/UnityEditor.QuickSearchModule:UnityEditor.Search:ASIAI0B' with importer (ScriptedImporter : UnityEditor.QuickSearchModule:UnityEditor.Search:ASIAI0B)
Imported 'GUID: c1ce86cfbe0703c4d80038a21ad77ad2' -> (Import Result ID: 'dcbc468d9814e8a94e6a57d273dcb98d') in 0.125 seconds [static and dynamic dependencies]. Details - ImportResultOutputID=f015bd21f914696de125c13d640d0b0a DependenciesID=be283256a2beca52b52c7bba72145330 StaticDependenciesID=2f8ee6d4f3886d76fc95d0bda9f1e345 
Number of updated asset objects reloaded before import = 0
Number of asset objects unloaded after import = 0
========================================================================
Received Import Request.
  Time of request: 2026-08-15T10:54:08.204489Z
  Time since last request: 0.0020124 seconds.
  importAddress: GUID: ec0ac95e9016904499dba55a3fd1177e - Path: Assets/_Project/UI/EntityLevelView.cs - Importer: ScriptedImporter/UnityEditor.QuickSearchModule:UnityEditor.Search:ASIAI0B
Importing 'GUID: ec0ac95e9016904499dba55a3fd1177e - Path: Assets/_Project/UI/EntityLevelView.cs - Importer: ScriptedImporter/UnityEditor.QuickSearchModule:UnityEditor.Search:ASIAI0B' with importer (ScriptedImporter : UnityEditor.QuickSearchModule:UnityEditor.Search:ASIAI0B)
Imported 'GUID: ec0ac95e9016904499dba55a3fd1177e' -> (Import Result ID: 'ff819943701ceda80ba26169f74e0d43') in 0.006 seconds [static and dynamic dependencies]. Details - ImportResultOutputID=578a9538702b45ff7bb99c249d30dd74 DependenciesID=961c13f7dd8fdc27aa77bd851b3c58d7 StaticDependenciesID=f36ef54b2993e21ef2f901e21814bbcd 
Number of updated asset objects reloaded before import = 0
Number of asset objects unloaded after import = 0
========================================================================
Received Prepare
AcceleratorClientConnectionCallback - disconnected - :0
Refreshing native plugins compatible for Editor in 4.85 ms, found 5 plugins.
Unloading 34 Unused Serialized files (Serialized files now loaded: 0)
Unloading 7840 unused Assets / (7.1 MB). Loaded Objects now: 8859.
Memory consumption went from 381.0 MB to 373.9 MB.
Total: 21.202100 ms (FindLiveObjects: 1.100400 ms CreateObjectMapping: 3.476100 ms MarkObjects: 11.385100 ms  DeleteObjects: 5.239100 ms)

Prepare: number of updated asset objects reloaded= 0
EnvironmentDependencyValues requested are different than current active one (requested -> active):
  graphicsApiMask: 2099200 -> 2361344
========================================================================
Received Import Request.
  Time of request: 2026-08-15T10:54:10.0209471Z
  Time since last request: 1.7773471 seconds.
  importAddress: GUID: eae6404b8f130e34695baf208a9106f4 - Path: Assets/_Project/Scripts/Combat/Systems/CombatManager.cs - Importer: ScriptedImporter/UnityEditor.QuickSearchModule:UnityEditor.Search:ASIAI0B
Importing 'GUID: eae6404b8f130e34695baf208a9106f4 - Path: Assets/_Project/Scripts/Combat/Systems/CombatManager.cs - Importer: ScriptedImporter/UnityEditor.QuickSearchModule:UnityEditor.Search:ASIAI0B' with importer (ScriptedImporter : UnityEditor.QuickSearchModule:UnityEditor.Search:ASIAI0B)
Imported 'GUID: eae6404b8f130e34695baf208a9106f4' -> (Import Result ID: '4fdee90f313d5f3aa696382c6aa3ecc7') in 0.008 seconds [static and dynamic dependencies]. Details - ImportResultOutputID=4ffcdbd7a21c244e0942df8b957b4c6b DependenciesID=0e0ea4f582708313c3c8f270e77b77be StaticDependenciesID=9c5fc3a0df8bd06b3c2dfa8fdbfd208b 
Number of updated asset objects reloaded before import = 0
Number of asset objects unloaded after import = 0
========================================================================
Received Import Request.
  Time of request: 2026-08-15T10:54:10.0700593Z
  Time since last request: 0.0112764 seconds.
  importAddress: GUID: eae6404b8f130e34695baf208a9106f4 - Path: Assets/_Project/Scripts/Combat/Systems/CombatManager.cs - Importer: PreviewImporter
Importing 'GUID: eae6404b8f130e34695baf208a9106f4 - Path: Assets/_Project/Scripts/Combat/Systems/CombatManager.cs - Importer: PreviewImporter' with importer (PreviewImporter)
Imported 'GUID: eae6404b8f130e34695baf208a9106f4' -> (Import Result ID: 'c00a931a2bb074d5f2a282b83c8cf4f1') in 0.001 seconds [static and dynamic dependencies]. Details - ImportResultOutputID=be084a17695e86c7e2afcc1f291096d8 DependenciesID=e2d0255ff9ee471055edd45f82855075 StaticDependenciesID=7a35adc4cf43ace03583ee9d762f512c 
Number of updated asset objects reloaded before import = 0
Number of asset objects unloaded after import = 0
========================================================================
Received Prepare
AcceleratorClientConnectionCallback - disconnected - :0
Refreshing native plugins compatible for Editor in 6.08 ms, found 5 plugins.
Unloading 34 Unused Serialized files (Serialized files now loaded: 0)
Unloading 7840 unused Assets / (7.8 MB). Loaded Objects now: 8859.
Memory consumption went from 381.0 MB to 373.1 MB.
Total: 19.913500 ms (FindLiveObjects: 1.390400 ms CreateObjectMapping: 3.757100 ms MarkObjects: 8.169500 ms  DeleteObjects: 6.595300 ms)

Prepare: number of updated asset objects reloaded= 0
EnvironmentDependencyValues requested are different than current active one (requested -> active):
  graphicsApiMask: 2099200 -> 2361344
========================================================================
Received Import Request.
  Time of request: 2026-08-15T10:55:02.4645746Z
  Time since last request: 52.3702375 seconds.
  importAddress: GUID: eae6404b8f130e34695baf208a9106f4 - Path: Assets/_Project/Scripts/Combat/Systems/CombatManager.cs - Importer: ScriptedImporter/UnityEditor.QuickSearchModule:UnityEditor.Search:ASIAI0B
Importing 'GUID: eae6404b8f130e34695baf208a9106f4 - Path: Assets/_Project/Scripts/Combat/Systems/CombatManager.cs - Importer: ScriptedImporter/UnityEditor.QuickSearchModule:UnityEditor.Search:ASIAI0B' with importer (ScriptedImporter : UnityEditor.QuickSearchModule:UnityEditor.Search:ASIAI0B)
Imported 'GUID: eae6404b8f130e34695baf208a9106f4' -> (Import Result ID: '05510b8a72d03ac9e8b46af0dec10029') in 0.031 seconds [static and dynamic dependencies]. Details - ImportResultOutputID=a8d587f9d705e7a0601041bccb51f471 DependenciesID=decd7beaa2054860bfb4a9ad0433dc24 StaticDependenciesID=de9f933a731754c077f7bfcc6dbe8529 
Number of updated asset objects reloaded before import = 0
Number of asset objects unloaded after import = 0
========================================================================
Received Prepare
AcceleratorClientConnectionCallback - disconnected - :0
Refreshing native plugins compatible for Editor in 6.97 ms, found 5 plugins.
Unloading 34 Unused Serialized files (Serialized files now loaded: 0)
Unloading 7840 unused Assets / (8.3 MB). Loaded Objects now: 8859.
Memory consumption went from 381.1 MB to 372.8 MB.
Total: 21.694500 ms (FindLiveObjects: 1.479500 ms CreateObjectMapping: 3.863000 ms MarkObjects: 9.456300 ms  DeleteObjects: 6.894700 ms)

Prepare: number of updated asset objects reloaded= 0
EnvironmentDependencyValues requested are different than current active one (requested -> active):
  graphicsApiMask: 2099200 -> 2361344
========================================================================
Received Import Request.
  Time of request: 2026-08-15T10:55:25.7991725Z
  Time since last request: 23.0355455 seconds.
  importAddress: GUID: 56fc003889dba954e9f1d66112ff8fcc - Path: Assets/_Project/Scripts/Combat/Events/HeroDiedEvent.cs - Importer: PreviewImporter
Importing 'GUID: 56fc003889dba954e9f1d66112ff8fcc - Path: Assets/_Project/Scripts/Combat/Events/HeroDiedEvent.cs - Importer: PreviewImporter' with importer (PreviewImporter)
Imported 'GUID: 56fc003889dba954e9f1d66112ff8fcc' -> (Import Result ID: 'a8d88f56e7bd58d475c6d4297f60fd9a') in 0.001 seconds [static and dynamic dependencies]. Details - ImportResultOutputID=3de038c90b4b1c1a073f06023fc9eb34 DependenciesID=1ee0ad6195e1b07c1ce21f8ce62bb2f3 StaticDependenciesID=f6d2529e90d617fc43a146554ee56cb5 
Number of updated asset objects reloaded before import = 0
Number of asset objects unloaded after import = 0
========================================================================
Received Import Request.
  Time of request: 2026-08-15T10:55:26.4924683Z
  Time since last request: 0.6699161 seconds.
  importAddress: GUID: 56fc003889dba954e9f1d66112ff8fcc - Path: Assets/_Project/Scripts/Combat/Events/HeroDiedEvent.cs - Importer: ScriptedImporter/UnityEditor.QuickSearchModule:UnityEditor.Search:ASIAI0B
Importing 'GUID: 56fc003889dba954e9f1d66112ff8fcc - Path: Assets/_Project/Scripts/Combat/Events/HeroDiedEvent.cs - Importer: ScriptedImporter/UnityEditor.QuickSearchModule:UnityEditor.Search:ASIAI0B' with importer (ScriptedImporter : UnityEditor.QuickSearchModule:UnityEditor.Search:ASIAI0B)
Imported 'GUID: 56fc003889dba954e9f1d66112ff8fcc' -> (Import Result ID: 'c22e7cf0b3c541faa475a42c86feeafe') in 0.005 seconds [static and dynamic dependencies]. Details - ImportResultOutputID=668db843f1b1bc85a2eb474b011f61ec DependenciesID=87a23a3aaa67859f3096f02d7c4584ab StaticDependenciesID=017c2986c24caf096918862bbcec4c49 
Number of updated asset objects reloaded before import = 0
Number of asset objects unloaded after import = 0
========================================================================
Received Prepare
AcceleratorClientConnectionCallback - disconnected - :0
Refreshing native plugins compatible for Editor in 5.75 ms, found 5 plugins.
Unloading 34 Unused Serialized files (Serialized files now loaded: 0)
Unloading 7840 unused Assets / (5.5 MB). Loaded Objects now: 8859.
Memory consumption went from 381.0 MB to 375.5 MB.
Total: 32.254100 ms (FindLiveObjects: 1.221400 ms CreateObjectMapping: 4.026900 ms MarkObjects: 17.411100 ms  DeleteObjects: 9.593500 ms)

Prepare: number of updated asset objects reloaded= 0
EnvironmentDependencyValues requested are different than current active one (requested -> active):
  graphicsApiMask: 2099200 -> 2361344
========================================================================
Received Import Request.
  Time of request: 2026-08-15T10:56:56.4042251Z
  Time since last request: 89.8820826 seconds.
  importAddress: GUID: 56fc003889dba954e9f1d66112ff8fcc - Path: Assets/_Project/Scripts/Combat/Events/HeroDiedEvent.cs - Importer: ScriptedImporter/UnityEditor.QuickSearchModule:UnityEditor.Search:ASIAI0B
Importing 'GUID: 56fc003889dba954e9f1d66112ff8fcc - Path: Assets/_Project/Scripts/Combat/Events/HeroDiedEvent.cs - Importer: ScriptedImporter/UnityEditor.QuickSearchModule:UnityEditor.Search:ASIAI0B' with importer (ScriptedImporter : UnityEditor.QuickSearchModule:UnityEditor.Search:ASIAI0B)
Imported 'GUID: 56fc003889dba954e9f1d66112ff8fcc' -> (Import Result ID: 'bddd037b98fbb4bea565c12b41bf2eff') in 0.005 seconds [static and dynamic dependencies]. Details - ImportResultOutputID=e050101d67189f5b86d818b8147c68c1 DependenciesID=ee8f58770411999c7221febb51659711 StaticDependenciesID=b918a9810bd1582292d81af3bc6c01eb 
Number of updated asset objects reloaded before import = 0
Number of asset objects unloaded after import = 0
========================================================================
Received Prepare
AcceleratorClientConnectionCallback - disconnected - :0
Refreshing native plugins compatible for Editor in 7.42 ms, found 5 plugins.
Unloading 34 Unused Serialized files (Serialized files now loaded: 0)
Unloading 7840 unused Assets / (7.7 MB). Loaded Objects now: 8859.
Memory consumption went from 381.1 MB to 373.4 MB.
Total: 21.907600 ms (FindLiveObjects: 1.107500 ms CreateObjectMapping: 4.690700 ms MarkObjects: 9.231400 ms  DeleteObjects: 6.876900 ms)

Prepare: number of updated asset objects reloaded= 0
EnvironmentDependencyValues requested are different than current active one (requested -> active):
  graphicsApiMask: 2099200 -> 2361344
========================================================================
Received Import Request.
  Time of request: 2026-08-15T10:57:55.2757245Z
  Time since last request: 58.8410074 seconds.
  importAddress: GUID: 56fc003889dba954e9f1d66112ff8fcc - Path: Assets/_Project/Scripts/Combat/Events/HeroDiedEvent.cs - Importer: ScriptedImporter/UnityEditor.QuickSearchModule:UnityEditor.Search:ASIAI0B
Importing 'GUID: 56fc003889dba954e9f1d66112ff8fcc - Path: Assets/_Project/Scripts/Combat/Events/HeroDiedEvent.cs - Importer: ScriptedImporter/UnityEditor.QuickSearchModule:UnityEditor.Search:ASIAI0B' with importer (ScriptedImporter : UnityEditor.QuickSearchModule:UnityEditor.Search:ASIAI0B)
Imported 'GUID: 56fc003889dba954e9f1d66112ff8fcc' -> (Import Result ID: 'db8c021e2d8e4ccc4c1e594e9e21b64e') in 0.006 seconds [static and dynamic dependencies]. Details - ImportResultOutputID=581007e8537c2208e4d15e590a627261 DependenciesID=4b50e785a3794763227ce4dd186e0a3a StaticDependenciesID=dc59a4cd1131650bdd8952b3becc404a 
Number of updated asset objects reloaded before import = 0
Number of asset objects unloaded after import = 0
========================================================================
Received Prepare
AcceleratorClientConnectionCallback - disconnected - :0
Refreshing native plugins compatible for Editor in 5.76 ms, found 5 plugins.
Unloading 34 Unused Serialized files (Serialized files now loaded: 0)
Unloading 7840 unused Assets / (7.9 MB). Loaded Objects now: 8859.
Memory consumption went from 381.1 MB to 373.2 MB.
Total: 19.735400 ms (FindLiveObjects: 1.090900 ms CreateObjectMapping: 4.174000 ms MarkObjects: 8.146000 ms  DeleteObjects: 6.323000 ms)

Prepare: number of updated asset objects reloaded= 0
EnvironmentDependencyValues requested are different than current active one (requested -> active):
  graphicsApiMask: 2099200 -> 2361344
========================================================================
Received Import Request.
  Time of request: 2026-08-15T10:59:00.2074518Z
  Time since last request: 64.89859970000001 seconds.
  importAddress: GUID: eae6404b8f130e34695baf208a9106f4 - Path: Assets/_Project/Scripts/Combat/Systems/CombatManager.cs - Importer: ScriptedImporter/UnityEditor.QuickSearchModule:UnityEditor.Search:ASIAI0B
Importing 'GUID: eae6404b8f130e34695baf208a9106f4 - Path: Assets/_Project/Scripts/Combat/Systems/CombatManager.cs - Importer: ScriptedImporter/UnityEditor.QuickSearchModule:UnityEditor.Search:ASIAI0B' with importer (ScriptedImporter : UnityEditor.QuickSearchModule:UnityEditor.Search:ASIAI0B)
Imported 'GUID: eae6404b8f130e34695baf208a9106f4' -> (Import Result ID: 'bf54f1f5723d28a6372071f14a0a6aba') in 0.005 seconds [static and dynamic dependencies]. Details - ImportResultOutputID=215ed9722ec34f629c6f492e22816235 DependenciesID=57d41cb42e5a2c596a7ccaebc1647da8 StaticDependenciesID=f05a73abcb22dbff0fd13ea58b3935ad 
Number of updated asset objects reloaded before import = 0
Number of asset objects unloaded after import = 0
========================================================================
Received Prepare
AcceleratorClientConnectionCallback - disconnected - :0
[Licensing::Client] Successfully resolved entitlement details
[Licensing::Client] Successfully resolved entitlement details
Begin MonoManager ReloadAssembly
Refreshing native plugins compatible for Editor in 5.54 ms, found 5 plugins.
Native extension for Android target not found
Native extension for WindowsStandalone target not found
Native extension for WebGL target not found
[Package Manager] Failed to launch server process. Reason: Unity was launched with the -noUpm command-line argument
[Package Manager] Unable to send message (not connected to server process).
[Package Manager] Cannot connect to Unity Package Manager local server
[Package Manager] Failed to launch server process. Reason: Unity was launched with the -noUpm command-line argument
[Package Manager] Unable to send message (not connected to server process).
[Package Manager] Cannot connect to Unity Package Manager local server
ScheduleIndexationOnStartup MainProcess:False IndexOnStartup:True
Mono: successfully reloaded assembly
- Finished resetting the current domain, in  1.138 seconds
Domain Reload Profiling: 2985ms
	BeginReloadAssembly (471ms)
		DisableScriptedObjects (102ms)
		CreateAndSetChildDomain (94ms)
	RebuildCommonClasses (13ms)
	RebuildNativeTypeToScriptingClass (25ms)
	initialDomainReloadingComplete (141ms)
	LoadAllAssembliesAndSetupDomain (1196ms)
		LoadAssemblies (720ms)
		AnalyzeDomain (450ms)
			TypeCache.Refresh (19ms)
			BuildScriptInfoCaches (421ms)
			ResolveRequiredComponents (7ms)
	FinalizeReload (1139ms)
		SetupLoadedEditorAssemblies (0ms)
			InitializePlatformSupportModulesInManaged (12ms)
			BeforeProcessingInitializeOnLoad (141ms)
			ProcessInitializeOnLoadAttributes (407ms)
			ProcessInitializeOnLoadMethodAttributes (195ms)
			AfterProcessingInitializeOnLoad (15ms)
		AwakeInstancesAfterBackupRestoration (43ms)
Refreshing native plugins compatible for Editor in 6.56 ms, found 5 plugins.
Unloading 34 Unused Serialized files (Serialized files now loaded: 0)
Unloading 7858 unused Assets / (7.3 MB). Loaded Objects now: 8862.
Memory consumption went from 380.8 MB to 373.5 MB.
Total: 17.342200 ms (FindLiveObjects: 1.126500 ms CreateObjectMapping: 3.474600 ms MarkObjects: 7.682400 ms  DeleteObjects: 5.057600 ms)

Prepare: number of updated asset objects reloaded= 0
EnvironmentDependencyValues requested are different than current active one (requested -> active):
  graphicsApiMask: 2099200 -> 2361344
========================================================================
Received Import Request.
  Time of request: 2026-08-15T10:59:43.8804351Z
  Time since last request: 43.6430255 seconds.
  importAddress: GUID: 14ff13426137b134abfcc2100fc19f8b - Path: Assets/_Project/Scripts/Characters/HeroController.cs - Importer: PreviewImporter
Importing 'GUID: 14ff13426137b134abfcc2100fc19f8b - Path: Assets/_Project/Scripts/Characters/HeroController.cs - Importer: PreviewImporter' with importer (PreviewImporter)
Imported 'GUID: 14ff13426137b134abfcc2100fc19f8b' -> (Import Result ID: 'ece086e0cf48ebb355693700263a9977') in 0.001 seconds [static and dynamic dependencies]. Details - ImportResultOutputID=41d87e15c038044e4acd2a515960cf65 DependenciesID=8a3a5ac249172f9ac144a729b5693dff StaticDependenciesID=a35b17af1d2485b7a3d6d9a817ac5355 
Number of updated asset objects reloaded before import = 0
Number of asset objects unloaded after import = 0
========================================================================
Received Prepare
AcceleratorClientConnectionCallback - disconnected - :0
Refreshing native plugins compatible for Editor in 7.35 ms, found 5 plugins.
Unloading 34 Unused Serialized files (Serialized files now loaded: 0)
Unloading 7840 unused Assets / (7.5 MB). Loaded Objects now: 8862.
Memory consumption went from 380.9 MB to 373.5 MB.
Total: 24.364900 ms (FindLiveObjects: 1.420600 ms CreateObjectMapping: 4.952900 ms MarkObjects: 11.334800 ms  DeleteObjects: 6.654800 ms)

Prepare: number of updated asset objects reloaded= 0
EnvironmentDependencyValues requested are different than current active one (requested -> active):
  graphicsApiMask: 2099200 -> 2361344
========================================================================
Received Prepare
AcceleratorClientConnectionCallback - disconnected - :0
Refreshing native plugins compatible for Editor in 7.95 ms, found 5 plugins.
Unloading 34 Unused Serialized files (Serialized files now loaded: 0)
Unloading 7840 unused Assets / (7.1 MB). Loaded Objects now: 8862.
Memory consumption went from 381.1 MB to 374.0 MB.
Total: 23.247700 ms (FindLiveObjects: 1.424900 ms CreateObjectMapping: 4.260700 ms MarkObjects: 9.925600 ms  DeleteObjects: 7.635200 ms)

Prepare: number of updated asset objects reloaded= 0
EnvironmentDependencyValues requested are different than current active one (requested -> active):
  graphicsApiMask: 2099200 -> 2361344
========================================================================
Received Prepare
AcceleratorClientConnectionCallback - disconnected - :0
Refreshing native plugins compatible for Editor in 6.29 ms, found 5 plugins.
Unloading 34 Unused Serialized files (Serialized files now loaded: 0)
Unloading 7840 unused Assets / (7.7 MB). Loaded Objects now: 8862.
Memory consumption went from 381.2 MB to 373.6 MB.
Total: 19.289400 ms (FindLiveObjects: 1.258800 ms CreateObjectMapping: 3.718300 ms MarkObjects: 8.370400 ms  DeleteObjects: 5.940700 ms)

Prepare: number of updated asset objects reloaded= 0
EnvironmentDependencyValues requested are different than current active one (requested -> active):
  graphicsApiMask: 2099200 -> 2361344
========================================================================
Received Import Request.
  Time of request: 2026-08-15T11:03:10.6235958Z
  Time since last request: 206.71833839999999 seconds.
  importAddress: GUID: 14ff13426137b134abfcc2100fc19f8b - Path: Assets/_Project/Scripts/Characters/HeroController.cs - Importer: PreviewImporter
Importing 'GUID: 14ff13426137b134abfcc2100fc19f8b - Path: Assets/_Project/Scripts/Characters/HeroController.cs - Importer: PreviewImporter' with importer (PreviewImporter)
Imported 'GUID: 14ff13426137b134abfcc2100fc19f8b' -> (Import Result ID: 'b27002d95cd737d4c051add5f53a8945') in 0.001 seconds [static and dynamic dependencies]. Details - ImportResultOutputID=41d87e15c038044e4acd2a515960cf65 DependenciesID=984c167efebc490826ca97b879e59651 StaticDependenciesID=330cba978d84e807695daf1593b1f4e2 
Number of updated asset objects reloaded before import = 0
Number of asset objects unloaded after import = 0
========================================================================
Received Prepare
AcceleratorClientConnectionCallback - disconnected - :0
Refreshing native plugins compatible for Editor in 6.62 ms, found 5 plugins.
Unloading 34 Unused Serialized files (Serialized files now loaded: 0)
Unloading 7840 unused Assets / (7.4 MB). Loaded Objects now: 8862.
Memory consumption went from 381.2 MB to 373.9 MB.
Total: 18.014400 ms (FindLiveObjects: 1.175700 ms CreateObjectMapping: 3.422600 ms MarkObjects: 8.421100 ms  DeleteObjects: 4.993900 ms)

Prepare: number of updated asset objects reloaded= 0
EnvironmentDependencyValues requested are different than current active one (requested -> active):
  graphicsApiMask: 2099200 -> 2361344
========================================================================
Received Prepare
AcceleratorClientConnectionCallback - disconnected - :0
Refreshing native plugins compatible for Editor in 5.62 ms, found 5 plugins.
Unloading 34 Unused Serialized files (Serialized files now loaded: 0)
Unloading 7840 unused Assets / (7.4 MB). Loaded Objects now: 8862.
Memory consumption went from 381.4 MB to 373.9 MB.
Total: 17.346200 ms (FindLiveObjects: 1.171700 ms CreateObjectMapping: 3.520600 ms MarkObjects: 7.836900 ms  DeleteObjects: 4.815800 ms)

Prepare: number of updated asset objects reloaded= 0
EnvironmentDependencyValues requested are different than current active one (requested -> active):
  graphicsApiMask: 2099200 -> 2361344
========================================================================
Received Prepare
AcceleratorClientConnectionCallback - disconnected - :0
Refreshing native plugins compatible for Editor in 4.49 ms, found 5 plugins.
Unloading 34 Unused Serialized files (Serialized files now loaded: 0)
Unloading 7840 unused Assets / (7.5 MB). Loaded Objects now: 8862.
Memory consumption went from 381.5 MB to 374.0 MB.
Total: 17.791900 ms (FindLiveObjects: 1.094100 ms CreateObjectMapping: 3.617700 ms MarkObjects: 8.036300 ms  DeleteObjects: 5.042700 ms)

Prepare: number of updated asset objects reloaded= 0
EnvironmentDependencyValues requested are different than current active one (requested -> active):
  graphicsApiMask: 2099200 -> 2361344
========================================================================
Received Prepare
AcceleratorClientConnectionCallback - disconnected - :0
[Licensing::Client] Successfully resolved entitlement details
[Licensing::Client] Successfully resolved entitlement details
Begin MonoManager ReloadAssembly
Refreshing native plugins compatible for Editor in 5.17 ms, found 5 plugins.
Native extension for Android target not found
Native extension for WindowsStandalone target not found
Native extension for WebGL target not found
[Package Manager] Failed to launch server process. Reason: Unity was launched with the -noUpm command-line argument
[Package Manager] Unable to send message (not connected to server process).
[Package Manager] Cannot connect to Unity Package Manager local server
[Package Manager] Failed to launch server process. Reason: Unity was launched with the -noUpm command-line argument
[Package Manager] Unable to send message (not connected to server process).
[Package Manager] Cannot connect to Unity Package Manager local server
ScheduleIndexationOnStartup MainProcess:False IndexOnStartup:True
Mono: successfully reloaded assembly
- Finished resetting the current domain, in  1.181 seconds
Domain Reload Profiling: 7618ms
	BeginReloadAssembly (741ms)
		DisableScriptedObjects (89ms)
		CreateAndSetChildDomain (87ms)
	RebuildCommonClasses (13ms)
	RebuildNativeTypeToScriptingClass (144ms)
	initialDomainReloadingComplete (152ms)
	LoadAllAssembliesAndSetupDomain (5385ms)
		LoadAssemblies (5020ms)
		AnalyzeDomain (608ms)
			TypeCache.Refresh (17ms)
			BuildScriptInfoCaches (580ms)
			ResolveRequiredComponents (7ms)
	FinalizeReload (1182ms)
		SetupLoadedEditorAssemblies (0ms)
			InitializePlatformSupportModulesInManaged (13ms)
			BeforeProcessingInitializeOnLoad (142ms)
			ProcessInitializeOnLoadAttributes (416ms)
			ProcessInitializeOnLoadMethodAttributes (203ms)
			AfterProcessingInitializeOnLoad (15ms)
		AwakeInstancesAfterBackupRestoration (42ms)
Refreshing native plugins compatible for Editor in 5.57 ms, found 5 plugins.
Unloading 34 Unused Serialized files (Serialized files now loaded: 0)
Unloading 7858 unused Assets / (7.6 MB). Loaded Objects now: 8865.
Memory consumption went from 381.7 MB to 374.1 MB.
Total: 17.230000 ms (FindLiveObjects: 1.263300 ms CreateObjectMapping: 3.754200 ms MarkObjects: 7.352300 ms  DeleteObjects: 4.859300 ms)

Prepare: number of updated asset objects reloaded= 0
EnvironmentDependencyValues requested are different than current active one (requested -> active):
  graphicsApiMask: 2099200 -> 2361344
========================================================================
Received Prepare
AcceleratorClientConnectionCallback - disconnected - :0
Begin MonoManager ReloadAssembly
Refreshing native plugins compatible for Editor in 4.63 ms, found 5 plugins.
Native extension for Android target not found
Native extension for WindowsStandalone target not found
Native extension for WebGL target not found
[Package Manager] Failed to launch server process. Reason: Unity was launched with the -noUpm command-line argument
[Package Manager] Unable to send message (not connected to server process).
[Package Manager] Cannot connect to Unity Package Manager local server
[Package Manager] Failed to launch server process. Reason: Unity was launched with the -noUpm command-line argument
[Package Manager] Unable to send message (not connected to server process).
[Package Manager] Cannot connect to Unity Package Manager local server
ScheduleIndexationOnStartup MainProcess:False IndexOnStartup:True
[Licensing::Client] Successfully resolved entitlement details
Mono: successfully reloaded assembly
- Finished resetting the current domain, in  1.396 seconds
Domain Reload Profiling: 2799ms
	BeginReloadAssembly (462ms)
		DisableScriptedObjects (87ms)
		CreateAndSetChildDomain (101ms)
	RebuildCommonClasses (19ms)
	RebuildNativeTypeToScriptingClass (30ms)
	initialDomainReloadingComplete (138ms)
	LoadAllAssembliesAndSetupDomain (752ms)
		LoadAssemblies (678ms)
		AnalyzeDomain (27ms)
			TypeCache.Refresh (12ms)
			ResolveRequiredComponents (8ms)
	FinalizeReload (1398ms)
		SetupLoadedEditorAssemblies (0ms)
			InitializePlatformSupportModulesInManaged (12ms)
			BeforeProcessingInitializeOnLoad (138ms)
			ProcessInitializeOnLoadAttributes (527ms)
			ProcessInitializeOnLoadMethodAttributes (255ms)
			AfterProcessingInitializeOnLoad (23ms)
		AwakeInstancesAfterBackupRestoration (57ms)
Refreshing native plugins compatible for Editor in 5.40 ms, found 5 plugins.
Unloading 34 Unused Serialized files (Serialized files now loaded: 0)
Unloading 7858 unused Assets / (8.4 MB). Loaded Objects now: 8868.
Memory consumption went from 381.6 MB to 373.2 MB.
Total: 21.423900 ms (FindLiveObjects: 1.348900 ms CreateObjectMapping: 4.458500 ms MarkObjects: 8.832900 ms  DeleteObjects: 6.782300 ms)

Prepare: number of updated asset objects reloaded= 0
EnvironmentDependencyValues requested are different than current active one (requested -> active):
  graphicsApiMask: 2099200 -> 2361344
========================================================================
Received Import Request.
  Time of request: 2026-08-15T11:09:11.4954365Z
  Time since last request: 360.84709850000002 seconds.
  importAddress: GUID: f6797e5b86dd85e49bbb3369427040df - Path: Assets/_Project/Scripts/Scopes/GameLifetimeScope.cs - Importer: PreviewImporter
Importing 'GUID: f6797e5b86dd85e49bbb3369427040df - Path: Assets/_Project/Scripts/Scopes/GameLifetimeScope.cs - Importer: PreviewImporter' with importer (PreviewImporter)
Imported 'GUID: f6797e5b86dd85e49bbb3369427040df' -> (Import Result ID: '3500b8a8d03a8ebd6dba509bddc52dfa') in 0.002 seconds [static and dynamic dependencies]. Details - ImportResultOutputID=2aae3bc5cf5e67c673adec496414527f DependenciesID=9d8c6a7f1f85cafb3f3232e9156e4375 StaticDependenciesID=9b5530420297c97dd8461c1acda479cb 
Number of updated asset objects reloaded before import = 0
Number of asset objects unloaded after import = 0
========================================================================
Received Prepare
AcceleratorClientConnectionCallback - disconnected - :0
Refreshing native plugins compatible for Editor in 4.94 ms, found 5 plugins.
Unloading 34 Unused Serialized files (Serialized files now loaded: 0)
Unloading 7840 unused Assets / (7.5 MB). Loaded Objects now: 8868.
Memory consumption went from 381.4 MB to 374.0 MB.
Total: 19.472300 ms (FindLiveObjects: 1.236900 ms CreateObjectMapping: 3.685200 ms MarkObjects: 8.799800 ms  DeleteObjects: 5.749200 ms)

Prepare: number of updated asset objects reloaded= 0
EnvironmentDependencyValues requested are different than current active one (requested -> active):
  graphicsApiMask: 2099200 -> 2361344
========================================================================
Received Import Request.
  Time of request: 2026-08-15T11:09:43.3754376Z
  Time since last request: 31.8545182 seconds.
  importAddress: GUID: f6797e5b86dd85e49bbb3369427040df - Path: Assets/_Project/Scripts/Scopes/GameLifetimeScope.cs - Importer: PreviewImporter
Importing 'GUID: f6797e5b86dd85e49bbb3369427040df - Path: Assets/_Project/Scripts/Scopes/GameLifetimeScope.cs - Importer: PreviewImporter' with importer (PreviewImporter)
Imported 'GUID: f6797e5b86dd85e49bbb3369427040df' -> (Import Result ID: 'adae9b54334ce8980f138a56394b7763') in 0.001 seconds [static and dynamic dependencies]. Details - ImportResultOutputID=2aae3bc5cf5e67c673adec496414527f DependenciesID=fd101e711d5549cd4cc353b65e1dcb7a StaticDependenciesID=184cecd1b64588ed1893e1410402c2a2 
Number of updated asset objects reloaded before import = 0
Number of asset objects unloaded after import = 0
========================================================================
Received Prepare
AcceleratorClientConnectionCallback - disconnected - :0
Refreshing native plugins compatible for Editor in 5.59 ms, found 5 plugins.
Unloading 34 Unused Serialized files (Serialized files now loaded: 0)
Unloading 7840 unused Assets / (7.6 MB). Loaded Objects now: 8868.
Memory consumption went from 380.9 MB to 373.3 MB.
Total: 20.874000 ms (FindLiveObjects: 1.093400 ms CreateObjectMapping: 3.840900 ms MarkObjects: 8.380400 ms  DeleteObjects: 7.557500 ms)

Prepare: number of updated asset objects reloaded= 0
EnvironmentDependencyValues requested are different than current active one (requested -> active):
  graphicsApiMask: 2099200 -> 2361344
========================================================================
Received Import Request.
  Time of request: 2026-08-15T11:10:03.7605507Z
  Time since last request: 20.3606619 seconds.
  importAddress: GUID: f6797e5b86dd85e49bbb3369427040df - Path: Assets/_Project/Scripts/Scopes/GameLifetimeScope.cs - Importer: PreviewImporter
Importing 'GUID: f6797e5b86dd85e49bbb3369427040df - Path: Assets/_Project/Scripts/Scopes/GameLifetimeScope.cs - Importer: PreviewImporter' with importer (PreviewImporter)
Imported 'GUID: f6797e5b86dd85e49bbb3369427040df' -> (Import Result ID: '6830c5ae55029d37f5d54f5cacd5620d') in 0.001 seconds [static and dynamic dependencies]. Details - ImportResultOutputID=2aae3bc5cf5e67c673adec496414527f DependenciesID=502664935e6de459607f36baa6638718 StaticDependenciesID=229492268d6d8edb30ac124128a95425 
Number of updated asset objects reloaded before import = 0
Number of asset objects unloaded after import = 0
========================================================================
Received Prepare
AcceleratorClientConnectionCallback - disconnected - :0
[Licensing::Client] Successfully resolved entitlement details
[Licensing::Client] Successfully resolved entitlement details
Begin MonoManager ReloadAssembly
Refreshing native plugins compatible for Editor in 6.27 ms, found 5 plugins.
Native extension for Android target not found
Native extension for WindowsStandalone target not found
Native extension for WebGL target not found
[Package Manager] Failed to launch server process. Reason: Unity was launched with the -noUpm command-line argument
[Package Manager] Unable to send message (not connected to server process).
[Package Manager] Cannot connect to Unity Package Manager local server
[Package Manager] Failed to launch server process. Reason: Unity was launched with the -noUpm command-line argument
[Package Manager] Unable to send message (not connected to server process).
[Package Manager] Cannot connect to Unity Package Manager local server
ScheduleIndexationOnStartup MainProcess:False IndexOnStartup:True
Mono: successfully reloaded assembly
- Finished resetting the current domain, in  1.355 seconds
Domain Reload Profiling: 3240ms
	BeginReloadAssembly (466ms)
		DisableScriptedObjects (88ms)
		CreateAndSetChildDomain (88ms)
	RebuildCommonClasses (14ms)
	RebuildNativeTypeToScriptingClass (28ms)
	initialDomainReloadingComplete (144ms)
	LoadAllAssembliesAndSetupDomain (1232ms)
		LoadAssemblies (738ms)
		AnalyzeDomain (468ms)
			TypeCache.Refresh (19ms)
			BuildScriptInfoCaches (439ms)
			ResolveRequiredComponents (8ms)
	FinalizeReload (1357ms)
		SetupLoadedEditorAssemblies (0ms)
			InitializePlatformSupportModulesInManaged (16ms)
			BeforeProcessingInitializeOnLoad (186ms)
			ProcessInitializeOnLoadAttributes (460ms)
			ProcessInitializeOnLoadMethodAttributes (215ms)
			AfterProcessingInitializeOnLoad (15ms)
		AwakeInstancesAfterBackupRestoration (49ms)
Refreshing native plugins compatible for Editor in 4.72 ms, found 5 plugins.
Unloading 34 Unused Serialized files (Serialized files now loaded: 0)
Unloading 7858 unused Assets / (7.2 MB). Loaded Objects now: 8871.
Memory consumption went from 381.4 MB to 374.2 MB.
Total: 18.314400 ms (FindLiveObjects: 1.123500 ms CreateObjectMapping: 3.585000 ms MarkObjects: 8.795000 ms  DeleteObjects: 4.809600 ms)

Prepare: number of updated asset objects reloaded= 0
EnvironmentDependencyValues requested are different than current active one (requested -> active):
  graphicsApiMask: 2099200 -> 2361344
========================================================================
Received Prepare
AcceleratorClientConnectionCallback - disconnected - :0
Begin MonoManager ReloadAssembly
Refreshing native plugins compatible for Editor in 5.95 ms, found 5 plugins.
Native extension for Android target not found
Native extension for WindowsStandalone target not found
Native extension for WebGL target not found
[Package Manager] Failed to launch server process. Reason: Unity was launched with the -noUpm command-line argument
[Package Manager] Unable to send message (not connected to server process).
[Package Manager] Cannot connect to Unity Package Manager local server
[Package Manager] Failed to launch server process. Reason: Unity was launched with the -noUpm command-line argument
[Package Manager] Unable to send message (not connected to server process).
[Package Manager] Cannot connect to Unity Package Manager local server
ScheduleIndexationOnStartup MainProcess:False IndexOnStartup:True
Mono: successfully reloaded assembly
- Finished resetting the current domain, in  1.362 seconds
Domain Reload Profiling: 2747ms
	BeginReloadAssembly (422ms)
		DisableScriptedObjects (59ms)
		CreateAndSetChildDomain (101ms)
	RebuildCommonClasses (16ms)
	RebuildNativeTypeToScriptingClass (25ms)
	initialDomainReloadingComplete (137ms)
	LoadAllAssembliesAndSetupDomain (783ms)
		LoadAssemblies (704ms)
		AnalyzeDomain (29ms)
			TypeCache.Refresh (13ms)
			ResolveRequiredComponents (9ms)
	FinalizeReload (1364ms)
		SetupLoadedEditorAssemblies (0ms)
			InitializePlatformSupportModulesInManaged (12ms)
			BeforeProcessingInitializeOnLoad (146ms)
			ProcessInitializeOnLoadAttributes (504ms)
			ProcessInitializeOnLoadMethodAttributes (250ms)
			AfterProcessingInitializeOnLoad (21ms)
		AwakeInstancesAfterBackupRestoration (57ms)
Refreshing native plugins compatible for Editor in 5.81 ms, found 5 plugins.
Unloading 34 Unused Serialized files (Serialized files now loaded: 0)
Unloading 7858 unused Assets / (7.9 MB). Loaded Objects now: 8874.
Memory consumption went from 382.8 MB to 374.9 MB.
Total: 20.182300 ms (FindLiveObjects: 1.284800 ms CreateObjectMapping: 4.326000 ms MarkObjects: 7.991800 ms  DeleteObjects: 6.578300 ms)

Prepare: number of updated asset objects reloaded= 0
EnvironmentDependencyValues requested are different than current active one (requested -> active):
  graphicsApiMask: 2099200 -> 2361344
========================================================================
Received Prepare
AcceleratorClientConnectionCallback - disconnected - :0
[Licensing::Client] Successfully resolved entitlement details
[Licensing::Client] Successfully resolved entitlement details
Begin MonoManager ReloadAssembly
Refreshing native plugins compatible for Editor in 8.01 ms, found 5 plugins.
Native extension for Android target not found
Native extension for WindowsStandalone target not found
Native extension for WebGL target not found
[Package Manager] Failed to launch server process. Reason: Unity was launched with the -noUpm command-line argument
[Package Manager] Unable to send message (not connected to server process).
[Package Manager] Cannot connect to Unity Package Manager local server
[Package Manager] Failed to launch server process. Reason: Unity was launched with the -noUpm command-line argument
[Package Manager] Unable to send message (not connected to server process).
[Package Manager] Cannot connect to Unity Package Manager local server
ScheduleIndexationOnStartup MainProcess:False IndexOnStartup:True
Mono: successfully reloaded assembly
- Finished resetting the current domain, in  1.371 seconds
Domain Reload Profiling: 2781ms
	BeginReloadAssembly (439ms)
		DisableScriptedObjects (77ms)
		CreateAndSetChildDomain (81ms)
	RebuildCommonClasses (14ms)
	RebuildNativeTypeToScriptingClass (25ms)
	initialDomainReloadingComplete (136ms)
	LoadAllAssembliesAndSetupDomain (795ms)
		LoadAssemblies (738ms)
		AnalyzeDomain (27ms)
			TypeCache.Refresh (12ms)
			ResolveRequiredComponents (9ms)
	FinalizeReload (1372ms)
		SetupLoadedEditorAssemblies (0ms)
			InitializePlatformSupportModulesInManaged (12ms)
			BeforeProcessingInitializeOnLoad (151ms)
			ProcessInitializeOnLoadAttributes (526ms)
			ProcessInitializeOnLoadMethodAttributes (252ms)
			AfterProcessingInitializeOnLoad (16ms)
		AwakeInstancesAfterBackupRestoration (58ms)
Refreshing native plugins compatible for Editor in 6.30 ms, found 5 plugins.
Unloading 34 Unused Serialized files (Serialized files now loaded: 0)
Unloading 7858 unused Assets / (8.3 MB). Loaded Objects now: 8877.
Memory consumption went from 383.1 MB to 374.7 MB.
Total: 21.699100 ms (FindLiveObjects: 1.398200 ms CreateObjectMapping: 4.305500 ms MarkObjects: 9.505200 ms  DeleteObjects: 6.488800 ms)

Prepare: number of updated asset objects reloaded= 0
EnvironmentDependencyValues requested are different than current active one (requested -> active):
  graphicsApiMask: 2099200 -> 2361344
========================================================================
Received Prepare
AcceleratorClientConnectionCallback - disconnected - :0
Refreshing native plugins compatible for Editor in 4.70 ms, found 5 plugins.
Unloading 34 Unused Serialized files (Serialized files now loaded: 0)
Unloading 7840 unused Assets / (7.5 MB). Loaded Objects now: 8877.
Memory consumption went from 383.3 MB to 375.8 MB.
Total: 19.150400 ms (FindLiveObjects: 1.179500 ms CreateObjectMapping: 3.607000 ms MarkObjects: 9.080200 ms  DeleteObjects: 5.282600 ms)

Prepare: number of updated asset objects reloaded= 0
EnvironmentDependencyValues requested are different than current active one (requested -> active):
  graphicsApiMask: 2099200 -> 2361344
========================================================================
Received Import Request.
  Time of request: 2026-08-15T11:13:36.4766972Z
  Time since last request: 212.6923376 seconds.
  importAddress: GUID: f6797e5b86dd85e49bbb3369427040df - Path: Assets/_Project/Scripts/Scopes/GameLifetimeScope.cs - Importer: PreviewImporter
Importing 'GUID: f6797e5b86dd85e49bbb3369427040df - Path: Assets/_Project/Scripts/Scopes/GameLifetimeScope.cs - Importer: PreviewImporter' with importer (PreviewImporter)
Imported 'GUID: f6797e5b86dd85e49bbb3369427040df' -> (Import Result ID: '5c8b385f0266ce97b495d94bdcde81fe') in 0.001 seconds [static and dynamic dependencies]. Details - ImportResultOutputID=2aae3bc5cf5e67c673adec496414527f DependenciesID=9f880071de3fff7d9f29bc4bac821b91 StaticDependenciesID=81b437f8bd66e9619e8868542d2db8e9 
Number of updated asset objects reloaded before import = 0
Number of asset objects unloaded after import = 0
========================================================================
Received Prepare
AcceleratorClientConnectionCallback - disconnected - :0
[Licensing::Client] Successfully resolved entitlement details
[Licensing::Client] Successfully resolved entitlement details
Begin MonoManager ReloadAssembly
Refreshing native plugins compatible for Editor in 6.50 ms, found 5 plugins.
Native extension for Android target not found
Native extension for WindowsStandalone target not found
Native extension for WebGL target not found
[Package Manager] Failed to launch server process. Reason: Unity was launched with the -noUpm command-line argument
[Package Manager] Unable to send message (not connected to server process).
[Package Manager] Cannot connect to Unity Package Manager local server
[Package Manager] Failed to launch server process. Reason: Unity was launched with the -noUpm command-line argument
[Package Manager] Unable to send message (not connected to server process).
[Package Manager] Cannot connect to Unity Package Manager local server
ScheduleIndexationOnStartup MainProcess:False IndexOnStartup:True
Mono: successfully reloaded assembly
- Finished resetting the current domain, in  1.538 seconds
Domain Reload Profiling: 3721ms
	BeginReloadAssembly (426ms)
		DisableScriptedObjects (62ms)
		CreateAndSetChildDomain (84ms)
	RebuildCommonClasses (14ms)
	RebuildNativeTypeToScriptingClass (28ms)
	initialDomainReloadingComplete (144ms)
	LoadAllAssembliesAndSetupDomain (1569ms)
		LoadAssemblies (870ms)
		AnalyzeDomain (623ms)
			TypeCache.Refresh (40ms)
				TypeCache.ScanAssembly (3ms)
			BuildScriptInfoCaches (570ms)
			ResolveRequiredComponents (10ms)
	FinalizeReload (1540ms)
		SetupLoadedEditorAssemblies (0ms)
			InitializePlatformSupportModulesInManaged (15ms)
			BeforeProcessingInitializeOnLoad (187ms)
			ProcessInitializeOnLoadAttributes (537ms)
			ProcessInitializeOnLoadMethodAttributes (291ms)
			AfterProcessingInitializeOnLoad (17ms)
		AwakeInstancesAfterBackupRestoration (67ms)
Refreshing native plugins compatible for Editor in 6.92 ms, found 5 plugins.
Unloading 34 Unused Serialized files (Serialized files now loaded: 0)
Unloading 7858 unused Assets / (8.5 MB). Loaded Objects now: 8880.
Memory consumption went from 386.0 MB to 377.5 MB.
Total: 25.707400 ms (FindLiveObjects: 1.371400 ms CreateObjectMapping: 5.906400 ms MarkObjects: 9.780000 ms  DeleteObjects: 8.648000 ms)

Prepare: number of updated asset objects reloaded= 0
EnvironmentDependencyValues requested are different than current active one (requested -> active):
  graphicsApiMask: 2099200 -> 2361344
========================================================================
Received Prepare
AcceleratorClientConnectionCallback - disconnected - :0
Refreshing native plugins compatible for Editor in 5.51 ms, found 5 plugins.
Unloading 34 Unused Serialized files (Serialized files now loaded: 0)
Unloading 7840 unused Assets / (7.5 MB). Loaded Objects now: 8880.
Memory consumption went from 386.3 MB to 378.7 MB.
Total: 21.696700 ms (FindLiveObjects: 1.375000 ms CreateObjectMapping: 3.747700 ms MarkObjects: 10.547100 ms  DeleteObjects: 6.025700 ms)

Prepare: number of updated asset objects reloaded= 0
EnvironmentDependencyValues requested are different than current active one (requested -> active):
  graphicsApiMask: 2099200 -> 2361344
========================================================================
Received Prepare
AcceleratorClientConnectionCallback - disconnected - :0
Begin MonoManager ReloadAssembly
Refreshing native plugins compatible for Editor in 5.79 ms, found 5 plugins.
Native extension for Android target not found
Native extension for WindowsStandalone target not found
Native extension for WebGL target not found
[Package Manager] Failed to launch server process. Reason: Unity was launched with the -noUpm command-line argument
[Package Manager] Unable to send message (not connected to server process).
[Package Manager] Cannot connect to Unity Package Manager local server
[Package Manager] Failed to launch server process. Reason: Unity was launched with the -noUpm command-line argument
[Package Manager] Unable to send message (not connected to server process).
[Package Manager] Cannot connect to Unity Package Manager local server
ScheduleIndexationOnStartup MainProcess:False IndexOnStartup:True
Mono: successfully reloaded assembly
- Finished resetting the current domain, in  1.492 seconds
Domain Reload Profiling: 3387ms
	BeginReloadAssembly (412ms)
		DisableScriptedObjects (61ms)
		CreateAndSetChildDomain (90ms)
	RebuildCommonClasses (13ms)
	RebuildNativeTypeToScriptingClass (26ms)
	initialDomainReloadingComplete (132ms)
	LoadAllAssembliesAndSetupDomain (1312ms)
		LoadAssemblies (736ms)
		AnalyzeDomain (501ms)
			TypeCache.Refresh (18ms)
			BuildScriptInfoCaches (470ms)
			ResolveRequiredComponents (10ms)
	FinalizeReload (1493ms)
		SetupLoadedEditorAssemblies (0ms)
			InitializePlatformSupportModulesInManaged (14ms)
			BeforeProcessingInitializeOnLoad (185ms)
			ProcessInitializeOnLoadAttributes (518ms)
			ProcessInitializeOnLoadMethodAttributes (280ms)
			AfterProcessingInitializeOnLoad (19ms)
		AwakeInstancesAfterBackupRestoration (60ms)
Refreshing native plugins compatible for Editor in 6.83 ms, found 5 plugins.
Unloading 34 Unused Serialized files (Serialized files now loaded: 0)
Unloading 7858 unused Assets / (7.6 MB). Loaded Objects now: 8883.
Memory consumption went from 388.0 MB to 380.4 MB.
Total: 23.831800 ms (FindLiveObjects: 1.374900 ms CreateObjectMapping: 4.898500 ms MarkObjects: 11.161400 ms  DeleteObjects: 6.395700 ms)

Prepare: number of updated asset objects reloaded= 0
EnvironmentDependencyValues requested are different than current active one (requested -> active):
  graphicsApiMask: 2099200 -> 2361344
========================================================================
Received Prepare
AcceleratorClientConnectionCallback - disconnected - :0
[Licensing::Client] Successfully resolved entitlement details
[Licensing::Client] Successfully resolved entitlement details
Begin MonoManager ReloadAssembly
Refreshing native plugins compatible for Editor in 4.78 ms, found 5 plugins.
Native extension for Android target not found
Native extension for WindowsStandalone target not found
Native extension for WebGL target not found
[Package Manager] Failed to launch server process. Reason: Unity was launched with the -noUpm command-line argument
[Package Manager] Unable to send message (not connected to server process).
[Package Manager] Cannot connect to Unity Package Manager local server
[Package Manager] Failed to launch server process. Reason: Unity was launched with the -noUpm command-line argument
[Package Manager] Unable to send message (not connected to server process).
[Package Manager] Cannot connect to Unity Package Manager local server
ScheduleIndexationOnStartup MainProcess:False IndexOnStartup:True
Mono: successfully reloaded assembly
- Finished resetting the current domain, in  1.316 seconds
Domain Reload Profiling: 2765ms
	BeginReloadAssembly (447ms)
		DisableScriptedObjects (67ms)
		CreateAndSetChildDomain (95ms)
	RebuildCommonClasses (13ms)
	RebuildNativeTypeToScriptingClass (35ms)
	initialDomainReloadingComplete (145ms)
	LoadAllAssembliesAndSetupDomain (809ms)
		LoadAssemblies (751ms)
		AnalyzeDomain (35ms)
			TypeCache.Refresh (15ms)
			ResolveRequiredComponents (10ms)
	FinalizeReload (1317ms)
		SetupLoadedEditorAssemblies (0ms)
			InitializePlatformSupportModulesInManaged (15ms)
			BeforeProcessingInitializeOnLoad (144ms)
			ProcessInitializeOnLoadAttributes (456ms)
			ProcessInitializeOnLoadMethodAttributes (248ms)
			AfterProcessingInitializeOnLoad (15ms)
		AwakeInstancesAfterBackupRestoration (57ms)
Refreshing native plugins compatible for Editor in 5.84 ms, found 5 plugins.
Unloading 34 Unused Serialized files (Serialized files now loaded: 0)
Unloading 7858 unused Assets / (7.6 MB). Loaded Objects now: 8886.
Memory consumption went from 388.7 MB to 381.1 MB.
Total: 18.091200 ms (FindLiveObjects: 1.228800 ms CreateObjectMapping: 3.622200 ms MarkObjects: 7.198600 ms  DeleteObjects: 6.040300 ms)

Prepare: number of updated asset objects reloaded= 0
EnvironmentDependencyValues requested are different than current active one (requested -> active):
  graphicsApiMask: 2099200 -> 2361344
========================================================================
Received Import Request.
  Time of request: 2026-08-15T11:18:55.8311422Z
  Time since last request: 319.32937809999999 seconds.
  importAddress: GUID: ec0ac95e9016904499dba55a3fd1177e - Path: Assets/_Project/UI/EntityLevelView.cs - Importer: PreviewImporter
Importing 'GUID: ec0ac95e9016904499dba55a3fd1177e - Path: Assets/_Project/UI/EntityLevelView.cs - Importer: PreviewImporter' with importer (PreviewImporter)
Imported 'GUID: ec0ac95e9016904499dba55a3fd1177e' -> (Import Result ID: '1aa1566a0d932f8389a261a6abcc2c05') in 0.002 seconds [static and dynamic dependencies]. Details - ImportResultOutputID=6b6ee95b0e89939cd034e7d2c801ca91 DependenciesID=a49bddeb4e67e92efc847151010580cd StaticDependenciesID=e2ee919e71521591f608895486491616 
Number of updated asset objects reloaded before import = 0
Number of asset objects unloaded after import = 0
========================================================================
Received Import Request.
  Time of request: 2026-08-15T11:18:57.6353012Z
  Time since last request: 1.7739107 seconds.
  importAddress: GUID: f6797e5b86dd85e49bbb3369427040df - Path: Assets/_Project/Scripts/Scopes/GameLifetimeScope.cs - Importer: ScriptedImporter/UnityEditor.QuickSearchModule:UnityEditor.Search:ASIAI0B
Importing 'GUID: f6797e5b86dd85e49bbb3369427040df - Path: Assets/_Project/Scripts/Scopes/GameLifetimeScope.cs - Importer: ScriptedImporter/UnityEditor.QuickSearchModule:UnityEditor.Search:ASIAI0B' with importer (ScriptedImporter : UnityEditor.QuickSearchModule:UnityEditor.Search:ASIAI0B)
Imported 'GUID: f6797e5b86dd85e49bbb3369427040df' -> (Import Result ID: '6cf731694d740451662927eebc3d4676') in 0.107 seconds [static and dynamic dependencies]. Details - ImportResultOutputID=166d9d68356ebe672ffc291944a3ed5c DependenciesID=8ff31f4941fa66e111c4a03f339afbdf StaticDependenciesID=c5d87ff3a6f6cf7c3e175a3b24435f7f 
Number of updated asset objects reloaded before import = 0
Number of asset objects unloaded after import = 0
========================================================================
Received Prepare
AcceleratorClientConnectionCallback - disconnected - :0
Refreshing native plugins compatible for Editor in 7.14 ms, found 5 plugins.
Unloading 34 Unused Serialized files (Serialized files now loaded: 0)
Unloading 7840 unused Assets / (7.5 MB). Loaded Objects now: 8886.
Memory consumption went from 388.1 MB to 380.6 MB.
Total: 19.357300 ms (FindLiveObjects: 1.144100 ms CreateObjectMapping: 3.493700 ms MarkObjects: 8.295000 ms  DeleteObjects: 6.423200 ms)

Prepare: number of updated asset objects reloaded= 0
EnvironmentDependencyValues requested are different than current active one (requested -> active):
  graphicsApiMask: 2099200 -> 2361344
========================================================================
Received Import Request.
  Time of request: 2026-08-15T11:18:59.1682181Z
  Time since last request: 1.4044053 seconds.
  importAddress: GUID: ec0ac95e9016904499dba55a3fd1177e - Path: Assets/_Project/UI/EntityHealthView.cs - Importer: PreviewImporter
Importing 'GUID: ec0ac95e9016904499dba55a3fd1177e - Path: Assets/_Project/UI/EntityHealthView.cs - Importer: PreviewImporter' with importer (PreviewImporter)
Imported 'GUID: ec0ac95e9016904499dba55a3fd1177e' -> (Import Result ID: 'aeecf0c7613a9c01e2c0b04256deb930') in 0.001 seconds [static and dynamic dependencies]. Details - ImportResultOutputID=6b6ee95b0e89939cd034e7d2c801ca91 DependenciesID=5b4afdb6e7db842ce7c93415c309cd09 StaticDependenciesID=99a1dc166b74bfc86fa7138fe59e59fa 
Number of updated asset objects reloaded before import = 0
Number of asset objects unloaded after import = 0
========================================================================
Received Import Request.
  Time of request: 2026-08-15T11:18:59.206142Z
  Time since last request: 0.0040031 seconds.
  importAddress: GUID: ec0ac95e9016904499dba55a3fd1177e - Path: Assets/_Project/UI/EntityHealthView.cs - Importer: PreviewImporter
Importing 'GUID: ec0ac95e9016904499dba55a3fd1177e - Path: Assets/_Project/UI/EntityHealthView.cs - Importer: PreviewImporter' with importer (PreviewImporter)
Imported 'GUID: ec0ac95e9016904499dba55a3fd1177e' -> (Import Result ID: 'aeecf0c7613a9c01e2c0b04256deb930') in 0.001 seconds [static and dynamic dependencies]. Details - ImportResultOutputID=6b6ee95b0e89939cd034e7d2c801ca91 DependenciesID=5b4afdb6e7db842ce7c93415c309cd09 StaticDependenciesID=99a1dc166b74bfc86fa7138fe59e59fa 
Number of updated asset objects reloaded before import = 0
Number of asset objects unloaded after import = 0
========================================================================
Received Import Request.
  Time of request: 2026-08-15T11:18:59.2526756Z
  Time since last request: 0.0023765 seconds.
  importAddress: GUID: ec0ac95e9016904499dba55a3fd1177e - Path: Assets/_Project/UI/EntityHealthView.cs - Importer: PreviewImporter
Importing 'GUID: ec0ac95e9016904499dba55a3fd1177e - Path: Assets/_Project/UI/EntityHealthView.cs - Importer: PreviewImporter' with importer (PreviewImporter)
Imported 'GUID: ec0ac95e9016904499dba55a3fd1177e' -> (Import Result ID: 'aeecf0c7613a9c01e2c0b04256deb930') in 0.001 seconds [static and dynamic dependencies]. Details - ImportResultOutputID=6b6ee95b0e89939cd034e7d2c801ca91 DependenciesID=5b4afdb6e7db842ce7c93415c309cd09 StaticDependenciesID=99a1dc166b74bfc86fa7138fe59e59fa 
Number of updated asset objects reloaded before import = 0
Number of asset objects unloaded after import = 0
========================================================================
Received Import Request.
  Time of request: 2026-08-15T11:18:59.2926304Z
  Time since last request: 0.0032127 seconds.
  importAddress: GUID: ec0ac95e9016904499dba55a3fd1177e - Path: Assets/_Project/UI/EntityHealthView.cs - Importer: PreviewImporter
Importing 'GUID: ec0ac95e9016904499dba55a3fd1177e - Path: Assets/_Project/UI/EntityHealthView.cs - Importer: PreviewImporter' with importer (PreviewImporter)
Imported 'GUID: ec0ac95e9016904499dba55a3fd1177e' -> (Import Result ID: 'aeecf0c7613a9c01e2c0b04256deb930') in 0.001 seconds [static and dynamic dependencies]. Details - ImportResultOutputID=6b6ee95b0e89939cd034e7d2c801ca91 DependenciesID=5b4afdb6e7db842ce7c93415c309cd09 StaticDependenciesID=99a1dc166b74bfc86fa7138fe59e59fa 
Number of updated asset objects reloaded before import = 0
Number of asset objects unloaded after import = 0
========================================================================
Received Import Request.
  Time of request: 2026-08-15T11:18:59.3295318Z
  Time since last request: 0.0069387 seconds.
  importAddress: GUID: ec0ac95e9016904499dba55a3fd1177e - Path: Assets/_Project/UI/EntityHealthView.cs - Importer: PreviewImporter
Importing 'GUID: ec0ac95e9016904499dba55a3fd1177e - Path: Assets/_Project/UI/EntityHealthView.cs - Importer: PreviewImporter' with importer (PreviewImporter)
Imported 'GUID: ec0ac95e9016904499dba55a3fd1177e' -> (Import Result ID: 'aeecf0c7613a9c01e2c0b04256deb930') in 0.001 seconds [static and dynamic dependencies]. Details - ImportResultOutputID=6b6ee95b0e89939cd034e7d2c801ca91 DependenciesID=5b4afdb6e7db842ce7c93415c309cd09 StaticDependenciesID=99a1dc166b74bfc86fa7138fe59e59fa 
Number of updated asset objects reloaded before import = 0
Number of asset objects unloaded after import = 0
========================================================================
Received Import Request.
  Time of request: 2026-08-15T11:18:59.3636906Z
  Time since last request: 0.004458 seconds.
  importAddress: GUID: ec0ac95e9016904499dba55a3fd1177e - Path: Assets/_Project/UI/EntityHealthView.cs - Importer: PreviewImporter
Importing 'GUID: ec0ac95e9016904499dba55a3fd1177e - Path: Assets/_Project/UI/EntityHealthView.cs - Importer: PreviewImporter' with importer (PreviewImporter)
Imported 'GUID: ec0ac95e9016904499dba55a3fd1177e' -> (Import Result ID: 'aeecf0c7613a9c01e2c0b04256deb930') in 0.001 seconds [static and dynamic dependencies]. Details - ImportResultOutputID=6b6ee95b0e89939cd034e7d2c801ca91 DependenciesID=5b4afdb6e7db842ce7c93415c309cd09 StaticDependenciesID=99a1dc166b74bfc86fa7138fe59e59fa 
Number of updated asset objects reloaded before import = 0
Number of asset objects unloaded after import = 0
========================================================================
Received Import Request.
  Time of request: 2026-08-15T11:18:59.3992176Z
  Time since last request: 0.0033906 seconds.
  importAddress: GUID: ec0ac95e9016904499dba55a3fd1177e - Path: Assets/_Project/UI/EntityHealthView.cs - Importer: PreviewImporter
Importing 'GUID: ec0ac95e9016904499dba55a3fd1177e - Path: Assets/_Project/UI/EntityHealthView.cs - Importer: PreviewImporter' with importer (PreviewImporter)
Imported 'GUID: ec0ac95e9016904499dba55a3fd1177e' -> (Import Result ID: 'aeecf0c7613a9c01e2c0b04256deb930') in 0.001 seconds [static and dynamic dependencies]. Details - ImportResultOutputID=6b6ee95b0e89939cd034e7d2c801ca91 DependenciesID=5b4afdb6e7db842ce7c93415c309cd09 StaticDependenciesID=99a1dc166b74bfc86fa7138fe59e59fa 
Number of updated asset objects reloaded before import = 0
Number of asset objects unloaded after import = 0
========================================================================
Received Import Request.
  Time of request: 2026-08-15T11:18:59.4286112Z
  Time since last request: 0.0018013 seconds.
  importAddress: GUID: ec0ac95e9016904499dba55a3fd1177e - Path: Assets/_Project/UI/EntityHealthView.cs - Importer: PreviewImporter
Importing 'GUID: ec0ac95e9016904499dba55a3fd1177e - Path: Assets/_Project/UI/EntityHealthView.cs - Importer: PreviewImporter' with importer (PreviewImporter)
Imported 'GUID: ec0ac95e9016904499dba55a3fd1177e' -> (Import Result ID: 'aeecf0c7613a9c01e2c0b04256deb930') in 0.001 seconds [static and dynamic dependencies]. Details - ImportResultOutputID=6b6ee95b0e89939cd034e7d2c801ca91 DependenciesID=5b4afdb6e7db842ce7c93415c309cd09 StaticDependenciesID=99a1dc166b74bfc86fa7138fe59e59fa 
Number of updated asset objects reloaded before import = 0
Number of asset objects unloaded after import = 0
========================================================================
Received Import Request.
  Time of request: 2026-08-15T11:18:59.4662725Z
  Time since last request: 0.0056153 seconds.
  importAddress: GUID: ec0ac95e9016904499dba55a3fd1177e - Path: Assets/_Project/UI/EntityHealthView.cs - Importer: PreviewImporter
Importing 'GUID: ec0ac95e9016904499dba55a3fd1177e - Path: Assets/_Project/UI/EntityHealthView.cs - Importer: PreviewImporter' with importer (PreviewImporter)
Imported 'GUID: ec0ac95e9016904499dba55a3fd1177e' -> (Import Result ID: 'aeecf0c7613a9c01e2c0b04256deb930') in 0.001 seconds [static and dynamic dependencies]. Details - ImportResultOutputID=6b6ee95b0e89939cd034e7d2c801ca91 DependenciesID=5b4afdb6e7db842ce7c93415c309cd09 StaticDependenciesID=99a1dc166b74bfc86fa7138fe59e59fa 
Number of updated asset objects reloaded before import = 0
Number of asset objects unloaded after import = 0
========================================================================
Received Import Request.
  Time of request: 2026-08-15T11:18:59.4985954Z
  Time since last request: 0.0007138 seconds.
  importAddress: GUID: ec0ac95e9016904499dba55a3fd1177e - Path: Assets/_Project/UI/EntityHealthView.cs - Importer: PreviewImporter
Importing 'GUID: ec0ac95e9016904499dba55a3fd1177e - Path: Assets/_Project/UI/EntityHealthView.cs - Importer: PreviewImporter' with importer (PreviewImporter)
Imported 'GUID: ec0ac95e9016904499dba55a3fd1177e' -> (Import Result ID: 'aeecf0c7613a9c01e2c0b04256deb930') in 0.001 seconds [static and dynamic dependencies]. Details - ImportResultOutputID=6b6ee95b0e89939cd034e7d2c801ca91 DependenciesID=5b4afdb6e7db842ce7c93415c309cd09 StaticDependenciesID=99a1dc166b74bfc86fa7138fe59e59fa 
Number of updated asset objects reloaded before import = 0
Number of asset objects unloaded after import = 0
========================================================================
Received Import Request.
  Time of request: 2026-08-15T11:18:59.5520444Z
  Time since last request: 0.0026669 seconds.
  importAddress: GUID: ec0ac95e9016904499dba55a3fd1177e - Path: Assets/_Project/UI/EntityHealthView.cs - Importer: PreviewImporter
Importing 'GUID: ec0ac95e9016904499dba55a3fd1177e - Path: Assets/_Project/UI/EntityHealthView.cs - Importer: PreviewImporter' with importer (PreviewImporter)
Imported 'GUID: ec0ac95e9016904499dba55a3fd1177e' -> (Import Result ID: 'aeecf0c7613a9c01e2c0b04256deb930') in 0.001 seconds [static and dynamic dependencies]. Details - ImportResultOutputID=6b6ee95b0e89939cd034e7d2c801ca91 DependenciesID=5b4afdb6e7db842ce7c93415c309cd09 StaticDependenciesID=99a1dc166b74bfc86fa7138fe59e59fa 
Number of updated asset objects reloaded before import = 0
Number of asset objects unloaded after import = 0
========================================================================
Received Import Request.
  Time of request: 2026-08-15T11:18:59.5907907Z
  Time since last request: 0.0033157 seconds.
  importAddress: GUID: ec0ac95e9016904499dba55a3fd1177e - Path: Assets/_Project/UI/EntityHealthView.cs - Importer: PreviewImporter
Importing 'GUID: ec0ac95e9016904499dba55a3fd1177e - Path: Assets/_Project/UI/EntityHealthView.cs - Importer: PreviewImporter' with importer (PreviewImporter)
Imported 'GUID: ec0ac95e9016904499dba55a3fd1177e' -> (Import Result ID: 'aeecf0c7613a9c01e2c0b04256deb930') in 0.001 seconds [static and dynamic dependencies]. Details - ImportResultOutputID=6b6ee95b0e89939cd034e7d2c801ca91 DependenciesID=5b4afdb6e7db842ce7c93415c309cd09 StaticDependenciesID=99a1dc166b74bfc86fa7138fe59e59fa 
Number of updated asset objects reloaded before import = 0
Number of asset objects unloaded after import = 0
========================================================================
Received Import Request.
  Time of request: 2026-08-15T11:18:59.6294943Z
  Time since last request: 0.0046331 seconds.
  importAddress: GUID: ec0ac95e9016904499dba55a3fd1177e - Path: Assets/_Project/UI/EntityHealthView.cs - Importer: PreviewImporter
Importing 'GUID: ec0ac95e9016904499dba55a3fd1177e - Path: Assets/_Project/UI/EntityHealthView.cs - Importer: PreviewImporter' with importer (PreviewImporter)
Imported 'GUID: ec0ac95e9016904499dba55a3fd1177e' -> (Import Result ID: 'aeecf0c7613a9c01e2c0b04256deb930') in 0.001 seconds [static and dynamic dependencies]. Details - ImportResultOutputID=6b6ee95b0e89939cd034e7d2c801ca91 DependenciesID=5b4afdb6e7db842ce7c93415c309cd09 StaticDependenciesID=99a1dc166b74bfc86fa7138fe59e59fa 
Number of updated asset objects reloaded before import = 0
Number of asset objects unloaded after import = 0
========================================================================
Received Import Request.
  Time of request: 2026-08-15T11:18:59.6754225Z
  Time since last request: 0.0007192 seconds.
  importAddress: GUID: ec0ac95e9016904499dba55a3fd1177e - Path: Assets/_Project/UI/EntityHealthView.cs - Importer: PreviewImporter
Importing 'GUID: ec0ac95e9016904499dba55a3fd1177e - Path: Assets/_Project/UI/EntityHealthView.cs - Importer: PreviewImporter' with importer (PreviewImporter)
Imported 'GUID: ec0ac95e9016904499dba55a3fd1177e' -> (Import Result ID: 'aeecf0c7613a9c01e2c0b04256deb930') in 0.001 seconds [static and dynamic dependencies]. Details - ImportResultOutputID=6b6ee95b0e89939cd034e7d2c801ca91 DependenciesID=5b4afdb6e7db842ce7c93415c309cd09 StaticDependenciesID=99a1dc166b74bfc86fa7138fe59e59fa 
Number of updated asset objects reloaded before import = 0
Number of asset objects unloaded after import = 0
========================================================================
Received Import Request.
  Time of request: 2026-08-15T11:18:59.7236328Z
  Time since last request: 0.00069 seconds.
  importAddress: GUID: ec0ac95e9016904499dba55a3fd1177e - Path: Assets/_Project/UI/EntityHealthView.cs - Importer: PreviewImporter
Importing 'GUID: ec0ac95e9016904499dba55a3fd1177e - Path: Assets/_Project/UI/EntityHealthView.cs - Importer: PreviewImporter' with importer (PreviewImporter)
Imported 'GUID: ec0ac95e9016904499dba55a3fd1177e' -> (Import Result ID: 'aeecf0c7613a9c01e2c0b04256deb930') in 0.001 seconds [static and dynamic dependencies]. Details - ImportResultOutputID=6b6ee95b0e89939cd034e7d2c801ca91 DependenciesID=5b4afdb6e7db842ce7c93415c309cd09 StaticDependenciesID=99a1dc166b74bfc86fa7138fe59e59fa 
Number of updated asset objects reloaded before import = 0
Number of asset objects unloaded after import = 0
========================================================================
Received Import Request.
  Time of request: 2026-08-15T11:18:59.7636135Z
  Time since last request: 0.0063398 seconds.
  importAddress: GUID: ec0ac95e9016904499dba55a3fd1177e - Path: Assets/_Project/UI/EntityHealthView.cs - Importer: PreviewImporter
Importing 'GUID: ec0ac95e9016904499dba55a3fd1177e - Path: Assets/_Project/UI/EntityHealthView.cs - Importer: PreviewImporter' with importer (PreviewImporter)
Imported 'GUID: ec0ac95e9016904499dba55a3fd1177e' -> (Import Result ID: 'aeecf0c7613a9c01e2c0b04256deb930') in 0.001 seconds [static and dynamic dependencies]. Details - ImportResultOutputID=6b6ee95b0e89939cd034e7d2c801ca91 DependenciesID=5b4afdb6e7db842ce7c93415c309cd09 StaticDependenciesID=99a1dc166b74bfc86fa7138fe59e59fa 
Number of updated asset objects reloaded before import = 0
Number of asset objects unloaded after import = 0
========================================================================
Received Import Request.
  Time of request: 2026-08-15T11:18:59.8017066Z
  Time since last request: 0.0010014 seconds.
  importAddress: GUID: ec0ac95e9016904499dba55a3fd1177e - Path: Assets/_Project/UI/EntityHealthView.cs - Importer: PreviewImporter
Importing 'GUID: ec0ac95e9016904499dba55a3fd1177e - Path: Assets/_Project/UI/EntityHealthView.cs - Importer: PreviewImporter' with importer (PreviewImporter)
Imported 'GUID: ec0ac95e9016904499dba55a3fd1177e' -> (Import Result ID: 'aeecf0c7613a9c01e2c0b04256deb930') in 0.001 seconds [static and dynamic dependencies]. Details - ImportResultOutputID=6b6ee95b0e89939cd034e7d2c801ca91 DependenciesID=5b4afdb6e7db842ce7c93415c309cd09 StaticDependenciesID=99a1dc166b74bfc86fa7138fe59e59fa 
Number of updated asset objects reloaded before import = 0
Number of asset objects unloaded after import = 0
========================================================================
Received Import Request.
  Time of request: 2026-08-15T11:18:59.8419934Z
  Time since last request: 0.0060258 seconds.
  importAddress: GUID: ec0ac95e9016904499dba55a3fd1177e - Path: Assets/_Project/UI/EntityHealthView.cs - Importer: PreviewImporter
Importing 'GUID: ec0ac95e9016904499dba55a3fd1177e - Path: Assets/_Project/UI/EntityHealthView.cs - Importer: PreviewImporter' with importer (PreviewImporter)
Imported 'GUID: ec0ac95e9016904499dba55a3fd1177e' -> (Import Result ID: 'aeecf0c7613a9c01e2c0b04256deb930') in 0.001 seconds [static and dynamic dependencies]. Details - ImportResultOutputID=6b6ee95b0e89939cd034e7d2c801ca91 DependenciesID=5b4afdb6e7db842ce7c93415c309cd09 StaticDependenciesID=99a1dc166b74bfc86fa7138fe59e59fa 
Number of updated asset objects reloaded before import = 0
Number of asset objects unloaded after import = 0
========================================================================
Received Import Request.
  Time of request: 2026-08-15T11:18:59.8826546Z
  Time since last request: 0.0061568 seconds.
  importAddress: GUID: ec0ac95e9016904499dba55a3fd1177e - Path: Assets/_Project/UI/EntityHealthView.cs - Importer: PreviewImporter
Importing 'GUID: ec0ac95e9016904499dba55a3fd1177e - Path: Assets/_Project/UI/EntityHealthView.cs - Importer: PreviewImporter' with importer (PreviewImporter)
Imported 'GUID: ec0ac95e9016904499dba55a3fd1177e' -> (Import Result ID: 'aeecf0c7613a9c01e2c0b04256deb930') in 0.001 seconds [static and dynamic dependencies]. Details - ImportResultOutputID=6b6ee95b0e89939cd034e7d2c801ca91 DependenciesID=5b4afdb6e7db842ce7c93415c309cd09 StaticDependenciesID=99a1dc166b74bfc86fa7138fe59e59fa 
Number of updated asset objects reloaded before import = 0
Number of asset objects unloaded after import = 0
========================================================================
Received Import Request.
  Time of request: 2026-08-15T11:18:59.9175653Z
  Time since last request: 0.0009019 seconds.
  importAddress: GUID: ec0ac95e9016904499dba55a3fd1177e - Path: Assets/_Project/UI/EntityHealthView.cs - Importer: PreviewImporter
Importing 'GUID: ec0ac95e9016904499dba55a3fd1177e - Path: Assets/_Project/UI/EntityHealthView.cs - Importer: PreviewImporter' with importer (PreviewImporter)
Imported 'GUID: ec0ac95e9016904499dba55a3fd1177e' -> (Import Result ID: 'aeecf0c7613a9c01e2c0b04256deb930') in 0.001 seconds [static and dynamic dependencies]. Details - ImportResultOutputID=6b6ee95b0e89939cd034e7d2c801ca91 DependenciesID=5b4afdb6e7db842ce7c93415c309cd09 StaticDependenciesID=99a1dc166b74bfc86fa7138fe59e59fa 
Number of updated asset objects reloaded before import = 0
Number of asset objects unloaded after import = 0
========================================================================
Received Import Request.
  Time of request: 2026-08-15T11:18:59.9572885Z
  Time since last request: 0.0013439 seconds.
  importAddress: GUID: ec0ac95e9016904499dba55a3fd1177e - Path: Assets/_Project/UI/EntityHealthView.cs - Importer: PreviewImporter
Importing 'GUID: ec0ac95e9016904499dba55a3fd1177e - Path: Assets/_Project/UI/EntityHealthView.cs - Importer: PreviewImporter' with importer (PreviewImporter)
Imported 'GUID: ec0ac95e9016904499dba55a3fd1177e' -> (Import Result ID: 'aeecf0c7613a9c01e2c0b04256deb930') in 0.001 seconds [static and dynamic dependencies]. Details - ImportResultOutputID=6b6ee95b0e89939cd034e7d2c801ca91 DependenciesID=5b4afdb6e7db842ce7c93415c309cd09 StaticDependenciesID=99a1dc166b74bfc86fa7138fe59e59fa 
Number of updated asset objects reloaded before import = 0
Number of asset objects unloaded after import = 0
========================================================================
Received Import Request.
  Time of request: 2026-08-15T11:18:59.9991222Z
  Time since last request: 0.0047571 seconds.
  importAddress: GUID: ec0ac95e9016904499dba55a3fd1177e - Path: Assets/_Project/UI/EntityHealthView.cs - Importer: PreviewImporter
Importing 'GUID: ec0ac95e9016904499dba55a3fd1177e - Path: Assets/_Project/UI/EntityHealthView.cs - Importer: PreviewImporter' with importer (PreviewImporter)
Imported 'GUID: ec0ac95e9016904499dba55a3fd1177e' -> (Import Result ID: 'aeecf0c7613a9c01e2c0b04256deb930') in 0.001 seconds [static and dynamic dependencies]. Details - ImportResultOutputID=6b6ee95b0e89939cd034e7d2c801ca91 DependenciesID=5b4afdb6e7db842ce7c93415c309cd09 StaticDependenciesID=99a1dc166b74bfc86fa7138fe59e59fa 
Number of updated asset objects reloaded before import = 0
Number of asset objects unloaded after import = 0
========================================================================
Received Import Request.
  Time of request: 2026-08-15T11:19:00.0447352Z
  Time since last request: 0.0021444 seconds.
  importAddress: GUID: ec0ac95e9016904499dba55a3fd1177e - Path: Assets/_Project/UI/EntityHealthView.cs - Importer: PreviewImporter
Importing 'GUID: ec0ac95e9016904499dba55a3fd1177e - Path: Assets/_Project/UI/EntityHealthView.cs - Importer: PreviewImporter' with importer (PreviewImporter)
Imported 'GUID: ec0ac95e9016904499dba55a3fd1177e' -> (Import Result ID: 'aeecf0c7613a9c01e2c0b04256deb930') in 0.001 seconds [static and dynamic dependencies]. Details - ImportResultOutputID=6b6ee95b0e89939cd034e7d2c801ca91 DependenciesID=5b4afdb6e7db842ce7c93415c309cd09 StaticDependenciesID=99a1dc166b74bfc86fa7138fe59e59fa 
Number of updated asset objects reloaded before import = 0
Number of asset objects unloaded after import = 0
========================================================================
Received Import Request.
  Time of request: 2026-08-15T11:19:00.0959862Z
  Time since last request: 0.0008023 seconds.
  importAddress: GUID: ec0ac95e9016904499dba55a3fd1177e - Path: Assets/_Project/UI/EntityHealthView.cs - Importer: PreviewImporter
Importing 'GUID: ec0ac95e9016904499dba55a3fd1177e - Path: Assets/_Project/UI/EntityHealthView.cs - Importer: PreviewImporter' with importer (PreviewImporter)
Imported 'GUID: ec0ac95e9016904499dba55a3fd1177e' -> (Import Result ID: 'aeecf0c7613a9c01e2c0b04256deb930') in 0.001 seconds [static and dynamic dependencies]. Details - ImportResultOutputID=6b6ee95b0e89939cd034e7d2c801ca91 DependenciesID=5b4afdb6e7db842ce7c93415c309cd09 StaticDependenciesID=99a1dc166b74bfc86fa7138fe59e59fa 
Number of updated asset objects reloaded before import = 0
Number of asset objects unloaded after import = 0
========================================================================
Received Import Request.
  Time of request: 2026-08-15T11:19:00.158588Z
  Time since last request: 0.0043804 seconds.
  importAddress: GUID: ec0ac95e9016904499dba55a3fd1177e - Path: Assets/_Project/UI/EntityHealthView.cs - Importer: PreviewImporter
Importing 'GUID: ec0ac95e9016904499dba55a3fd1177e - Path: Assets/_Project/UI/EntityHealthView.cs - Importer: PreviewImporter' with importer (PreviewImporter)
Imported 'GUID: ec0ac95e9016904499dba55a3fd1177e' -> (Import Result ID: 'aeecf0c7613a9c01e2c0b04256deb930') in 0.001 seconds [static and dynamic dependencies]. Details - ImportResultOutputID=6b6ee95b0e89939cd034e7d2c801ca91 DependenciesID=5b4afdb6e7db842ce7c93415c309cd09 StaticDependenciesID=99a1dc166b74bfc86fa7138fe59e59fa 
Number of updated asset objects reloaded before import = 0
Number of asset objects unloaded after import = 0
========================================================================
Received Import Request.
  Time of request: 2026-08-15T11:19:00.22287Z
  Time since last request: 0.0010409 seconds.
  importAddress: GUID: ec0ac95e9016904499dba55a3fd1177e - Path: Assets/_Project/UI/EntityHealthView.cs - Importer: PreviewImporter
Importing 'GUID: ec0ac95e9016904499dba55a3fd1177e - Path: Assets/_Project/UI/EntityHealthView.cs - Importer: PreviewImporter' with importer (PreviewImporter)
Imported 'GUID: ec0ac95e9016904499dba55a3fd1177e' -> (Import Result ID: 'aeecf0c7613a9c01e2c0b04256deb930') in 0.001 seconds [static and dynamic dependencies]. Details - ImportResultOutputID=6b6ee95b0e89939cd034e7d2c801ca91 DependenciesID=5b4afdb6e7db842ce7c93415c309cd09 StaticDependenciesID=99a1dc166b74bfc86fa7138fe59e59fa 
Number of updated asset objects reloaded before import = 0
Number of asset objects unloaded after import = 0
========================================================================
Received Import Request.
  Time of request: 2026-08-15T11:19:01.6467704Z
  Time since last request: 1.3885396 seconds.
  importAddress: GUID: ec0ac95e9016904499dba55a3fd1177e - Path: Assets/_Project/UI/EntityHealthView.cs - Importer: PreviewImporter
Importing 'GUID: ec0ac95e9016904499dba55a3fd1177e - Path: Assets/_Project/UI/EntityHealthView.cs - Importer: PreviewImporter' with importer (PreviewImporter)
Imported 'GUID: ec0ac95e9016904499dba55a3fd1177e' -> (Import Result ID: 'aeecf0c7613a9c01e2c0b04256deb930') in 0.001 seconds [static and dynamic dependencies]. Details - ImportResultOutputID=6b6ee95b0e89939cd034e7d2c801ca91 DependenciesID=5b4afdb6e7db842ce7c93415c309cd09 StaticDependenciesID=99a1dc166b74bfc86fa7138fe59e59fa 
Number of updated asset objects reloaded before import = 0
Number of asset objects unloaded after import = 0
========================================================================
Received Import Request.
  Time of request: 2026-08-15T11:19:01.6892144Z
  Time since last request: 0.001315 seconds.
  importAddress: GUID: ec0ac95e9016904499dba55a3fd1177e - Path: Assets/_Project/UI/EntityHealthView.cs - Importer: PreviewImporter
Importing 'GUID: ec0ac95e9016904499dba55a3fd1177e - Path: Assets/_Project/UI/EntityHealthView.cs - Importer: PreviewImporter' with importer (PreviewImporter)
Imported 'GUID: ec0ac95e9016904499dba55a3fd1177e' -> (Import Result ID: 'aeecf0c7613a9c01e2c0b04256deb930') in 0.001 seconds [static and dynamic dependencies]. Details - ImportResultOutputID=6b6ee95b0e89939cd034e7d2c801ca91 DependenciesID=5b4afdb6e7db842ce7c93415c309cd09 StaticDependenciesID=99a1dc166b74bfc86fa7138fe59e59fa 
Number of updated asset objects reloaded before import = 0
Number of asset objects unloaded after import = 0
========================================================================
Received Import Request.
  Time of request: 2026-08-15T11:19:01.7296464Z
  Time since last request: 0.0041556 seconds.
  importAddress: GUID: ec0ac95e9016904499dba55a3fd1177e - Path: Assets/_Project/UI/EntityHealthView.cs - Importer: PreviewImporter
Importing 'GUID: ec0ac95e9016904499dba55a3fd1177e - Path: Assets/_Project/UI/EntityHealthView.cs - Importer: PreviewImporter' with importer (PreviewImporter)
Imported 'GUID: ec0ac95e9016904499dba55a3fd1177e' -> (Import Result ID: 'aeecf0c7613a9c01e2c0b04256deb930') in 0.002 seconds [static and dynamic dependencies]. Details - ImportResultOutputID=6b6ee95b0e89939cd034e7d2c801ca91 DependenciesID=5b4afdb6e7db842ce7c93415c309cd09 StaticDependenciesID=99a1dc166b74bfc86fa7138fe59e59fa 
Number of updated asset objects reloaded before import = 0
Number of asset objects unloaded after import = 0
========================================================================
Received Import Request.
  Time of request: 2026-08-15T11:19:01.765925Z
  Time since last request: 0.0007322 seconds.
  importAddress: GUID: ec0ac95e9016904499dba55a3fd1177e - Path: Assets/_Project/UI/EntityHealthView.cs - Importer: PreviewImporter
Importing 'GUID: ec0ac95e9016904499dba55a3fd1177e - Path: Assets/_Project/UI/EntityHealthView.cs - Importer: PreviewImporter' with importer (PreviewImporter)
Imported 'GUID: ec0ac95e9016904499dba55a3fd1177e' -> (Import Result ID: 'aeecf0c7613a9c01e2c0b04256deb930') in 0.001 seconds [static and dynamic dependencies]. Details - ImportResultOutputID=6b6ee95b0e89939cd034e7d2c801ca91 DependenciesID=5b4afdb6e7db842ce7c93415c309cd09 StaticDependenciesID=99a1dc166b74bfc86fa7138fe59e59fa 
Number of updated asset objects reloaded before import = 0
Number of asset objects unloaded after import = 0
========================================================================
Received Import Request.
  Time of request: 2026-08-15T11:19:01.7965829Z
  Time since last request: 0.0044312 seconds.
  importAddress: GUID: ec0ac95e9016904499dba55a3fd1177e - Path: Assets/_Project/UI/EntityHealthView.cs - Importer: PreviewImporter
Importing 'GUID: ec0ac95e9016904499dba55a3fd1177e - Path: Assets/_Project/UI/EntityHealthView.cs - Importer: PreviewImporter' with importer (PreviewImporter)
Imported 'GUID: ec0ac95e9016904499dba55a3fd1177e' -> (Import Result ID: 'aeecf0c7613a9c01e2c0b04256deb930') in 0.003 seconds [static and dynamic dependencies]. Details - ImportResultOutputID=6b6ee95b0e89939cd034e7d2c801ca91 DependenciesID=5b4afdb6e7db842ce7c93415c309cd09 StaticDependenciesID=99a1dc166b74bfc86fa7138fe59e59fa 
Number of updated asset objects reloaded before import = 0
Number of asset objects unloaded after import = 0
========================================================================
Received Import Request.
  Time of request: 2026-08-15T11:19:01.8423101Z
  Time since last request: 0.0040455 seconds.
  importAddress: GUID: ec0ac95e9016904499dba55a3fd1177e - Path: Assets/_Project/UI/EntityHealthView.cs - Importer: PreviewImporter
Importing 'GUID: ec0ac95e9016904499dba55a3fd1177e - Path: Assets/_Project/UI/EntityHealthView.cs - Importer: PreviewImporter' with importer (PreviewImporter)
Imported 'GUID: ec0ac95e9016904499dba55a3fd1177e' -> (Import Result ID: 'aeecf0c7613a9c01e2c0b04256deb930') in 0.001 seconds [static and dynamic dependencies]. Details - ImportResultOutputID=6b6ee95b0e89939cd034e7d2c801ca91 DependenciesID=5b4afdb6e7db842ce7c93415c309cd09 StaticDependenciesID=99a1dc166b74bfc86fa7138fe59e59fa 
Number of updated asset objects reloaded before import = 0
Number of asset objects unloaded after import = 0
========================================================================
Received Import Request.
  Time of request: 2026-08-15T11:19:01.8885889Z
  Time since last request: 0.0032629 seconds.
  importAddress: GUID: ec0ac95e9016904499dba55a3fd1177e - Path: Assets/_Project/UI/EntityHealthView.cs - Importer: PreviewImporter
Importing 'GUID: ec0ac95e9016904499dba55a3fd1177e - Path: Assets/_Project/UI/EntityHealthView.cs - Importer: PreviewImporter' with importer (PreviewImporter)
Imported 'GUID: ec0ac95e9016904499dba55a3fd1177e' -> (Import Result ID: 'aeecf0c7613a9c01e2c0b04256deb930') in 0.001 seconds [static and dynamic dependencies]. Details - ImportResultOutputID=6b6ee95b0e89939cd034e7d2c801ca91 DependenciesID=5b4afdb6e7db842ce7c93415c309cd09 StaticDependenciesID=99a1dc166b74bfc86fa7138fe59e59fa 
Number of updated asset objects reloaded before import = 0
Number of asset objects unloaded after import = 0
========================================================================
Received Import Request.
  Time of request: 2026-08-15T11:19:01.9309587Z
  Time since last request: 0.0052035 seconds.
  importAddress: GUID: ec0ac95e9016904499dba55a3fd1177e - Path: Assets/_Project/UI/EntityHealthView.cs - Importer: PreviewImporter
Importing 'GUID: ec0ac95e9016904499dba55a3fd1177e - Path: Assets/_Project/UI/EntityHealthView.cs - Importer: PreviewImporter' with importer (PreviewImporter)
Imported 'GUID: ec0ac95e9016904499dba55a3fd1177e' -> (Import Result ID: 'aeecf0c7613a9c01e2c0b04256deb930') in 0.001 seconds [static and dynamic dependencies]. Details - ImportResultOutputID=6b6ee95b0e89939cd034e7d2c801ca91 DependenciesID=5b4afdb6e7db842ce7c93415c309cd09 StaticDependenciesID=99a1dc166b74bfc86fa7138fe59e59fa 
Number of updated asset objects reloaded before import = 0
Number of asset objects unloaded after import = 0
========================================================================
Received Import Request.
  Time of request: 2026-08-15T11:19:01.9759163Z
  Time since last request: 0.0049142 seconds.
  importAddress: GUID: ec0ac95e9016904499dba55a3fd1177e - Path: Assets/_Project/UI/EntityHealthView.cs - Importer: PreviewImporter
Importing 'GUID: ec0ac95e9016904499dba55a3fd1177e - Path: Assets/_Project/UI/EntityHealthView.cs - Importer: PreviewImporter' with importer (PreviewImporter)
Imported 'GUID: ec0ac95e9016904499dba55a3fd1177e' -> (Import Result ID: 'aeecf0c7613a9c01e2c0b04256deb930') in 0.001 seconds [static and dynamic dependencies]. Details - ImportResultOutputID=6b6ee95b0e89939cd034e7d2c801ca91 DependenciesID=5b4afdb6e7db842ce7c93415c309cd09 StaticDependenciesID=99a1dc166b74bfc86fa7138fe59e59fa 
Number of updated asset objects reloaded before import = 0
Number of asset objects unloaded after import = 0
========================================================================
Received Import Request.
  Time of request: 2026-08-15T11:19:02.0101715Z
  Time since last request: 0.0006614 seconds.
  importAddress: GUID: ec0ac95e9016904499dba55a3fd1177e - Path: Assets/_Project/UI/EntityHealthView.cs - Importer: PreviewImporter
Importing 'GUID: ec0ac95e9016904499dba55a3fd1177e - Path: Assets/_Project/UI/EntityHealthView.cs - Importer: PreviewImporter' with importer (PreviewImporter)
Imported 'GUID: ec0ac95e9016904499dba55a3fd1177e' -> (Import Result ID: 'aeecf0c7613a9c01e2c0b04256deb930') in 0.001 seconds [static and dynamic dependencies]. Details - ImportResultOutputID=6b6ee95b0e89939cd034e7d2c801ca91 DependenciesID=5b4afdb6e7db842ce7c93415c309cd09 StaticDependenciesID=99a1dc166b74bfc86fa7138fe59e59fa 
Number of updated asset objects reloaded before import = 0
Number of asset objects unloaded after import = 0
========================================================================
Received Import Request.
  Time of request: 2026-08-15T11:19:02.0648719Z
  Time since last request: 0.0011904 seconds.
  importAddress: GUID: ec0ac95e9016904499dba55a3fd1177e - Path: Assets/_Project/UI/EntityHealthView.cs - Importer: PreviewImporter
Importing 'GUID: ec0ac95e9016904499dba55a3fd1177e - Path: Assets/_Project/UI/EntityHealthView.cs - Importer: PreviewImporter' with importer (PreviewImporter)
Imported 'GUID: ec0ac95e9016904499dba55a3fd1177e' -> (Import Result ID: 'aeecf0c7613a9c01e2c0b04256deb930') in 0.001 seconds [static and dynamic dependencies]. Details - ImportResultOutputID=6b6ee95b0e89939cd034e7d2c801ca91 DependenciesID=5b4afdb6e7db842ce7c93415c309cd09 StaticDependenciesID=99a1dc166b74bfc86fa7138fe59e59fa 
Number of updated asset objects reloaded before import = 0
Number of asset objects unloaded after import = 0
========================================================================
Received Import Request.
  Time of request: 2026-08-15T11:19:02.0942808Z
  Time since last request: 0.0007394 seconds.
  importAddress: GUID: ec0ac95e9016904499dba55a3fd1177e - Path: Assets/_Project/UI/EntityHealthView.cs - Importer: PreviewImporter
Importing 'GUID: ec0ac95e9016904499dba55a3fd1177e - Path: Assets/_Project/UI/EntityHealthView.cs - Importer: PreviewImporter' with importer (PreviewImporter)
Imported 'GUID: ec0ac95e9016904499dba55a3fd1177e' -> (Import Result ID: 'aeecf0c7613a9c01e2c0b04256deb930') in 0.001 seconds [static and dynamic dependencies]. Details - ImportResultOutputID=6b6ee95b0e89939cd034e7d2c801ca91 DependenciesID=5b4afdb6e7db842ce7c93415c309cd09 StaticDependenciesID=99a1dc166b74bfc86fa7138fe59e59fa 
Number of updated asset objects reloaded before import = 0
Number of asset objects unloaded after import = 0
========================================================================
Received Import Request.
  Time of request: 2026-08-15T11:19:02.1292616Z
  Time since last request: 0.0019871 seconds.
  importAddress: GUID: ec0ac95e9016904499dba55a3fd1177e - Path: Assets/_Project/UI/EntityHealthView.cs - Importer: PreviewImporter
Importing 'GUID: ec0ac95e9016904499dba55a3fd1177e - Path: Assets/_Project/UI/EntityHealthView.cs - Importer: PreviewImporter' with importer (PreviewImporter)
Imported 'GUID: ec0ac95e9016904499dba55a3fd1177e' -> (Import Result ID: 'aeecf0c7613a9c01e2c0b04256deb930') in 0.001 seconds [static and dynamic dependencies]. Details - ImportResultOutputID=6b6ee95b0e89939cd034e7d2c801ca91 DependenciesID=5b4afdb6e7db842ce7c93415c309cd09 StaticDependenciesID=99a1dc166b74bfc86fa7138fe59e59fa 
Number of updated asset objects reloaded before import = 0
Number of asset objects unloaded after import = 0
========================================================================
Received Import Request.
  Time of request: 2026-08-15T11:19:02.163323Z
  Time since last request: 0.0028259 seconds.
  importAddress: GUID: ec0ac95e9016904499dba55a3fd1177e - Path: Assets/_Project/UI/EntityHealthView.cs - Importer: PreviewImporter
Importing 'GUID: ec0ac95e9016904499dba55a3fd1177e - Path: Assets/_Project/UI/EntityHealthView.cs - Importer: PreviewImporter' with importer (PreviewImporter)
Imported 'GUID: ec0ac95e9016904499dba55a3fd1177e' -> (Import Result ID: 'aeecf0c7613a9c01e2c0b04256deb930') in 0.001 seconds [static and dynamic dependencies]. Details - ImportResultOutputID=6b6ee95b0e89939cd034e7d2c801ca91 DependenciesID=5b4afdb6e7db842ce7c93415c309cd09 StaticDependenciesID=99a1dc166b74bfc86fa7138fe59e59fa 
Number of updated asset objects reloaded before import = 0
Number of asset objects unloaded after import = 0
========================================================================
Received Import Request.
  Time of request: 2026-08-15T11:19:02.1951711Z
  Time since last request: 0.0018019 seconds.
  importAddress: GUID: ec0ac95e9016904499dba55a3fd1177e - Path: Assets/_Project/UI/EntityHealthView.cs - Importer: PreviewImporter
Importing 'GUID: ec0ac95e9016904499dba55a3fd1177e - Path: Assets/_Project/UI/EntityHealthView.cs - Importer: PreviewImporter' with importer (PreviewImporter)
Imported 'GUID: ec0ac95e9016904499dba55a3fd1177e' -> (Import Result ID: 'aeecf0c7613a9c01e2c0b04256deb930') in 0.001 seconds [static and dynamic dependencies]. Details - ImportResultOutputID=6b6ee95b0e89939cd034e7d2c801ca91 DependenciesID=5b4afdb6e7db842ce7c93415c309cd09 StaticDependenciesID=99a1dc166b74bfc86fa7138fe59e59fa 
Number of updated asset objects reloaded before import = 0
Number of asset objects unloaded after import = 0
========================================================================
Received Import Request.
  Time of request: 2026-08-15T11:19:02.2277613Z
  Time since last request: 0.0015017 seconds.
  importAddress: GUID: ec0ac95e9016904499dba55a3fd1177e - Path: Assets/_Project/UI/EntityHealthView.cs - Importer: PreviewImporter
Importing 'GUID: ec0ac95e9016904499dba55a3fd1177e - Path: Assets/_Project/UI/EntityHealthView.cs - Importer: PreviewImporter' with importer (PreviewImporter)
Imported 'GUID: ec0ac95e9016904499dba55a3fd1177e' -> (Import Result ID: 'aeecf0c7613a9c01e2c0b04256deb930') in 0.056 seconds [static and dynamic dependencies]. Details - ImportResultOutputID=6b6ee95b0e89939cd034e7d2c801ca91 DependenciesID=5b4afdb6e7db842ce7c93415c309cd09 StaticDependenciesID=99a1dc166b74bfc86fa7138fe59e59fa 
Number of updated asset objects reloaded before import = 0
Number of asset objects unloaded after import = 0
========================================================================
Received Import Request.
  Time of request: 2026-08-15T11:19:02.3134917Z
  Time since last request: 0.0005412 seconds.
  importAddress: GUID: ec0ac95e9016904499dba55a3fd1177e - Path: Assets/_Project/UI/EntityHealthView.cs - Importer: PreviewImporter
Importing 'GUID: ec0ac95e9016904499dba55a3fd1177e - Path: Assets/_Project/UI/EntityHealthView.cs - Importer: PreviewImporter' with importer (PreviewImporter)
Imported 'GUID: ec0ac95e9016904499dba55a3fd1177e' -> (Import Result ID: 'aeecf0c7613a9c01e2c0b04256deb930') in 0.001 seconds [static and dynamic dependencies]. Details - ImportResultOutputID=6b6ee95b0e89939cd034e7d2c801ca91 DependenciesID=5b4afdb6e7db842ce7c93415c309cd09 StaticDependenciesID=99a1dc166b74bfc86fa7138fe59e59fa 
Number of updated asset objects reloaded before import = 0
Number of asset objects unloaded after import = 0
========================================================================
Received Import Request.
  Time of request: 2026-08-15T11:19:02.3473153Z
  Time since last request: 0.0033442 seconds.
  importAddress: GUID: ec0ac95e9016904499dba55a3fd1177e - Path: Assets/_Project/UI/EntityHealthView.cs - Importer: PreviewImporter
Importing 'GUID: ec0ac95e9016904499dba55a3fd1177e - Path: Assets/_Project/UI/EntityHealthView.cs - Importer: PreviewImporter' with importer (PreviewImporter)
Imported 'GUID: ec0ac95e9016904499dba55a3fd1177e' -> (Import Result ID: 'aeecf0c7613a9c01e2c0b04256deb930') in 0.001 seconds [static and dynamic dependencies]. Details - ImportResultOutputID=6b6ee95b0e89939cd034e7d2c801ca91 DependenciesID=5b4afdb6e7db842ce7c93415c309cd09 StaticDependenciesID=99a1dc166b74bfc86fa7138fe59e59fa 
Number of updated asset objects reloaded before import = 0
Number of asset objects unloaded after import = 0
========================================================================
Received Import Request.
  Time of request: 2026-08-15T11:19:02.3760268Z
  Time since last request: 0.0034455 seconds.
  importAddress: GUID: ec0ac95e9016904499dba55a3fd1177e - Path: Assets/_Project/UI/EntityHealthView.cs - Importer: PreviewImporter
Importing 'GUID: ec0ac95e9016904499dba55a3fd1177e - Path: Assets/_Project/UI/EntityHealthView.cs - Importer: PreviewImporter' with importer (PreviewImporter)
Imported 'GUID: ec0ac95e9016904499dba55a3fd1177e' -> (Import Result ID: 'aeecf0c7613a9c01e2c0b04256deb930') in 0.001 seconds [static and dynamic dependencies]. Details - ImportResultOutputID=6b6ee95b0e89939cd034e7d2c801ca91 DependenciesID=5b4afdb6e7db842ce7c93415c309cd09 StaticDependenciesID=99a1dc166b74bfc86fa7138fe59e59fa 
Number of updated asset objects reloaded before import = 0
Number of asset objects unloaded after import = 0
========================================================================
Received Import Request.
  Time of request: 2026-08-15T11:19:02.4052193Z
  Time since last request: 0.003313 seconds.
  importAddress: GUID: ec0ac95e9016904499dba55a3fd1177e - Path: Assets/_Project/UI/EntityHealthView.cs - Importer: PreviewImporter
Importing 'GUID: ec0ac95e9016904499dba55a3fd1177e - Path: Assets/_Project/UI/EntityHealthView.cs - Importer: PreviewImporter' with importer (PreviewImporter)
Imported 'GUID: ec0ac95e9016904499dba55a3fd1177e' -> (Import Result ID: 'aeecf0c7613a9c01e2c0b04256deb930') in 0.001 seconds [static and dynamic dependencies]. Details - ImportResultOutputID=6b6ee95b0e89939cd034e7d2c801ca91 DependenciesID=5b4afdb6e7db842ce7c93415c309cd09 StaticDependenciesID=99a1dc166b74bfc86fa7138fe59e59fa 
Number of updated asset objects reloaded before import = 0
Number of asset objects unloaded after import = 0
========================================================================
Received Import Request.
  Time of request: 2026-08-15T11:19:02.4357024Z
  Time since last request: 0.0031103 seconds.
  importAddress: GUID: ec0ac95e9016904499dba55a3fd1177e - Path: Assets/_Project/UI/EntityHealthView.cs - Importer: PreviewImporter
Importing 'GUID: ec0ac95e9016904499dba55a3fd1177e - Path: Assets/_Project/UI/EntityHealthView.cs - Importer: PreviewImporter' with importer (PreviewImporter)
Imported 'GUID: ec0ac95e9016904499dba55a3fd1177e' -> (Import Result ID: 'aeecf0c7613a9c01e2c0b04256deb930') in 0.001 seconds [static and dynamic dependencies]. Details - ImportResultOutputID=6b6ee95b0e89939cd034e7d2c801ca91 DependenciesID=5b4afdb6e7db842ce7c93415c309cd09 StaticDependenciesID=99a1dc166b74bfc86fa7138fe59e59fa 
Number of updated asset objects reloaded before import = 0
Number of asset objects unloaded after import = 0
========================================================================
Received Import Request.
  Time of request: 2026-08-15T11:19:02.4695675Z
  Time since last request: 0.0037176 seconds.
  importAddress: GUID: ec0ac95e9016904499dba55a3fd1177e - Path: Assets/_Project/UI/EntityHealthView.cs - Importer: PreviewImporter
Importing 'GUID: ec0ac95e9016904499dba55a3fd1177e - Path: Assets/_Project/UI/EntityHealthView.cs - Importer: PreviewImporter' with importer (PreviewImporter)
Imported 'GUID: ec0ac95e9016904499dba55a3fd1177e' -> (Import Result ID: 'aeecf0c7613a9c01e2c0b04256deb930') in 0.001 seconds [static and dynamic dependencies]. Details - ImportResultOutputID=6b6ee95b0e89939cd034e7d2c801ca91 DependenciesID=5b4afdb6e7db842ce7c93415c309cd09 StaticDependenciesID=99a1dc166b74bfc86fa7138fe59e59fa 
Number of updated asset objects reloaded before import = 0
Number of asset objects unloaded after import = 0
========================================================================
Received Import Request.
  Time of request: 2026-08-15T11:19:02.5090961Z
  Time since last request: 0.0029846 seconds.
  importAddress: GUID: ec0ac95e9016904499dba55a3fd1177e - Path: Assets/_Project/UI/EntityHealthView.cs - Importer: PreviewImporter
Importing 'GUID: ec0ac95e9016904499dba55a3fd1177e - Path: Assets/_Project/UI/EntityHealthView.cs - Importer: PreviewImporter' with importer (PreviewImporter)
Imported 'GUID: ec0ac95e9016904499dba55a3fd1177e' -> (Import Result ID: 'aeecf0c7613a9c01e2c0b04256deb930') in 0.001 seconds [static and dynamic dependencies]. Details - ImportResultOutputID=6b6ee95b0e89939cd034e7d2c801ca91 DependenciesID=5b4afdb6e7db842ce7c93415c309cd09 StaticDependenciesID=99a1dc166b74bfc86fa7138fe59e59fa 
Number of updated asset objects reloaded before import = 0
Number of asset objects unloaded after import = 0
========================================================================
Received Import Request.
  Time of request: 2026-08-15T11:19:02.5433882Z
  Time since last request: 0.0041562 seconds.
  importAddress: GUID: ec0ac95e9016904499dba55a3fd1177e - Path: Assets/_Project/UI/EntityHealthView.cs - Importer: PreviewImporter
Importing 'GUID: ec0ac95e9016904499dba55a3fd1177e - Path: Assets/_Project/UI/EntityHealthView.cs - Importer: PreviewImporter' with importer (PreviewImporter)
Imported 'GUID: ec0ac95e9016904499dba55a3fd1177e' -> (Import Result ID: 'aeecf0c7613a9c01e2c0b04256deb930') in 0.001 seconds [static and dynamic dependencies]. Details - ImportResultOutputID=6b6ee95b0e89939cd034e7d2c801ca91 DependenciesID=5b4afdb6e7db842ce7c93415c309cd09 StaticDependenciesID=99a1dc166b74bfc86fa7138fe59e59fa 
Number of updated asset objects reloaded before import = 0
Number of asset objects unloaded after import = 0
========================================================================
Received Import Request.
  Time of request: 2026-08-15T11:19:02.5764883Z
  Time since last request: 0.0029296 seconds.
  importAddress: GUID: ec0ac95e9016904499dba55a3fd1177e - Path: Assets/_Project/UI/EntityHealthView.cs - Importer: PreviewImporter
Importing 'GUID: ec0ac95e9016904499dba55a3fd1177e - Path: Assets/_Project/UI/EntityHealthView.cs - Importer: PreviewImporter' with importer (PreviewImporter)
Imported 'GUID: ec0ac95e9016904499dba55a3fd1177e' -> (Import Result ID: 'aeecf0c7613a9c01e2c0b04256deb930') in 0.001 seconds [static and dynamic dependencies]. Details - ImportResultOutputID=6b6ee95b0e89939cd034e7d2c801ca91 DependenciesID=5b4afdb6e7db842ce7c93415c309cd09 StaticDependenciesID=99a1dc166b74bfc86fa7138fe59e59fa 
Number of updated asset objects reloaded before import = 0
Number of asset objects unloaded after import = 0
========================================================================
Received Import Request.
  Time of request: 2026-08-15T11:19:02.6076429Z
  Time since last request: 0.0006901 seconds.
  importAddress: GUID: ec0ac95e9016904499dba55a3fd1177e - Path: Assets/_Project/UI/EntityHealthView.cs - Importer: PreviewImporter
Importing 'GUID: ec0ac95e9016904499dba55a3fd1177e - Path: Assets/_Project/UI/EntityHealthView.cs - Importer: PreviewImporter' with importer (PreviewImporter)
Imported 'GUID: ec0ac95e9016904499dba55a3fd1177e' -> (Import Result ID: 'aeecf0c7613a9c01e2c0b04256deb930') in 0.001 seconds [static and dynamic dependencies]. Details - ImportResultOutputID=6b6ee95b0e89939cd034e7d2c801ca91 DependenciesID=5b4afdb6e7db842ce7c93415c309cd09 StaticDependenciesID=99a1dc166b74bfc86fa7138fe59e59fa 
Number of updated asset objects reloaded before import = 0
Number of asset objects unloaded after import = 0
========================================================================
Received Import Request.
  Time of request: 2026-08-15T11:19:02.6373487Z
  Time since last request: 0.0012174 seconds.
  importAddress: GUID: ec0ac95e9016904499dba55a3fd1177e - Path: Assets/_Project/UI/EntityHealthView.cs - Importer: PreviewImporter
Importing 'GUID: ec0ac95e9016904499dba55a3fd1177e - Path: Assets/_Project/UI/EntityHealthView.cs - Importer: PreviewImporter' with importer (PreviewImporter)
Imported 'GUID: ec0ac95e9016904499dba55a3fd1177e' -> (Import Result ID: 'aeecf0c7613a9c01e2c0b04256deb930') in 0.001 seconds [static and dynamic dependencies]. Details - ImportResultOutputID=6b6ee95b0e89939cd034e7d2c801ca91 DependenciesID=5b4afdb6e7db842ce7c93415c309cd09 StaticDependenciesID=99a1dc166b74bfc86fa7138fe59e59fa 
Number of updated asset objects reloaded before import = 0
Number of asset objects unloaded after import = 0
========================================================================
Received Import Request.
  Time of request: 2026-08-15T11:19:02.6801882Z
  Time since last request: 0.0015381 seconds.
  importAddress: GUID: ec0ac95e9016904499dba55a3fd1177e - Path: Assets/_Project/UI/EntityHealthView.cs - Importer: PreviewImporter
Importing 'GUID: ec0ac95e9016904499dba55a3fd1177e - Path: Assets/_Project/UI/EntityHealthView.cs - Importer: PreviewImporter' with importer (PreviewImporter)
Imported 'GUID: ec0ac95e9016904499dba55a3fd1177e' -> (Import Result ID: 'aeecf0c7613a9c01e2c0b04256deb930') in 0.001 seconds [static and dynamic dependencies]. Details - ImportResultOutputID=6b6ee95b0e89939cd034e7d2c801ca91 DependenciesID=5b4afdb6e7db842ce7c93415c309cd09 StaticDependenciesID=99a1dc166b74bfc86fa7138fe59e59fa 
Number of updated asset objects reloaded before import = 0
Number of asset objects unloaded after import = 0
========================================================================
Received Import Request.
  Time of request: 2026-08-15T11:19:02.7264666Z
  Time since last request: 0.0023095 seconds.
  importAddress: GUID: ec0ac95e9016904499dba55a3fd1177e - Path: Assets/_Project/UI/EntityHealthView.cs - Importer: PreviewImporter
Importing 'GUID: ec0ac95e9016904499dba55a3fd1177e - Path: Assets/_Project/UI/EntityHealthView.cs - Importer: PreviewImporter' with importer (PreviewImporter)
Imported 'GUID: ec0ac95e9016904499dba55a3fd1177e' -> (Import Result ID: 'aeecf0c7613a9c01e2c0b04256deb930') in 0.001 seconds [static and dynamic dependencies]. Details - ImportResultOutputID=6b6ee95b0e89939cd034e7d2c801ca91 DependenciesID=5b4afdb6e7db842ce7c93415c309cd09 StaticDependenciesID=99a1dc166b74bfc86fa7138fe59e59fa 
Number of updated asset objects reloaded before import = 0
Number of asset objects unloaded after import = 0
========================================================================
Received Import Request.
  Time of request: 2026-08-15T11:19:02.7659183Z
  Time since last request: 0.0010939 seconds.
  importAddress: GUID: ec0ac95e9016904499dba55a3fd1177e - Path: Assets/_Project/UI/EntityHealthView.cs - Importer: PreviewImporter
Importing 'GUID: ec0ac95e9016904499dba55a3fd1177e - Path: Assets/_Project/UI/EntityHealthView.cs - Importer: PreviewImporter' with importer (PreviewImporter)
Imported 'GUID: ec0ac95e9016904499dba55a3fd1177e' -> (Import Result ID: 'aeecf0c7613a9c01e2c0b04256deb930') in 0.001 seconds [static and dynamic dependencies]. Details - ImportResultOutputID=6b6ee95b0e89939cd034e7d2c801ca91 DependenciesID=5b4afdb6e7db842ce7c93415c309cd09 StaticDependenciesID=99a1dc166b74bfc86fa7138fe59e59fa 
Number of updated asset objects reloaded before import = 0
Number of asset objects unloaded after import = 0
========================================================================
Received Import Request.
  Time of request: 2026-08-15T11:19:02.7983726Z
  Time since last request: 0.003309 seconds.
  importAddress: GUID: ec0ac95e9016904499dba55a3fd1177e - Path: Assets/_Project/UI/EntityHealthView.cs - Importer: PreviewImporter
Importing 'GUID: ec0ac95e9016904499dba55a3fd1177e - Path: Assets/_Project/UI/EntityHealthView.cs - Importer: PreviewImporter' with importer (PreviewImporter)
Imported 'GUID: ec0ac95e9016904499dba55a3fd1177e' -> (Import Result ID: 'aeecf0c7613a9c01e2c0b04256deb930') in 0.001 seconds [static and dynamic dependencies]. Details - ImportResultOutputID=6b6ee95b0e89939cd034e7d2c801ca91 DependenciesID=5b4afdb6e7db842ce7c93415c309cd09 StaticDependenciesID=99a1dc166b74bfc86fa7138fe59e59fa 
Number of updated asset objects reloaded before import = 0
Number of asset objects unloaded after import = 0
========================================================================
Received Import Request.
  Time of request: 2026-08-15T11:19:02.8295013Z
  Time since last request: 0.0030941 seconds.
  importAddress: GUID: ec0ac95e9016904499dba55a3fd1177e - Path: Assets/_Project/UI/EntityHealthView.cs - Importer: PreviewImporter
Importing 'GUID: ec0ac95e9016904499dba55a3fd1177e - Path: Assets/_Project/UI/EntityHealthView.cs - Importer: PreviewImporter' with importer (PreviewImporter)
Imported 'GUID: ec0ac95e9016904499dba55a3fd1177e' -> (Import Result ID: 'aeecf0c7613a9c01e2c0b04256deb930') in 0.001 seconds [static and dynamic dependencies]. Details - ImportResultOutputID=6b6ee95b0e89939cd034e7d2c801ca91 DependenciesID=5b4afdb6e7db842ce7c93415c309cd09 StaticDependenciesID=99a1dc166b74bfc86fa7138fe59e59fa 
Number of updated asset objects reloaded before import = 0
Number of asset objects unloaded after import = 0
========================================================================
Received Import Request.
  Time of request: 2026-08-15T11:19:02.8718507Z
  Time since last request: 0.0036671 seconds.
  importAddress: GUID: ec0ac95e9016904499dba55a3fd1177e - Path: Assets/_Project/UI/EntityHealthView.cs - Importer: PreviewImporter
Importing 'GUID: ec0ac95e9016904499dba55a3fd1177e - Path: Assets/_Project/UI/EntityHealthView.cs - Importer: PreviewImporter' with importer (PreviewImporter)
Imported 'GUID: ec0ac95e9016904499dba55a3fd1177e' -> (Import Result ID: 'aeecf0c7613a9c01e2c0b04256deb930') in 0.001 seconds [static and dynamic dependencies]. Details - ImportResultOutputID=6b6ee95b0e89939cd034e7d2c801ca91 DependenciesID=5b4afdb6e7db842ce7c93415c309cd09 StaticDependenciesID=99a1dc166b74bfc86fa7138fe59e59fa 
Number of updated asset objects reloaded before import = 0
Number of asset objects unloaded after import = 0
========================================================================
Received Import Request.
  Time of request: 2026-08-15T11:19:02.9220285Z
  Time since last request: 0.0038123 seconds.
  importAddress: GUID: ec0ac95e9016904499dba55a3fd1177e - Path: Assets/_Project/UI/EntityHealthView.cs - Importer: PreviewImporter
Importing 'GUID: ec0ac95e9016904499dba55a3fd1177e - Path: Assets/_Project/UI/EntityHealthView.cs - Importer: PreviewImporter' with importer (PreviewImporter)
Imported 'GUID: ec0ac95e9016904499dba55a3fd1177e' -> (Import Result ID: 'aeecf0c7613a9c01e2c0b04256deb930') in 0.001 seconds [static and dynamic dependencies]. Details - ImportResultOutputID=6b6ee95b0e89939cd034e7d2c801ca91 DependenciesID=5b4afdb6e7db842ce7c93415c309cd09 StaticDependenciesID=99a1dc166b74bfc86fa7138fe59e59fa 
Number of updated asset objects reloaded before import = 0
Number of asset objects unloaded after import = 0
========================================================================
Received Import Request.
  Time of request: 2026-08-15T11:19:02.9574852Z
  Time since last request: 0.0045637 seconds.
  importAddress: GUID: ec0ac95e9016904499dba55a3fd1177e - Path: Assets/_Project/UI/EntityHealthView.cs - Importer: PreviewImporter
Importing 'GUID: ec0ac95e9016904499dba55a3fd1177e - Path: Assets/_Project/UI/EntityHealthView.cs - Importer: PreviewImporter' with importer (PreviewImporter)
Imported 'GUID: ec0ac95e9016904499dba55a3fd1177e' -> (Import Result ID: 'aeecf0c7613a9c01e2c0b04256deb930') in 0.001 seconds [static and dynamic dependencies]. Details - ImportResultOutputID=6b6ee95b0e89939cd034e7d2c801ca91 DependenciesID=5b4afdb6e7db842ce7c93415c309cd09 StaticDependenciesID=99a1dc166b74bfc86fa7138fe59e59fa 
Number of updated asset objects reloaded before import = 0
Number of asset objects unloaded after import = 0
========================================================================
Received Import Request.
  Time of request: 2026-08-15T11:19:02.9922359Z
  Time since last request: 0.0028776 seconds.
  importAddress: GUID: ec0ac95e9016904499dba55a3fd1177e - Path: Assets/_Project/UI/EntityHealthView.cs - Importer: PreviewImporter
Importing 'GUID: ec0ac95e9016904499dba55a3fd1177e - Path: Assets/_Project/UI/EntityHealthView.cs - Importer: PreviewImporter' with importer (PreviewImporter)
Imported 'GUID: ec0ac95e9016904499dba55a3fd1177e' -> (Import Result ID: 'aeecf0c7613a9c01e2c0b04256deb930') in 0.001 seconds [static and dynamic dependencies]. Details - ImportResultOutputID=6b6ee95b0e89939cd034e7d2c801ca91 DependenciesID=5b4afdb6e7db842ce7c93415c309cd09 StaticDependenciesID=99a1dc166b74bfc86fa7138fe59e59fa 
Number of updated asset objects reloaded before import = 0
Number of asset objects unloaded after import = 0
========================================================================
Received Import Request.
  Time of request: 2026-08-15T11:19:03.0272999Z
  Time since last request: 0.0027397 seconds.
  importAddress: GUID: ec0ac95e9016904499dba55a3fd1177e - Path: Assets/_Project/UI/EntityHealthView.cs - Importer: PreviewImporter
Importing 'GUID: ec0ac95e9016904499dba55a3fd1177e - Path: Assets/_Project/UI/EntityHealthView.cs - Importer: PreviewImporter' with importer (PreviewImporter)
Imported 'GUID: ec0ac95e9016904499dba55a3fd1177e' -> (Import Result ID: 'aeecf0c7613a9c01e2c0b04256deb930') in 0.001 seconds [static and dynamic dependencies]. Details - ImportResultOutputID=6b6ee95b0e89939cd034e7d2c801ca91 DependenciesID=5b4afdb6e7db842ce7c93415c309cd09 StaticDependenciesID=99a1dc166b74bfc86fa7138fe59e59fa 
Number of updated asset objects reloaded before import = 0
Number of asset objects unloaded after import = 0
========================================================================
Received Import Request.
  Time of request: 2026-08-15T11:19:03.0632862Z
  Time since last request: 0.0009348 seconds.
  importAddress: GUID: ec0ac95e9016904499dba55a3fd1177e - Path: Assets/_Project/UI/EntityHealthView.cs - Importer: PreviewImporter
Importing 'GUID: ec0ac95e9016904499dba55a3fd1177e - Path: Assets/_Project/UI/EntityHealthView.cs - Importer: PreviewImporter' with importer (PreviewImporter)
Imported 'GUID: ec0ac95e9016904499dba55a3fd1177e' -> (Import Result ID: 'aeecf0c7613a9c01e2c0b04256deb930') in 0.001 seconds [static and dynamic dependencies]. Details - ImportResultOutputID=6b6ee95b0e89939cd034e7d2c801ca91 DependenciesID=5b4afdb6e7db842ce7c93415c309cd09 StaticDependenciesID=99a1dc166b74bfc86fa7138fe59e59fa 
Number of updated asset objects reloaded before import = 0
Number of asset objects unloaded after import = 0
========================================================================
Received Import Request.
  Time of request: 2026-08-15T11:19:03.1120901Z
  Time since last request: 0.0053083 seconds.
  importAddress: GUID: ec0ac95e9016904499dba55a3fd1177e - Path: Assets/_Project/UI/EntityHealthView.cs - Importer: PreviewImporter
Importing 'GUID: ec0ac95e9016904499dba55a3fd1177e - Path: Assets/_Project/UI/EntityHealthView.cs - Importer: PreviewImporter' with importer (PreviewImporter)
Imported 'GUID: ec0ac95e9016904499dba55a3fd1177e' -> (Import Result ID: 'aeecf0c7613a9c01e2c0b04256deb930') in 0.001 seconds [static and dynamic dependencies]. Details - ImportResultOutputID=6b6ee95b0e89939cd034e7d2c801ca91 DependenciesID=5b4afdb6e7db842ce7c93415c309cd09 StaticDependenciesID=99a1dc166b74bfc86fa7138fe59e59fa 
Number of updated asset objects reloaded before import = 0
Number of asset objects unloaded after import = 0
========================================================================
Received Import Request.
  Time of request: 2026-08-15T11:19:03.1625665Z
  Time since last request: 0.0026125 seconds.
  importAddress: GUID: ec0ac95e9016904499dba55a3fd1177e - Path: Assets/_Project/UI/EntityHealthView.cs - Importer: PreviewImporter
Importing 'GUID: ec0ac95e9016904499dba55a3fd1177e - Path: Assets/_Project/UI/EntityHealthView.cs - Importer: PreviewImporter' with importer (PreviewImporter)
Imported 'GUID: ec0ac95e9016904499dba55a3fd1177e' -> (Import Result ID: 'aeecf0c7613a9c01e2c0b04256deb930') in 0.003 seconds [static and dynamic dependencies]. Details - ImportResultOutputID=6b6ee95b0e89939cd034e7d2c801ca91 DependenciesID=5b4afdb6e7db842ce7c93415c309cd09 StaticDependenciesID=99a1dc166b74bfc86fa7138fe59e59fa 
Number of updated asset objects reloaded before import = 0
Number of asset objects unloaded after import = 0
========================================================================
Received Import Request.
  Time of request: 2026-08-15T11:19:03.6881522Z
  Time since last request: 0.0002944 seconds.
  importAddress: GUID: ec0ac95e9016904499dba55a3fd1177e - Path: Assets/_Project/UI/EntityHealthView.cs - Importer: PreviewImporter
Importing 'GUID: ec0ac95e9016904499dba55a3fd1177e - Path: Assets/_Project/UI/EntityHealthView.cs - Importer: PreviewImporter' with importer (PreviewImporter)
Imported 'GUID: ec0ac95e9016904499dba55a3fd1177e' -> (Import Result ID: 'aeecf0c7613a9c01e2c0b04256deb930') in 0.002 seconds [static and dynamic dependencies]. Details - ImportResultOutputID=6b6ee95b0e89939cd034e7d2c801ca91 DependenciesID=5b4afdb6e7db842ce7c93415c309cd09 StaticDependenciesID=99a1dc166b74bfc86fa7138fe59e59fa 
Number of updated asset objects reloaded before import = 0
Number of asset objects unloaded after import = 0
========================================================================
Received Import Request.
  Time of request: 2026-08-15T11:19:03.9581266Z
  Time since last request: 0.0000348 seconds.
  importAddress: GUID: ec0ac95e9016904499dba55a3fd1177e - Path: Assets/_Project/UI/EntityHealthView.cs - Importer: PreviewImporter
Importing 'GUID: ec0ac95e9016904499dba55a3fd1177e - Path: Assets/_Project/UI/EntityHealthView.cs - Importer: PreviewImporter' with importer (PreviewImporter)
Imported 'GUID: ec0ac95e9016904499dba55a3fd1177e' -> (Import Result ID: 'aeecf0c7613a9c01e2c0b04256deb930') in 0.001 seconds [static and dynamic dependencies]. Details - ImportResultOutputID=6b6ee95b0e89939cd034e7d2c801ca91 DependenciesID=5b4afdb6e7db842ce7c93415c309cd09 StaticDependenciesID=99a1dc166b74bfc86fa7138fe59e59fa 
Number of updated asset objects reloaded before import = 0
Number of asset objects unloaded after import = 0
========================================================================
Received Import Request.
  Time of request: 2026-08-15T11:19:04.0463805Z
  Time since last request: 0.0203823 seconds.
  importAddress: GUID: ec0ac95e9016904499dba55a3fd1177e - Path: Assets/_Project/UI/EntityHealthView.cs - Importer: PreviewImporter
Importing 'GUID: ec0ac95e9016904499dba55a3fd1177e - Path: Assets/_Project/UI/EntityHealthView.cs - Importer: PreviewImporter' with importer (PreviewImporter)
Imported 'GUID: ec0ac95e9016904499dba55a3fd1177e' -> (Import Result ID: 'aeecf0c7613a9c01e2c0b04256deb930') in 0.001 seconds [static and dynamic dependencies]. Details - ImportResultOutputID=6b6ee95b0e89939cd034e7d2c801ca91 DependenciesID=5b4afdb6e7db842ce7c93415c309cd09 StaticDependenciesID=99a1dc166b74bfc86fa7138fe59e59fa 
Number of updated asset objects reloaded before import = 0
Number of asset objects unloaded after import = 0
========================================================================
Received Import Request.
  Time of request: 2026-08-15T11:19:04.1212142Z
  Time since last request: 0.0346268 seconds.
  importAddress: GUID: ec0ac95e9016904499dba55a3fd1177e - Path: Assets/_Project/UI/EntityHealthView.cs - Importer: PreviewImporter
Importing 'GUID: ec0ac95e9016904499dba55a3fd1177e - Path: Assets/_Project/UI/EntityHealthView.cs - Importer: PreviewImporter' with importer (PreviewImporter)
Imported 'GUID: ec0ac95e9016904499dba55a3fd1177e' -> (Import Result ID: 'aeecf0c7613a9c01e2c0b04256deb930') in 0.001 seconds [static and dynamic dependencies]. Details - ImportResultOutputID=6b6ee95b0e89939cd034e7d2c801ca91 DependenciesID=5b4afdb6e7db842ce7c93415c309cd09 StaticDependenciesID=99a1dc166b74bfc86fa7138fe59e59fa 
Number of updated asset objects reloaded before import = 0
Number of asset objects unloaded after import = 0
========================================================================
Received Import Request.
  Time of request: 2026-08-15T11:19:05.0787161Z
  Time since last request: 0.3394499 seconds.
  importAddress: GUID: ec0ac95e9016904499dba55a3fd1177e - Path: Assets/_Project/UI/EntityHealthView.cs - Importer: PreviewImporter
Importing 'GUID: ec0ac95e9016904499dba55a3fd1177e - Path: Assets/_Project/UI/EntityHealthView.cs - Importer: PreviewImporter' with importer (PreviewImporter)
Imported 'GUID: ec0ac95e9016904499dba55a3fd1177e' -> (Import Result ID: 'aeecf0c7613a9c01e2c0b04256deb930') in 0.001 seconds [static and dynamic dependencies]. Details - ImportResultOutputID=6b6ee95b0e89939cd034e7d2c801ca91 DependenciesID=5b4afdb6e7db842ce7c93415c309cd09 StaticDependenciesID=99a1dc166b74bfc86fa7138fe59e59fa 
Number of updated asset objects reloaded before import = 0
Number of asset objects unloaded after import = 0
========================================================================
Received Import Request.
  Time of request: 2026-08-15T11:19:06.388003Z
  Time since last request: 0.0622751 seconds.
  importAddress: GUID: ec0ac95e9016904499dba55a3fd1177e - Path: Assets/_Project/UI/EntityHealthView.cs - Importer: PreviewImporter
Importing 'GUID: ec0ac95e9016904499dba55a3fd1177e - Path: Assets/_Project/UI/EntityHealthView.cs - Importer: PreviewImporter' with importer (PreviewImporter)
Imported 'GUID: ec0ac95e9016904499dba55a3fd1177e' -> (Import Result ID: 'aeecf0c7613a9c01e2c0b04256deb930') in 0.014 seconds [static and dynamic dependencies]. Details - ImportResultOutputID=6b6ee95b0e89939cd034e7d2c801ca91 DependenciesID=5b4afdb6e7db842ce7c93415c309cd09 StaticDependenciesID=99a1dc166b74bfc86fa7138fe59e59fa 
Number of updated asset objects reloaded before import = 0
Number of asset objects unloaded after import = 0
========================================================================
Received Import Request.
  Time of request: 2026-08-15T11:19:06.8168621Z
  Time since last request: 0.0171429 seconds.
  importAddress: GUID: ec0ac95e9016904499dba55a3fd1177e - Path: Assets/_Project/UI/EntityHealthView.cs - Importer: PreviewImporter
Importing 'GUID: ec0ac95e9016904499dba55a3fd1177e - Path: Assets/_Project/UI/EntityHealthView.cs - Importer: PreviewImporter' with importer (PreviewImporter)
Imported 'GUID: ec0ac95e9016904499dba55a3fd1177e' -> (Import Result ID: 'aeecf0c7613a9c01e2c0b04256deb930') in 0.001 seconds [static and dynamic dependencies]. Details - ImportResultOutputID=6b6ee95b0e89939cd034e7d2c801ca91 DependenciesID=5b4afdb6e7db842ce7c93415c309cd09 StaticDependenciesID=99a1dc166b74bfc86fa7138fe59e59fa 
Number of updated asset objects reloaded before import = 0
Number of asset objects unloaded after import = 0
========================================================================
Received Import Request.
  Time of request: 2026-08-15T11:19:06.9067166Z
  Time since last request: 0.0158776 seconds.
  importAddress: GUID: ec0ac95e9016904499dba55a3fd1177e - Path: Assets/_Project/UI/EntityHealthView.cs - Importer: PreviewImporter
Importing 'GUID: ec0ac95e9016904499dba55a3fd1177e - Path: Assets/_Project/UI/EntityHealthView.cs - Importer: PreviewImporter' with importer (PreviewImporter)
Imported 'GUID: ec0ac95e9016904499dba55a3fd1177e' -> (Import Result ID: 'aeecf0c7613a9c01e2c0b04256deb930') in 0.001 seconds [static and dynamic dependencies]. Details - ImportResultOutputID=6b6ee95b0e89939cd034e7d2c801ca91 DependenciesID=5b4afdb6e7db842ce7c93415c309cd09 StaticDependenciesID=99a1dc166b74bfc86fa7138fe59e59fa 
Number of updated asset objects reloaded before import = 0
Number of asset objects unloaded after import = 0
========================================================================
Received Import Request.
  Time of request: 2026-08-15T11:19:08.0432261Z
  Time since last request: 0.0075757 seconds.
  importAddress: GUID: ec0ac95e9016904499dba55a3fd1177e - Path: Assets/_Project/UI/EntityHealthView.cs - Importer: PreviewImporter
Importing 'GUID: ec0ac95e9016904499dba55a3fd1177e - Path: Assets/_Project/UI/EntityHealthView.cs - Importer: PreviewImporter' with importer (PreviewImporter)
Imported 'GUID: ec0ac95e9016904499dba55a3fd1177e' -> (Import Result ID: 'aeecf0c7613a9c01e2c0b04256deb930') in 0.001 seconds [static and dynamic dependencies]. Details - ImportResultOutputID=6b6ee95b0e89939cd034e7d2c801ca91 DependenciesID=5b4afdb6e7db842ce7c93415c309cd09 StaticDependenciesID=99a1dc166b74bfc86fa7138fe59e59fa 
Number of updated asset objects reloaded before import = 0
Number of asset objects unloaded after import = 0
========================================================================
Received Import Request.
  Time of request: 2026-08-15T11:19:08.1130703Z
  Time since last request: 0.0012667 seconds.
  importAddress: GUID: ec0ac95e9016904499dba55a3fd1177e - Path: Assets/_Project/UI/EntityHealthView.cs - Importer: PreviewImporter
Importing 'GUID: ec0ac95e9016904499dba55a3fd1177e - Path: Assets/_Project/UI/EntityHealthView.cs - Importer: PreviewImporter' with importer (PreviewImporter)
Imported 'GUID: ec0ac95e9016904499dba55a3fd1177e' -> (Import Result ID: 'aeecf0c7613a9c01e2c0b04256deb930') in 0.001 seconds [static and dynamic dependencies]. Details - ImportResultOutputID=6b6ee95b0e89939cd034e7d2c801ca91 DependenciesID=5b4afdb6e7db842ce7c93415c309cd09 StaticDependenciesID=99a1dc166b74bfc86fa7138fe59e59fa 
Number of updated asset objects reloaded before import = 0
Number of asset objects unloaded after import = 0
========================================================================
Received Import Request.
  Time of request: 2026-08-15T11:19:08.1721517Z
  Time since last request: 0.0046697 seconds.
  importAddress: GUID: ec0ac95e9016904499dba55a3fd1177e - Path: Assets/_Project/UI/EntityHealthView.cs - Importer: PreviewImporter
Importing 'GUID: ec0ac95e9016904499dba55a3fd1177e - Path: Assets/_Project/UI/EntityHealthView.cs - Importer: PreviewImporter' with importer (PreviewImporter)
Imported 'GUID: ec0ac95e9016904499dba55a3fd1177e' -> (Import Result ID: 'aeecf0c7613a9c01e2c0b04256deb930') in 0.001 seconds [static and dynamic dependencies]. Details - ImportResultOutputID=6b6ee95b0e89939cd034e7d2c801ca91 DependenciesID=5b4afdb6e7db842ce7c93415c309cd09 StaticDependenciesID=99a1dc166b74bfc86fa7138fe59e59fa 
Number of updated asset objects reloaded before import = 0
Number of asset objects unloaded after import = 0
========================================================================
Received Import Request.
  Time of request: 2026-08-15T11:19:08.2252653Z
  Time since last request: 0.001238 seconds.
  importAddress: GUID: ec0ac95e9016904499dba55a3fd1177e - Path: Assets/_Project/UI/EntityHealthView.cs - Importer: PreviewImporter
Importing 'GUID: ec0ac95e9016904499dba55a3fd1177e - Path: Assets/_Project/UI/EntityHealthView.cs - Importer: PreviewImporter' with importer (PreviewImporter)
Imported 'GUID: ec0ac95e9016904499dba55a3fd1177e' -> (Import Result ID: 'aeecf0c7613a9c01e2c0b04256deb930') in 0.001 seconds [static and dynamic dependencies]. Details - ImportResultOutputID=6b6ee95b0e89939cd034e7d2c801ca91 DependenciesID=5b4afdb6e7db842ce7c93415c309cd09 StaticDependenciesID=99a1dc166b74bfc86fa7138fe59e59fa 
Number of updated asset objects reloaded before import = 0
Number of asset objects unloaded after import = 0
========================================================================
Received Import Request.
  Time of request: 2026-08-15T11:19:08.2794438Z
  Time since last request: 0.0061012 seconds.
  importAddress: GUID: ec0ac95e9016904499dba55a3fd1177e - Path: Assets/_Project/UI/EntityHealthView.cs - Importer: PreviewImporter
Importing 'GUID: ec0ac95e9016904499dba55a3fd1177e - Path: Assets/_Project/UI/EntityHealthView.cs - Importer: PreviewImporter' with importer (PreviewImporter)
Imported 'GUID: ec0ac95e9016904499dba55a3fd1177e' -> (Import Result ID: 'aeecf0c7613a9c01e2c0b04256deb930') in 0.001 seconds [static and dynamic dependencies]. Details - ImportResultOutputID=6b6ee95b0e89939cd034e7d2c801ca91 DependenciesID=5b4afdb6e7db842ce7c93415c309cd09 StaticDependenciesID=99a1dc166b74bfc86fa7138fe59e59fa 
Number of updated asset objects reloaded before import = 0
Number of asset objects unloaded after import = 0
========================================================================
Received Import Request.
  Time of request: 2026-08-15T11:19:08.3239196Z
  Time since last request: 0.0019667 seconds.
  importAddress: GUID: ec0ac95e9016904499dba55a3fd1177e - Path: Assets/_Project/UI/EntityHealthView.cs - Importer: PreviewImporter
Importing 'GUID: ec0ac95e9016904499dba55a3fd1177e - Path: Assets/_Project/UI/EntityHealthView.cs - Importer: PreviewImporter' with importer (PreviewImporter)
Imported 'GUID: ec0ac95e9016904499dba55a3fd1177e' -> (Import Result ID: 'aeecf0c7613a9c01e2c0b04256deb930') in 0.012 seconds [static and dynamic dependencies]. Details - ImportResultOutputID=6b6ee95b0e89939cd034e7d2c801ca91 DependenciesID=5b4afdb6e7db842ce7c93415c309cd09 StaticDependenciesID=99a1dc166b74bfc86fa7138fe59e59fa 
Number of updated asset objects reloaded before import = 0
Number of asset objects unloaded after import = 0
========================================================================
Received Import Request.
  Time of request: 2026-08-15T11:19:08.4927619Z
  Time since last request: 0.1142277 seconds.
  importAddress: GUID: ec0ac95e9016904499dba55a3fd1177e - Path: Assets/_Project/UI/EntityHealthView.cs - Importer: PreviewImporter
Importing 'GUID: ec0ac95e9016904499dba55a3fd1177e - Path: Assets/_Project/UI/EntityHealthView.cs - Importer: PreviewImporter' with importer (PreviewImporter)
Imported 'GUID: ec0ac95e9016904499dba55a3fd1177e' -> (Import Result ID: 'aeecf0c7613a9c01e2c0b04256deb930') in 0.002 seconds [static and dynamic dependencies]. Details - ImportResultOutputID=6b6ee95b0e89939cd034e7d2c801ca91 DependenciesID=5b4afdb6e7db842ce7c93415c309cd09 StaticDependenciesID=99a1dc166b74bfc86fa7138fe59e59fa 
Number of updated asset objects reloaded before import = 0
Number of asset objects unloaded after import = 0
========================================================================
Received Import Request.
  Time of request: 2026-08-15T11:19:08.5754174Z
  Time since last request: 0.0011405 seconds.
  importAddress: GUID: ec0ac95e9016904499dba55a3fd1177e - Path: Assets/_Project/UI/EntityHealthView.cs - Importer: PreviewImporter
Importing 'GUID: ec0ac95e9016904499dba55a3fd1177e - Path: Assets/_Project/UI/EntityHealthView.cs - Importer: PreviewImporter' with importer (PreviewImporter)
Imported 'GUID: ec0ac95e9016904499dba55a3fd1177e' -> (Import Result ID: 'aeecf0c7613a9c01e2c0b04256deb930') in 0.003 seconds [static and dynamic dependencies]. Details - ImportResultOutputID=6b6ee95b0e89939cd034e7d2c801ca91 DependenciesID=5b4afdb6e7db842ce7c93415c309cd09 StaticDependenciesID=99a1dc166b74bfc86fa7138fe59e59fa 
Number of updated asset objects reloaded before import = 0
Number of asset objects unloaded after import = 0
========================================================================
Received Import Request.
  Time of request: 2026-08-15T11:19:08.6515532Z
  Time since last request: 0.0133461 seconds.
  importAddress: GUID: ec0ac95e9016904499dba55a3fd1177e - Path: Assets/_Project/UI/EntityHealthView.cs - Importer: PreviewImporter
Importing 'GUID: ec0ac95e9016904499dba55a3fd1177e - Path: Assets/_Project/UI/EntityHealthView.cs - Importer: PreviewImporter' with importer (PreviewImporter)
Imported 'GUID: ec0ac95e9016904499dba55a3fd1177e' -> (Import Result ID: '00000000000000000000000000000000') in 0.001 seconds
Import Error Code:(4)
Message: Build asset version error: assets/_project/ui/entityhealthview.cs in SourceAssetDB has modification time of '2026-08-15T10:53:23.8454533Z' while content on disk has modification time of '2026-08-15T11:19:08.668939Z'
  ERROR: Build asset version error: assets/_project/ui/entityhealthview.cs in SourceAssetDB has modification time of '2026-08-15T10:53:23.8454533Z' while content on disk has modification time of '2026-08-15T11:19:08.668939Z'
Number of updated asset objects reloaded before import = 0
Number of asset objects unloaded after import = 0
========================================================================
Received Prepare
AcceleratorClientConnectionCallback - disconnected - :0
Refreshing native plugins compatible for Editor in 8.92 ms, found 5 plugins.
Unloading 34 Unused Serialized files (Serialized files now loaded: 0)
Unloading 7840 unused Assets / (6.7 MB). Loaded Objects now: 8886.
Memory consumption went from 388.0 MB to 381.3 MB.
Total: 40.313200 ms (FindLiveObjects: 1.434500 ms CreateObjectMapping: 6.193300 ms MarkObjects: 13.586000 ms  DeleteObjects: 19.097400 ms)

Prepare: number of updated asset objects reloaded= 0
EnvironmentDependencyValues requested are different than current active one (requested -> active):
  graphicsApiMask: 2099200 -> 2361344
========================================================================
Received Import Request.
  Time of request: 2026-08-15T11:19:09.3842478Z
  Time since last request: 0.6649224 seconds.
  importAddress: GUID: ec0ac95e9016904499dba55a3fd1177e - Path: Assets/_Project/UI/EntityHealthView.cs - Importer: PreviewImporter
Importing 'GUID: ec0ac95e9016904499dba55a3fd1177e - Path: Assets/_Project/UI/EntityHealthView.cs - Importer: PreviewImporter' with importer (PreviewImporter)
Imported 'GUID: ec0ac95e9016904499dba55a3fd1177e' -> (Import Result ID: 'a4f9c3882c05c2c171d156b70cea43f9') in 0.002 seconds [static and dynamic dependencies]. Details - ImportResultOutputID=6b6ee95b0e89939cd034e7d2c801ca91 DependenciesID=482e14c131eff12900d79ae64ba7b90b StaticDependenciesID=077e1d6eac42376efda4cd7513e0ac2c 
Number of updated asset objects reloaded before import = 0
Number of asset objects unloaded after import = 0
========================================================================
Received Import Request.
  Time of request: 2026-08-15T11:19:09.4175337Z
  Time since last request: 0.0014892 seconds.
  importAddress: GUID: ec0ac95e9016904499dba55a3fd1177e - Path: Assets/_Project/UI/EntityHealthView.cs - Importer: PreviewImporter
Importing 'GUID: ec0ac95e9016904499dba55a3fd1177e - Path: Assets/_Project/UI/EntityHealthView.cs - Importer: PreviewImporter' with importer (PreviewImporter)
Imported 'GUID: ec0ac95e9016904499dba55a3fd1177e' -> (Import Result ID: 'a4f9c3882c05c2c171d156b70cea43f9') in 0.001 seconds [static and dynamic dependencies]. Details - ImportResultOutputID=6b6ee95b0e89939cd034e7d2c801ca91 DependenciesID=482e14c131eff12900d79ae64ba7b90b StaticDependenciesID=077e1d6eac42376efda4cd7513e0ac2c 
Number of updated asset objects reloaded before import = 0
Number of asset objects unloaded after import = 0
========================================================================
Received Import Request.
  Time of request: 2026-08-15T11:19:09.4460881Z
  Time since last request: 0.0017422 seconds.
  importAddress: GUID: ec0ac95e9016904499dba55a3fd1177e - Path: Assets/_Project/UI/EntityHealthView.cs - Importer: PreviewImporter
Importing 'GUID: ec0ac95e9016904499dba55a3fd1177e - Path: Assets/_Project/UI/EntityHealthView.cs - Importer: PreviewImporter' with importer (PreviewImporter)
Imported 'GUID: ec0ac95e9016904499dba55a3fd1177e' -> (Import Result ID: 'a4f9c3882c05c2c171d156b70cea43f9') in 0.001 seconds [static and dynamic dependencies]. Details - ImportResultOutputID=6b6ee95b0e89939cd034e7d2c801ca91 DependenciesID=482e14c131eff12900d79ae64ba7b90b StaticDependenciesID=077e1d6eac42376efda4cd7513e0ac2c 
Number of updated asset objects reloaded before import = 0
Number of asset objects unloaded after import = 0
========================================================================
Received Import Request.
  Time of request: 2026-08-15T11:19:09.4718875Z
  Time since last request: 0.0012868 seconds.
  importAddress: GUID: ec0ac95e9016904499dba55a3fd1177e - Path: Assets/_Project/UI/EntityHealthView.cs - Importer: PreviewImporter
Importing 'GUID: ec0ac95e9016904499dba55a3fd1177e - Path: Assets/_Project/UI/EntityHealthView.cs - Importer: PreviewImporter' with importer (PreviewImporter)
Imported 'GUID: ec0ac95e9016904499dba55a3fd1177e' -> (Import Result ID: 'a4f9c3882c05c2c171d156b70cea43f9') in 0.001 seconds [static and dynamic dependencies]. Details - ImportResultOutputID=6b6ee95b0e89939cd034e7d2c801ca91 DependenciesID=482e14c131eff12900d79ae64ba7b90b StaticDependenciesID=077e1d6eac42376efda4cd7513e0ac2c 
Number of updated asset objects reloaded before import = 0
Number of asset objects unloaded after import = 0
========================================================================
Received Import Request.
  Time of request: 2026-08-15T11:19:09.4981471Z
  Time since last request: 0.0038177 seconds.
  importAddress: GUID: ec0ac95e9016904499dba55a3fd1177e - Path: Assets/_Project/UI/EntityHealthView.cs - Importer: PreviewImporter
Importing 'GUID: ec0ac95e9016904499dba55a3fd1177e - Path: Assets/_Project/UI/EntityHealthView.cs - Importer: PreviewImporter' with importer (PreviewImporter)
Imported 'GUID: ec0ac95e9016904499dba55a3fd1177e' -> (Import Result ID: 'a4f9c3882c05c2c171d156b70cea43f9') in 0.001 seconds [static and dynamic dependencies]. Details - ImportResultOutputID=6b6ee95b0e89939cd034e7d2c801ca91 DependenciesID=482e14c131eff12900d79ae64ba7b90b StaticDependenciesID=077e1d6eac42376efda4cd7513e0ac2c 
Number of updated asset objects reloaded before import = 0
Number of asset objects unloaded after import = 0
========================================================================
Received Import Request.
  Time of request: 2026-08-15T11:19:09.524194Z
  Time since last request: 0.0032036 seconds.
  importAddress: GUID: ec0ac95e9016904499dba55a3fd1177e - Path: Assets/_Project/UI/EntityHealthView.cs - Importer: PreviewImporter
Importing 'GUID: ec0ac95e9016904499dba55a3fd1177e - Path: Assets/_Project/UI/EntityHealthView.cs - Importer: PreviewImporter' with importer (PreviewImporter)
Imported 'GUID: ec0ac95e9016904499dba55a3fd1177e' -> (Import Result ID: '00000000000000000000000000000000') in 0.001 seconds
Import Error Code:(4)
Message: Build asset version error: assets/_project/ui/entityhealthview.cs in SourceAssetDB has modification time of '2026-08-15T11:19:08.668939Z' while content on disk has modification time of '2026-08-15T11:19:09.5445285Z'
  ERROR: Build asset version error: assets/_project/ui/entityhealthview.cs in SourceAssetDB has modification time of '2026-08-15T11:19:08.668939Z' while content on disk has modification time of '2026-08-15T11:19:09.5445285Z'
Number of updated asset objects reloaded before import = 0
Number of asset objects unloaded after import = 0
========================================================================
Received Import Request.
  Time of request: 2026-08-15T11:19:09.5565649Z
  Time since last request: 0.002339 seconds.
  importAddress: GUID: ec0ac95e9016904499dba55a3fd1177e - Path: Assets/_Project/UI/EntityHealthView.cs - Importer: PreviewImporter
Importing 'GUID: ec0ac95e9016904499dba55a3fd1177e - Path: Assets/_Project/UI/EntityHealthView.cs - Importer: PreviewImporter' with importer (PreviewImporter)
Imported 'GUID: ec0ac95e9016904499dba55a3fd1177e' -> (Import Result ID: '00000000000000000000000000000000') in 0.001 seconds
Import Error Code:(4)
Message: Build asset version error: assets/_project/ui/entityhealthview.cs in SourceAssetDB has modification time of '2026-08-15T11:19:08.668939Z' while content on disk has modification time of '2026-08-15T11:19:09.5445285Z'
  ERROR: Build asset version error: assets/_project/ui/entityhealthview.cs in SourceAssetDB has modification time of '2026-08-15T11:19:08.668939Z' while content on disk has modification time of '2026-08-15T11:19:09.5445285Z'
Number of updated asset objects reloaded before import = 0
Number of asset objects unloaded after import = 0
========================================================================
Received Import Request.
  Time of request: 2026-08-15T11:19:09.5995348Z
  Time since last request: 0.012618 seconds.
  importAddress: GUID: ec0ac95e9016904499dba55a3fd1177e - Path: Assets/_Project/UI/EntityHealthView.cs - Importer: PreviewImporter
Importing 'GUID: ec0ac95e9016904499dba55a3fd1177e - Path: Assets/_Project/UI/EntityHealthView.cs - Importer: PreviewImporter' with importer (PreviewImporter)
Imported 'GUID: ec0ac95e9016904499dba55a3fd1177e' -> (Import Result ID: 'a4f9c3882c05c2c171d156b70cea43f9') in 0.001 seconds [static and dynamic dependencies]. Details - ImportResultOutputID=6b6ee95b0e89939cd034e7d2c801ca91 DependenciesID=482e14c131eff12900d79ae64ba7b90b StaticDependenciesID=077e1d6eac42376efda4cd7513e0ac2c 
Number of updated asset objects reloaded before import = 0
Number of asset objects unloaded after import = 0
========================================================================
Received Import Request.
  Time of request: 2026-08-15T11:19:09.6242486Z
  Time since last request: 0.0006504 seconds.
  importAddress: GUID: ec0ac95e9016904499dba55a3fd1177e - Path: Assets/_Project/UI/EntityHealthView.cs - Importer: PreviewImporter
Importing 'GUID: ec0ac95e9016904499dba55a3fd1177e - Path: Assets/_Project/UI/EntityHealthView.cs - Importer: PreviewImporter' with importer (PreviewImporter)
Imported 'GUID: ec0ac95e9016904499dba55a3fd1177e' -> (Import Result ID: 'a4f9c3882c05c2c171d156b70cea43f9') in 0.001 seconds [static and dynamic dependencies]. Details - ImportResultOutputID=6b6ee95b0e89939cd034e7d2c801ca91 DependenciesID=482e14c131eff12900d79ae64ba7b90b StaticDependenciesID=077e1d6eac42376efda4cd7513e0ac2c 
Number of updated asset objects reloaded before import = 0
Number of asset objects unloaded after import = 0
========================================================================
Received Import Request.
  Time of request: 2026-08-15T11:19:09.6544018Z
  Time since last request: 0.0046756 seconds.
  importAddress: GUID: ec0ac95e9016904499dba55a3fd1177e - Path: Assets/_Project/UI/EntityHealthView.cs - Importer: PreviewImporter
Importing 'GUID: ec0ac95e9016904499dba55a3fd1177e - Path: Assets/_Project/UI/EntityHealthView.cs - Importer: PreviewImporter' with importer (PreviewImporter)
Imported 'GUID: ec0ac95e9016904499dba55a3fd1177e' -> (Import Result ID: 'a4f9c3882c05c2c171d156b70cea43f9') in 0.001 seconds [static and dynamic dependencies]. Details - ImportResultOutputID=6b6ee95b0e89939cd034e7d2c801ca91 DependenciesID=482e14c131eff12900d79ae64ba7b90b StaticDependenciesID=077e1d6eac42376efda4cd7513e0ac2c 
Number of updated asset objects reloaded before import = 0
Number of asset objects unloaded after import = 0
========================================================================
Received Import Request.
  Time of request: 2026-08-15T11:19:09.6826069Z
  Time since last request: 0.0013861 seconds.
  importAddress: GUID: ec0ac95e9016904499dba55a3fd1177e - Path: Assets/_Project/UI/EntityHealthView.cs - Importer: PreviewImporter
Importing 'GUID: ec0ac95e9016904499dba55a3fd1177e - Path: Assets/_Project/UI/EntityHealthView.cs - Importer: PreviewImporter' with importer (PreviewImporter)
Imported 'GUID: ec0ac95e9016904499dba55a3fd1177e' -> (Import Result ID: 'a4f9c3882c05c2c171d156b70cea43f9') in 0.001 seconds [static and dynamic dependencies]. Details - ImportResultOutputID=6b6ee95b0e89939cd034e7d2c801ca91 DependenciesID=482e14c131eff12900d79ae64ba7b90b StaticDependenciesID=077e1d6eac42376efda4cd7513e0ac2c 
Number of updated asset objects reloaded before import = 0
Number of asset objects unloaded after import = 0
========================================================================
Received Import Request.
  Time of request: 2026-08-15T11:19:09.7101705Z
  Time since last request: 0.0034985 seconds.
  importAddress: GUID: ec0ac95e9016904499dba55a3fd1177e - Path: Assets/_Project/UI/EntityHealthView.cs - Importer: PreviewImporter
Importing 'GUID: ec0ac95e9016904499dba55a3fd1177e - Path: Assets/_Project/UI/EntityHealthView.cs - Importer: PreviewImporter' with importer (PreviewImporter)
Imported 'GUID: ec0ac95e9016904499dba55a3fd1177e' -> (Import Result ID: 'a4f9c3882c05c2c171d156b70cea43f9') in 0.001 seconds [static and dynamic dependencies]. Details - ImportResultOutputID=6b6ee95b0e89939cd034e7d2c801ca91 DependenciesID=482e14c131eff12900d79ae64ba7b90b StaticDependenciesID=077e1d6eac42376efda4cd7513e0ac2c 
Number of updated asset objects reloaded before import = 0
Number of asset objects unloaded after import = 0
========================================================================
Received Import Request.
  Time of request: 2026-08-15T11:19:09.7446652Z
  Time since last request: 0.0047512 seconds.
  importAddress: GUID: ec0ac95e9016904499dba55a3fd1177e - Path: Assets/_Project/UI/EntityHealthView.cs - Importer: PreviewImporter
Importing 'GUID: ec0ac95e9016904499dba55a3fd1177e - Path: Assets/_Project/UI/EntityHealthView.cs - Importer: PreviewImporter' with importer (PreviewImporter)
Imported 'GUID: ec0ac95e9016904499dba55a3fd1177e' -> (Import Result ID: 'a4f9c3882c05c2c171d156b70cea43f9') in 0.001 seconds [static and dynamic dependencies]. Details - ImportResultOutputID=6b6ee95b0e89939cd034e7d2c801ca91 DependenciesID=482e14c131eff12900d79ae64ba7b90b StaticDependenciesID=077e1d6eac42376efda4cd7513e0ac2c 
Number of updated asset objects reloaded before import = 0
Number of asset objects unloaded after import = 0
========================================================================
Received Import Request.
  Time of request: 2026-08-15T11:19:09.7736537Z
  Time since last request: 0.0044642 seconds.
  importAddress: GUID: ec0ac95e9016904499dba55a3fd1177e - Path: Assets/_Project/UI/EntityHealthView.cs - Importer: PreviewImporter
Importing 'GUID: ec0ac95e9016904499dba55a3fd1177e - Path: Assets/_Project/UI/EntityHealthView.cs - Importer: PreviewImporter' with importer (PreviewImporter)
Imported 'GUID: ec0ac95e9016904499dba55a3fd1177e' -> (Import Result ID: 'a4f9c3882c05c2c171d156b70cea43f9') in 0.001 seconds [static and dynamic dependencies]. Details - ImportResultOutputID=6b6ee95b0e89939cd034e7d2c801ca91 DependenciesID=482e14c131eff12900d79ae64ba7b90b StaticDependenciesID=077e1d6eac42376efda4cd7513e0ac2c 
Number of updated asset objects reloaded before import = 0
Number of asset objects unloaded after import = 0
========================================================================
Received Import Request.
  Time of request: 2026-08-15T11:19:09.8030301Z
  Time since last request: 0.0034591 seconds.
  importAddress: GUID: ec0ac95e9016904499dba55a3fd1177e - Path: Assets/_Project/UI/EntityHealthView.cs - Importer: PreviewImporter
Importing 'GUID: ec0ac95e9016904499dba55a3fd1177e - Path: Assets/_Project/UI/EntityHealthView.cs - Importer: PreviewImporter' with importer (PreviewImporter)
Imported 'GUID: ec0ac95e9016904499dba55a3fd1177e' -> (Import Result ID: 'a4f9c3882c05c2c171d156b70cea43f9') in 0.001 seconds [static and dynamic dependencies]. Details - ImportResultOutputID=6b6ee95b0e89939cd034e7d2c801ca91 DependenciesID=482e14c131eff12900d79ae64ba7b90b StaticDependenciesID=077e1d6eac42376efda4cd7513e0ac2c 
Number of updated asset objects reloaded before import = 0
Number of asset objects unloaded after import = 0
========================================================================
Received Import Request.
  Time of request: 2026-08-15T11:19:09.8324269Z
  Time since last request: 0.0028615 seconds.
  importAddress: GUID: ec0ac95e9016904499dba55a3fd1177e - Path: Assets/_Project/UI/EntityHealthView.cs - Importer: PreviewImporter
Importing 'GUID: ec0ac95e9016904499dba55a3fd1177e - Path: Assets/_Project/UI/EntityHealthView.cs - Importer: PreviewImporter' with importer (PreviewImporter)
Imported 'GUID: ec0ac95e9016904499dba55a3fd1177e' -> (Import Result ID: 'a4f9c3882c05c2c171d156b70cea43f9') in 0.001 seconds [static and dynamic dependencies]. Details - ImportResultOutputID=6b6ee95b0e89939cd034e7d2c801ca91 DependenciesID=482e14c131eff12900d79ae64ba7b90b StaticDependenciesID=077e1d6eac42376efda4cd7513e0ac2c 
Number of updated asset objects reloaded before import = 0
Number of asset objects unloaded after import = 0
========================================================================
Received Import Request.
  Time of request: 2026-08-15T11:19:09.8627739Z
  Time since last request: 0.002859 seconds.
  importAddress: GUID: ec0ac95e9016904499dba55a3fd1177e - Path: Assets/_Project/UI/EntityHealthView.cs - Importer: PreviewImporter
Importing 'GUID: ec0ac95e9016904499dba55a3fd1177e - Path: Assets/_Project/UI/EntityHealthView.cs - Importer: PreviewImporter' with importer (PreviewImporter)
Imported 'GUID: ec0ac95e9016904499dba55a3fd1177e' -> (Import Result ID: 'a4f9c3882c05c2c171d156b70cea43f9') in 0.001 seconds [static and dynamic dependencies]. Details - ImportResultOutputID=6b6ee95b0e89939cd034e7d2c801ca91 DependenciesID=482e14c131eff12900d79ae64ba7b90b StaticDependenciesID=077e1d6eac42376efda4cd7513e0ac2c 
Number of updated asset objects reloaded before import = 0
Number of asset objects unloaded after import = 0
========================================================================
Received Import Request.
  Time of request: 2026-08-15T11:19:09.8887825Z
  Time since last request: 0.0025747 seconds.
  importAddress: GUID: ec0ac95e9016904499dba55a3fd1177e - Path: Assets/_Project/UI/EntityHealthView.cs - Importer: PreviewImporter
Importing 'GUID: ec0ac95e9016904499dba55a3fd1177e - Path: Assets/_Project/UI/EntityHealthView.cs - Importer: PreviewImporter' with importer (PreviewImporter)
Imported 'GUID: ec0ac95e9016904499dba55a3fd1177e' -> (Import Result ID: 'a4f9c3882c05c2c171d156b70cea43f9') in 0.001 seconds [static and dynamic dependencies]. Details - ImportResultOutputID=6b6ee95b0e89939cd034e7d2c801ca91 DependenciesID=482e14c131eff12900d79ae64ba7b90b StaticDependenciesID=077e1d6eac42376efda4cd7513e0ac2c 
Number of updated asset objects reloaded before import = 0
Number of asset objects unloaded after import = 0
========================================================================
Received Import Request.
  Time of request: 2026-08-15T11:19:09.9171774Z
  Time since last request: 0.0018067 seconds.
  importAddress: GUID: ec0ac95e9016904499dba55a3fd1177e - Path: Assets/_Project/UI/EntityHealthView.cs - Importer: PreviewImporter
Importing 'GUID: ec0ac95e9016904499dba55a3fd1177e - Path: Assets/_Project/UI/EntityHealthView.cs - Importer: PreviewImporter' with importer (PreviewImporter)
Imported 'GUID: ec0ac95e9016904499dba55a3fd1177e' -> (Import Result ID: 'a4f9c3882c05c2c171d156b70cea43f9') in 0.001 seconds [static and dynamic dependencies]. Details - ImportResultOutputID=6b6ee95b0e89939cd034e7d2c801ca91 DependenciesID=482e14c131eff12900d79ae64ba7b90b StaticDependenciesID=077e1d6eac42376efda4cd7513e0ac2c 
Number of updated asset objects reloaded before import = 0
Number of asset objects unloaded after import = 0
========================================================================
Received Import Request.
  Time of request: 2026-08-15T11:19:09.9477076Z
  Time since last request: 0.0024733 seconds.
  importAddress: GUID: ec0ac95e9016904499dba55a3fd1177e - Path: Assets/_Project/UI/EntityHealthView.cs - Importer: PreviewImporter
Importing 'GUID: ec0ac95e9016904499dba55a3fd1177e - Path: Assets/_Project/UI/EntityHealthView.cs - Importer: PreviewImporter' with importer (PreviewImporter)
Imported 'GUID: ec0ac95e9016904499dba55a3fd1177e' -> (Import Result ID: 'a4f9c3882c05c2c171d156b70cea43f9') in 0.001 seconds [static and dynamic dependencies]. Details - ImportResultOutputID=6b6ee95b0e89939cd034e7d2c801ca91 DependenciesID=482e14c131eff12900d79ae64ba7b90b StaticDependenciesID=077e1d6eac42376efda4cd7513e0ac2c 
Number of updated asset objects reloaded before import = 0
Number of asset objects unloaded after import = 0
========================================================================
Received Import Request.
  Time of request: 2026-08-15T11:19:09.9818793Z
  Time since last request: 0.0006786 seconds.
  importAddress: GUID: ec0ac95e9016904499dba55a3fd1177e - Path: Assets/_Project/UI/EntityHealthView.cs - Importer: ScriptedImporter/UnityEditor.QuickSearchModule:UnityEditor.Search:ASIAI0B
Importing 'GUID: ec0ac95e9016904499dba55a3fd1177e - Path: Assets/_Project/UI/EntityHealthView.cs - Importer: ScriptedImporter/UnityEditor.QuickSearchModule:UnityEditor.Search:ASIAI0B' with importer (ScriptedImporter : UnityEditor.QuickSearchModule:UnityEditor.Search:ASIAI0B)
Imported 'GUID: ec0ac95e9016904499dba55a3fd1177e' -> (Import Result ID: 'a1ac6f7efdd09b4dc0c333ae43dff32e') in 0.006 seconds [static and dynamic dependencies]. Details - ImportResultOutputID=7f7fb9ad415a4f30836a65dba4769e1e DependenciesID=b01624e52c75137d141b2bd31f3be153 StaticDependenciesID=236fd275628214914bb19219a51907b0 
Number of updated asset objects reloaded before import = 0
Number of asset objects unloaded after import = 0
========================================================================
Received Import Request.
  Time of request: 2026-08-15T11:19:10.0176607Z
  Time since last request: 0.0019826 seconds.
  importAddress: GUID: 14ff13426137b134abfcc2100fc19f8b - Path: Assets/_Project/Scripts/Characters/HeroController.cs - Importer: ScriptedImporter/UnityEditor.QuickSearchModule:UnityEditor.Search:ASIAI0B
Importing 'GUID: 14ff13426137b134abfcc2100fc19f8b - Path: Assets/_Project/Scripts/Characters/HeroController.cs - Importer: ScriptedImporter/UnityEditor.QuickSearchModule:UnityEditor.Search:ASIAI0B' with importer (ScriptedImporter : UnityEditor.QuickSearchModule:UnityEditor.Search:ASIAI0B)
Imported 'GUID: 14ff13426137b134abfcc2100fc19f8b' -> (Import Result ID: '5c3aa8f9309406c0b22523cf8f999de0') in 0.008 seconds [static and dynamic dependencies]. Details - ImportResultOutputID=d01675b95dfadbb96337c2ac59cb9080 DependenciesID=3e7ab954c9a82d6054a3240a42052bac StaticDependenciesID=65016938ce0c81871b43571840c7f4ed 
Number of updated asset objects reloaded before import = 0
Number of asset objects unloaded after import = 0
========================================================================
Received Import Request.
  Time of request: 2026-08-15T11:19:10.0880436Z
  Time since last request: 0.0302274 seconds.
  importAddress: GUID: ec0ac95e9016904499dba55a3fd1177e - Path: Assets/_Project/UI/EntityHealthView.cs - Importer: PreviewImporter
Importing 'GUID: ec0ac95e9016904499dba55a3fd1177e - Path: Assets/_Project/UI/EntityHealthView.cs - Importer: PreviewImporter' with importer (PreviewImporter)
Imported 'GUID: ec0ac95e9016904499dba55a3fd1177e' -> (Import Result ID: 'a4f9c3882c05c2c171d156b70cea43f9') in 0.001 seconds [static and dynamic dependencies]. Details - ImportResultOutputID=6b6ee95b0e89939cd034e7d2c801ca91 DependenciesID=482e14c131eff12900d79ae64ba7b90b StaticDependenciesID=077e1d6eac42376efda4cd7513e0ac2c 
Number of updated asset objects reloaded before import = 0
Number of asset objects unloaded after import = 0
========================================================================
Received Import Request.
  Time of request: 2026-08-15T11:19:10.1180996Z
  Time since last request: 0.0014941 seconds.
  importAddress: GUID: ec0ac95e9016904499dba55a3fd1177e - Path: Assets/_Project/UI/EntityHealthView.cs - Importer: PreviewImporter
Importing 'GUID: ec0ac95e9016904499dba55a3fd1177e - Path: Assets/_Project/UI/EntityHealthView.cs - Importer: PreviewImporter' with importer (PreviewImporter)
Imported 'GUID: ec0ac95e9016904499dba55a3fd1177e' -> (Import Result ID: 'a4f9c3882c05c2c171d156b70cea43f9') in 0.001 seconds [static and dynamic dependencies]. Details - ImportResultOutputID=6b6ee95b0e89939cd034e7d2c801ca91 DependenciesID=482e14c131eff12900d79ae64ba7b90b StaticDependenciesID=077e1d6eac42376efda4cd7513e0ac2c 
Number of updated asset objects reloaded before import = 0
Number of asset objects unloaded after import = 0
========================================================================
Received Import Request.
  Time of request: 2026-08-15T11:19:10.1471425Z
  Time since last request: 0.0018467 seconds.
  importAddress: GUID: ec0ac95e9016904499dba55a3fd1177e - Path: Assets/_Project/UI/EntityHealthView.cs - Importer: PreviewImporter
Importing 'GUID: ec0ac95e9016904499dba55a3fd1177e - Path: Assets/_Project/UI/EntityHealthView.cs - Importer: PreviewImporter' with importer (PreviewImporter)
Imported 'GUID: ec0ac95e9016904499dba55a3fd1177e' -> (Import Result ID: 'a4f9c3882c05c2c171d156b70cea43f9') in 0.001 seconds [static and dynamic dependencies]. Details - ImportResultOutputID=6b6ee95b0e89939cd034e7d2c801ca91 DependenciesID=482e14c131eff12900d79ae64ba7b90b StaticDependenciesID=077e1d6eac42376efda4cd7513e0ac2c 
Number of updated asset objects reloaded before import = 0
Number of asset objects unloaded after import = 0
========================================================================
Received Import Request.
  Time of request: 2026-08-15T11:19:10.2181135Z
  Time since last request: 0.0060765 seconds.
  importAddress: GUID: ec0ac95e9016904499dba55a3fd1177e - Path: Assets/_Project/UI/EntityHealthView.cs - Importer: PreviewImporter
Importing 'GUID: ec0ac95e9016904499dba55a3fd1177e - Path: Assets/_Project/UI/EntityHealthView.cs - Importer: PreviewImporter' with importer (PreviewImporter)
Imported 'GUID: ec0ac95e9016904499dba55a3fd1177e' -> (Import Result ID: 'a4f9c3882c05c2c171d156b70cea43f9') in 0.001 seconds [static and dynamic dependencies]. Details - ImportResultOutputID=6b6ee95b0e89939cd034e7d2c801ca91 DependenciesID=482e14c131eff12900d79ae64ba7b90b StaticDependenciesID=077e1d6eac42376efda4cd7513e0ac2c 
Number of updated asset objects reloaded before import = 0
Number of asset objects unloaded after import = 0
========================================================================
Received Prepare
AcceleratorClientConnectionCallback - disconnected - :0
[Licensing::Client] Successfully resolved entitlement details
[Licensing::Client] Successfully resolved entitlement details
Begin MonoManager ReloadAssembly
Refreshing native plugins compatible for Editor in 5.21 ms, found 5 plugins.
Native extension for Android target not found
Native extension for WindowsStandalone target not found
Native extension for WebGL target not found
[Package Manager] Failed to launch server process. Reason: Unity was launched with the -noUpm command-line argument
[Package Manager] Unable to send message (not connected to server process).
[Package Manager] Cannot connect to Unity Package Manager local server
[Package Manager] Failed to launch server process. Reason: Unity was launched with the -noUpm command-line argument
[Package Manager] Unable to send message (not connected to server process).
[Package Manager] Cannot connect to Unity Package Manager local server
ScheduleIndexationOnStartup MainProcess:False IndexOnStartup:True
Mono: successfully reloaded assembly
- Finished resetting the current domain, in  1.303 seconds
Domain Reload Profiling: 3319ms
	BeginReloadAssembly (458ms)
		DisableScriptedObjects (72ms)
		CreateAndSetChildDomain (101ms)
	RebuildCommonClasses (13ms)
	RebuildNativeTypeToScriptingClass (27ms)
	initialDomainReloadingComplete (142ms)
	LoadAllAssembliesAndSetupDomain (1374ms)
		LoadAssemblies (775ms)
		AnalyzeDomain (558ms)
			TypeCache.Refresh (18ms)
			BuildScriptInfoCaches (528ms)
			ResolveRequiredComponents (9ms)
	FinalizeReload (1304ms)
		SetupLoadedEditorAssemblies (0ms)
			InitializePlatformSupportModulesInManaged (13ms)
			BeforeProcessingInitializeOnLoad (179ms)
			ProcessInitializeOnLoadAttributes (463ms)
			ProcessInitializeOnLoadMethodAttributes (224ms)
			AfterProcessingInitializeOnLoad (15ms)
		AwakeInstancesAfterBackupRestoration (47ms)
Refreshing native plugins compatible for Editor in 5.38 ms, found 5 plugins.
Unloading 34 Unused Serialized files (Serialized files now loaded: 0)
Unloading 7858 unused Assets / (7.5 MB). Loaded Objects now: 8889.
Memory consumption went from 389.1 MB to 381.6 MB.
Total: 20.891000 ms (FindLiveObjects: 1.867400 ms CreateObjectMapping: 4.482800 ms MarkObjects: 7.831800 ms  DeleteObjects: 6.707700 ms)

Prepare: number of updated asset objects reloaded= 0
EnvironmentDependencyValues requested are different than current active one (requested -> active):
  graphicsApiMask: 2099200 -> 2361344
========================================================================
Received Import Request.
  Time of request: 2026-08-15T11:19:23.0031589Z
  Time since last request: 12.7325799 seconds.
  importAddress: GUID: ec0ac95e9016904499dba55a3fd1177e - Path: Assets/_Project/UI/EntityHealthView.cs - Importer: PreviewImporter
Importing 'GUID: ec0ac95e9016904499dba55a3fd1177e - Path: Assets/_Project/UI/EntityHealthView.cs - Importer: PreviewImporter' with importer (PreviewImporter)
Imported 'GUID: ec0ac95e9016904499dba55a3fd1177e' -> (Import Result ID: '57ef20b1cb09d3b25dbb91994172488a') in 0.001 seconds [static and dynamic dependencies]. Details - ImportResultOutputID=6b6ee95b0e89939cd034e7d2c801ca91 DependenciesID=9b77abfe089daf2a1ff0ab43d91ac4cc StaticDependenciesID=077e1d6eac42376efda4cd7513e0ac2c 
Number of updated asset objects reloaded before import = 0
Number of asset objects unloaded after import = 0
========================================================================
Received Prepare
AcceleratorClientConnectionCallback - disconnected - :0
Refreshing native plugins compatible for Editor in 5.30 ms, found 5 plugins.
Unloading 34 Unused Serialized files (Serialized files now loaded: 0)
Unloading 7840 unused Assets / (7.4 MB). Loaded Objects now: 8889.
Memory consumption went from 389.3 MB to 381.9 MB.
Total: 19.129300 ms (FindLiveObjects: 1.113300 ms CreateObjectMapping: 4.046600 ms MarkObjects: 8.068100 ms  DeleteObjects: 5.900300 ms)

Prepare: number of updated asset objects reloaded= 0
EnvironmentDependencyValues requested are different than current active one (requested -> active):
  graphicsApiMask: 2099200 -> 2361344
========================================================================
Received Prepare
AcceleratorClientConnectionCallback - disconnected - :0
Refreshing native plugins compatible for Editor in 4.98 ms, found 5 plugins.
Unloading 34 Unused Serialized files (Serialized files now loaded: 0)
Unloading 7840 unused Assets / (8.4 MB). Loaded Objects now: 8889.
Memory consumption went from 389.5 MB to 381.1 MB.
Total: 19.654200 ms (FindLiveObjects: 1.125000 ms CreateObjectMapping: 4.021100 ms MarkObjects: 7.857800 ms  DeleteObjects: 6.648900 ms)

Prepare: number of updated asset objects reloaded= 0
EnvironmentDependencyValues requested are different than current active one (requested -> active):
  graphicsApiMask: 2099200 -> 2361344
========================================================================
Received Import Request.
  Time of request: 2026-08-15T11:19:42.6836203Z
  Time since last request: 19.6556567 seconds.
  importAddress: GUID: ec0ac95e9016904499dba55a3fd1177e - Path: Assets/_Project/UI/EntityHealthView.cs - Importer: PreviewImporter
Importing 'GUID: ec0ac95e9016904499dba55a3fd1177e - Path: Assets/_Project/UI/EntityHealthView.cs - Importer: PreviewImporter' with importer (PreviewImporter)
Imported 'GUID: ec0ac95e9016904499dba55a3fd1177e' -> (Import Result ID: 'da6c97bbccb56892dc6be11b7551d8e2') in 0.001 seconds [static and dynamic dependencies]. Details - ImportResultOutputID=6b6ee95b0e89939cd034e7d2c801ca91 DependenciesID=e596ac3265a69ad9e144270f104f82d8 StaticDependenciesID=b0072ccc1414617656192d614e572562 
Number of updated asset objects reloaded before import = 0
Number of asset objects unloaded after import = 0
========================================================================
Received Prepare
AcceleratorClientConnectionCallback - disconnected - :0
Begin MonoManager ReloadAssembly
Refreshing native plugins compatible for Editor in 5.29 ms, found 5 plugins.
Native extension for Android target not found
Native extension for WindowsStandalone target not found
Native extension for WebGL target not found
[Package Manager] Failed to launch server process. Reason: Unity was launched with the -noUpm command-line argument
[Package Manager] Unable to send message (not connected to server process).
[Package Manager] Cannot connect to Unity Package Manager local server
[Package Manager] Failed to launch server process. Reason: Unity was launched with the -noUpm command-line argument
[Package Manager] Unable to send message (not connected to server process).
[Package Manager] Cannot connect to Unity Package Manager local server
ScheduleIndexationOnStartup MainProcess:False IndexOnStartup:True
Mono: successfully reloaded assembly
- Finished resetting the current domain, in  1.208 seconds
Domain Reload Profiling: 3023ms
	BeginReloadAssembly (440ms)
		DisableScriptedObjects (69ms)
		CreateAndSetChildDomain (100ms)
	RebuildCommonClasses (14ms)
	RebuildNativeTypeToScriptingClass (26ms)
	initialDomainReloadingComplete (133ms)
	LoadAllAssembliesAndSetupDomain (1201ms)
		LoadAssemblies (743ms)
		AnalyzeDomain (433ms)
			TypeCache.Refresh (18ms)
			BuildScriptInfoCaches (405ms)
			ResolveRequiredComponents (8ms)
	FinalizeReload (1209ms)
		SetupLoadedEditorAssemblies (0ms)
			InitializePlatformSupportModulesInManaged (13ms)
			BeforeProcessingInitializeOnLoad (144ms)
			ProcessInitializeOnLoadAttributes (432ms)
			ProcessInitializeOnLoadMethodAttributes (220ms)
			AfterProcessingInitializeOnLoad (15ms)
		AwakeInstancesAfterBackupRestoration (45ms)
Refreshing native plugins compatible for Editor in 5.67 ms, found 5 plugins.
Unloading 34 Unused Serialized files (Serialized files now loaded: 0)
Unloading 7858 unused Assets / (8.2 MB). Loaded Objects now: 8892.
Memory consumption went from 391.0 MB to 382.8 MB.
Total: 18.743000 ms (FindLiveObjects: 1.268700 ms CreateObjectMapping: 3.568700 ms MarkObjects: 7.297700 ms  DeleteObjects: 6.606800 ms)

Prepare: number of updated asset objects reloaded= 0
EnvironmentDependencyValues requested are different than current active one (requested -> active):
  graphicsApiMask: 2099200 -> 2361344
========================================================================
Received Prepare
AcceleratorClientConnectionCallback - disconnected - :0
Refreshing native plugins compatible for Editor in 6.03 ms, found 5 plugins.
Unloading 34 Unused Serialized files (Serialized files now loaded: 0)
Unloading 7840 unused Assets / (7.7 MB). Loaded Objects now: 8892.
Memory consumption went from 391.3 MB to 383.5 MB.
Total: 20.373000 ms (FindLiveObjects: 1.121300 ms CreateObjectMapping: 3.989800 ms MarkObjects: 8.743200 ms  DeleteObjects: 6.517500 ms)

Prepare: number of updated asset objects reloaded= 0
EnvironmentDependencyValues requested are different than current active one (requested -> active):
  graphicsApiMask: 2099200 -> 2361344
========================================================================
Received Import Request.
  Time of request: 2026-08-15T11:20:08.5827688Z
  Time since last request: 25.8695479 seconds.
  importAddress: GUID: ec0ac95e9016904499dba55a3fd1177e - Path: Assets/_Project/UI/EntityHealthView.cs - Importer: PreviewImporter
Importing 'GUID: ec0ac95e9016904499dba55a3fd1177e - Path: Assets/_Project/UI/EntityHealthView.cs - Importer: PreviewImporter' with importer (PreviewImporter)
Imported 'GUID: ec0ac95e9016904499dba55a3fd1177e' -> (Import Result ID: 'f6d744073085031a14f8392b884b610f') in 0.001 seconds [static and dynamic dependencies]. Details - ImportResultOutputID=6b6ee95b0e89939cd034e7d2c801ca91 DependenciesID=a891f1cd1ce48d289168b07810a4ef37 StaticDependenciesID=c17ef0bfd77c2e0f5248c2026488b47a 
Number of updated asset objects reloaded before import = 0
Number of asset objects unloaded after import = 0
========================================================================
Received Prepare
AcceleratorClientConnectionCallback - disconnected - :0
Begin MonoManager ReloadAssembly
[Licensing::Client] Successfully resolved entitlement details
Refreshing native plugins compatible for Editor in 5.43 ms, found 5 plugins.
Native extension for Android target not found
Native extension for WindowsStandalone target not found
Native extension for WebGL target not found
[Package Manager] Failed to launch server process. Reason: Unity was launched with the -noUpm command-line argument
[Package Manager] Unable to send message (not connected to server process).
[Package Manager] Cannot connect to Unity Package Manager local server
[Package Manager] Failed to launch server process. Reason: Unity was launched with the -noUpm command-line argument
[Package Manager] Unable to send message (not connected to server process).
[Package Manager] Cannot connect to Unity Package Manager local server
ScheduleIndexationOnStartup MainProcess:False IndexOnStartup:True
Mono: successfully reloaded assembly
- Finished resetting the current domain, in  1.178 seconds
Domain Reload Profiling: 3054ms
	BeginReloadAssembly (483ms)
		DisableScriptedObjects (107ms)
		CreateAndSetChildDomain (88ms)
	RebuildCommonClasses (18ms)
	RebuildNativeTypeToScriptingClass (31ms)
	initialDomainReloadingComplete (137ms)
	LoadAllAssembliesAndSetupDomain (1205ms)
		LoadAssemblies (723ms)
		AnalyzeDomain (465ms)
			TypeCache.Refresh (20ms)
			BuildScriptInfoCaches (430ms)
			ResolveRequiredComponents (12ms)
	FinalizeReload (1179ms)
		SetupLoadedEditorAssemblies (0ms)
			InitializePlatformSupportModulesInManaged (12ms)
			BeforeProcessingInitializeOnLoad (144ms)
			ProcessInitializeOnLoadAttributes (433ms)
			ProcessInitializeOnLoadMethodAttributes (206ms)
			AfterProcessingInitializeOnLoad (14ms)
		AwakeInstancesAfterBackupRestoration (42ms)
Refreshing native plugins compatible for Editor in 5.69 ms, found 5 plugins.
Unloading 34 Unused Serialized files (Serialized files now loaded: 0)
Unloading 7858 unused Assets / (7.2 MB). Loaded Objects now: 8895.
Memory consumption went from 392.4 MB to 385.2 MB.
Total: 17.613200 ms (FindLiveObjects: 1.138500 ms CreateObjectMapping: 3.647000 ms MarkObjects: 7.612100 ms  DeleteObjects: 5.214600 ms)

Prepare: number of updated asset objects reloaded= 0
EnvironmentDependencyValues requested are different than current active one (requested -> active):
  graphicsApiMask: 2099200 -> 2361344
========================================================================
Received Import Request.
  Time of request: 2026-08-15T11:20:27.3069012Z
  Time since last request: 18.6970181 seconds.
  importAddress: GUID: 5c44397ee31b07640bb13f757ba0b594 - Path: Assets/_Project/Scripts/Characters/EnemyController.cs - Importer: PreviewImporter
Importing 'GUID: 5c44397ee31b07640bb13f757ba0b594 - Path: Assets/_Project/Scripts/Characters/EnemyController.cs - Importer: PreviewImporter' with importer (PreviewImporter)
Imported 'GUID: 5c44397ee31b07640bb13f757ba0b594' -> (Import Result ID: 'c9fb3866e2722c111cdf089a6dc422d8') in 0.002 seconds [static and dynamic dependencies]. Details - ImportResultOutputID=560ef0f2a2b01ee43e9079ef642e4006 DependenciesID=301042fda3cbaf26a7a063b8acf5e27a StaticDependenciesID=7884e9eee0ae7d85fb21808c82e78aa2 
Number of updated asset objects reloaded before import = 0
Number of asset objects unloaded after import = 0
========================================================================
Received Prepare
AcceleratorClientConnectionCallback - disconnected - :0
Refreshing native plugins compatible for Editor in 4.69 ms, found 5 plugins.
Unloading 34 Unused Serialized files (Serialized files now loaded: 0)
Unloading 7840 unused Assets / (7.1 MB). Loaded Objects now: 8895.
Memory consumption went from 392.4 MB to 385.3 MB.
Total: 25.388200 ms (FindLiveObjects: 1.098100 ms CreateObjectMapping: 4.296400 ms MarkObjects: 11.889300 ms  DeleteObjects: 8.103300 ms)

Prepare: number of updated asset objects reloaded= 0
EnvironmentDependencyValues requested are different than current active one (requested -> active):
  graphicsApiMask: 2099200 -> 2361344
========================================================================
Received Prepare
AcceleratorClientConnectionCallback - disconnected - :0
[Licensing::Client] Successfully resolved entitlement details
[Licensing::Client] Successfully resolved entitlement details
Begin MonoManager ReloadAssembly
Refreshing native plugins compatible for Editor in 6.22 ms, found 5 plugins.
Native extension for Android target not found
Native extension for WindowsStandalone target not found
Native extension for WebGL target not found
[Package Manager] Failed to launch server process. Reason: Unity was launched with the -noUpm command-line argument
[Package Manager] Unable to send message (not connected to server process).
[Package Manager] Cannot connect to Unity Package Manager local server
[Package Manager] Failed to launch server process. Reason: Unity was launched with the -noUpm command-line argument
[Package Manager] Unable to send message (not connected to server process).
[Package Manager] Cannot connect to Unity Package Manager local server
ScheduleIndexationOnStartup MainProcess:False IndexOnStartup:True
Mono: successfully reloaded assembly
- Finished resetting the current domain, in  1.175 seconds
Domain Reload Profiling: 2941ms
	BeginReloadAssembly (424ms)
		DisableScriptedObjects (64ms)
		CreateAndSetChildDomain (92ms)
	RebuildCommonClasses (13ms)
	RebuildNativeTypeToScriptingClass (27ms)
	initialDomainReloadingComplete (126ms)
	LoadAllAssembliesAndSetupDomain (1174ms)
		LoadAssemblies (716ms)
		AnalyzeDomain (431ms)
			TypeCache.Refresh (18ms)
			BuildScriptInfoCaches (403ms)
			ResolveRequiredComponents (8ms)
	FinalizeReload (1176ms)
		SetupLoadedEditorAssemblies (0ms)
			InitializePlatformSupportModulesInManaged (12ms)
			BeforeProcessingInitializeOnLoad (151ms)
			ProcessInitializeOnLoadAttributes (418ms)
			ProcessInitializeOnLoadMethodAttributes (207ms)
			AfterProcessingInitializeOnLoad (15ms)
		AwakeInstancesAfterBackupRestoration (43ms)
Refreshing native plugins compatible for Editor in 6.37 ms, found 5 plugins.
Unloading 34 Unused Serialized files (Serialized files now loaded: 0)
Unloading 7858 unused Assets / (7.4 MB). Loaded Objects now: 8898.
Memory consumption went from 393.6 MB to 386.1 MB.
Total: 18.317300 ms (FindLiveObjects: 1.162300 ms CreateObjectMapping: 3.903700 ms MarkObjects: 7.847100 ms  DeleteObjects: 5.402400 ms)

Prepare: number of updated asset objects reloaded= 0
EnvironmentDependencyValues requested are different than current active one (requested -> active):
  graphicsApiMask: 2099200 -> 2361344
========================================================================
Received Import Request.
  Time of request: 2026-08-15T11:21:58.581221Z
  Time since last request: 91.2452713 seconds.
  importAddress: GUID: 859e9dfb68e64314c938b12ca748d762 - Path: Assets/_Project/Prefabs/Characters/Swordsman/Swordsman.prefab - Importer: PreviewImporter
Importing 'GUID: 859e9dfb68e64314c938b12ca748d762 - Path: Assets/_Project/Prefabs/Characters/Swordsman/Swordsman.prefab - Importer: PreviewImporter' with importer (PreviewImporter)
Imported 'GUID: 859e9dfb68e64314c938b12ca748d762' -> (Import Result ID: '37dc86c3cd6456a88cda06b1027ae3a3') in 0.848 seconds [static and dynamic dependencies]. Details - ImportResultOutputID=9fb1989046beea10f482954b5bb8c51d DependenciesID=1211fde0b360c07282c604e6f8aa45bc StaticDependenciesID=dd81c49e7d12621baa58ed758ddcfd34 
Number of updated asset objects reloaded before import = 0
Number of asset objects unloaded after import = 143
========================================================================
Received Prepare
AcceleratorClientConnectionCallback - disconnected - :0
Refreshing native plugins compatible for Editor in 6.03 ms, found 5 plugins.
Unloading 34 Unused Serialized files (Serialized files now loaded: 0)
Unloading 35 unused Assets / (3.3 MB). Loaded Objects now: 8990.
Memory consumption went from 396.9 MB to 393.6 MB.
Total: 16.581000 ms (FindLiveObjects: 0.601600 ms CreateObjectMapping: 1.512600 ms MarkObjects: 13.398800 ms  DeleteObjects: 1.066200 ms)

Prepare: number of updated asset objects reloaded= 0
EnvironmentDependencyValues requested are different than current active one (requested -> active):
  graphicsApiMask: 2099200 -> 2361344
========================================================================
Received Prepare
AcceleratorClientConnectionCallback - disconnected - :0
Refreshing native plugins compatible for Editor in 5.96 ms, found 5 plugins.
Unloading 34 Unused Serialized files (Serialized files now loaded: 0)
Unloading 35 unused Assets / (3.3 MB). Loaded Objects now: 8990.
Memory consumption went from 397.1 MB to 393.8 MB.
Total: 17.608100 ms (FindLiveObjects: 0.721700 ms CreateObjectMapping: 1.477300 ms MarkObjects: 13.921100 ms  DeleteObjects: 1.486800 ms)

Prepare: number of updated asset objects reloaded= 0
EnvironmentDependencyValues requested are different than current active one (requested -> active):
  graphicsApiMask: 2099200 -> 2361344
========================================================================
Received Import Request.
  Time of request: 2026-08-15T11:22:33.7308438Z
  Time since last request: 34.2704017 seconds.
  importAddress: GUID: 859e9dfb68e64314c938b12ca748d762 - Path: Assets/_Project/Prefabs/Characters/Swordsman/Swordsman.prefab - Importer: PreviewImporter
Importing 'GUID: 859e9dfb68e64314c938b12ca748d762 - Path: Assets/_Project/Prefabs/Characters/Swordsman/Swordsman.prefab - Importer: PreviewImporter' with importer (PreviewImporter)
Imported 'GUID: 859e9dfb68e64314c938b12ca748d762' -> (Import Result ID: '79f0dcc2fbd20222527c63aaa0c075c2') in 0.046 seconds [static and dynamic dependencies]. Details - ImportResultOutputID=9fb1989046beea10f482954b5bb8c51d DependenciesID=c379a9d242bd2f4c1c52500f755e02af StaticDependenciesID=18d0e3dcee833ecc6c0ec9f6f4198ae4 
Number of updated asset objects reloaded before import = 0
Number of asset objects unloaded after import = 145
========================================================================
Received Import Request.
  Time of request: 2026-08-15T11:22:37.3682874Z
  Time since last request: 3.5669971 seconds.
  importAddress: GUID: 859e9dfb68e64314c938b12ca748d762 - Path: Assets/_Project/Prefabs/Characters/Swordsman/Swordsman.prefab - Importer: PreviewImporter
Importing 'GUID: 859e9dfb68e64314c938b12ca748d762 - Path: Assets/_Project/Prefabs/Characters/Swordsman/Swordsman.prefab - Importer: PreviewImporter' with importer (PreviewImporter)
Imported 'GUID: 859e9dfb68e64314c938b12ca748d762' -> (Import Result ID: '4e3049b1fc0ee5078c1d7d07b9c47e06') in 0.048 seconds [static and dynamic dependencies]. Details - ImportResultOutputID=9fb1989046beea10f482954b5bb8c51d DependenciesID=0db44e73ba942d7598ae2aadb73d8c47 StaticDependenciesID=2567e3b1f1a5b0b6fbac802ab29347f6 
Number of updated asset objects reloaded before import = 0
Number of asset objects unloaded after import = 145
========================================================================
Received Import Request.
  Time of request: 2026-08-15T11:23:01.1425596Z
  Time since last request: 23.6998609 seconds.
  importAddress: GUID: 859e9dfb68e64314c938b12ca748d762 - Path: Assets/_Project/Prefabs/Characters/Swordsman/Swordsman.prefab - Importer: PreviewImporter
Importing 'GUID: 859e9dfb68e64314c938b12ca748d762 - Path: Assets/_Project/Prefabs/Characters/Swordsman/Swordsman.prefab - Importer: PreviewImporter' with importer (PreviewImporter)
Imported 'GUID: 859e9dfb68e64314c938b12ca748d762' -> (Import Result ID: 'de845c19906728f0184594c0134facba') in 0.048 seconds [static and dynamic dependencies]. Details - ImportResultOutputID=9fb1989046beea10f482954b5bb8c51d DependenciesID=e08c4a95ce4e9a80e148e1b521a3c912 StaticDependenciesID=7995e88b59d2316db5faed3d58e6c652 
Number of updated asset objects reloaded before import = 0
Number of asset objects unloaded after import = 146
========================================================================
Received Import Request.
  Time of request: 2026-08-15T11:23:05.7739457Z
  Time since last request: 4.5559179 seconds.
  importAddress: GUID: 859e9dfb68e64314c938b12ca748d762 - Path: Assets/_Project/Prefabs/Characters/Swordsman/Swordsman.prefab - Importer: PreviewImporter
Importing 'GUID: 859e9dfb68e64314c938b12ca748d762 - Path: Assets/_Project/Prefabs/Characters/Swordsman/Swordsman.prefab - Importer: PreviewImporter' with importer (PreviewImporter)
Imported 'GUID: 859e9dfb68e64314c938b12ca748d762' -> (Import Result ID: 'b44fa8640a87bb832c2455114027d4ff') in 0.030 seconds [static and dynamic dependencies]. Details - ImportResultOutputID=9fb1989046beea10f482954b5bb8c51d DependenciesID=2f453146d8728b2ebca192b0e53ce94f StaticDependenciesID=d7fec99b898450d402c8fa4bf70de82b 
Number of updated asset objects reloaded before import = 0
Number of asset objects unloaded after import = 134
========================================================================
Received Import Request.
  Time of request: 2026-08-15T11:23:14.0403713Z
  Time since last request: 8.2040653 seconds.
  importAddress: GUID: 859e9dfb68e64314c938b12ca748d762 - Path: Assets/_Project/Prefabs/Characters/Swordsman/Swordsman.prefab - Importer: PreviewImporter
Importing 'GUID: 859e9dfb68e64314c938b12ca748d762 - Path: Assets/_Project/Prefabs/Characters/Swordsman/Swordsman.prefab - Importer: PreviewImporter' with importer (PreviewImporter)
Imported 'GUID: 859e9dfb68e64314c938b12ca748d762' -> (Import Result ID: '2b27235ee00f8099c5601386800eea8a') in 0.031 seconds [static and dynamic dependencies]. Details - ImportResultOutputID=9fb1989046beea10f482954b5bb8c51d DependenciesID=dc9cda65e2b65aff79af42df743ea84f StaticDependenciesID=0cac5604696878f000fc1c4cd7b63d10 
Number of updated asset objects reloaded before import = 0
Number of asset objects unloaded after import = 136
========================================================================
Received Import Request.
  Time of request: 2026-08-15T11:23:17.463833Z
  Time since last request: 3.3636382 seconds.
  importAddress: GUID: 859e9dfb68e64314c938b12ca748d762 - Path: Assets/_Project/Prefabs/Characters/Swordsman/Swordsman.prefab - Importer: PreviewImporter
Importing 'GUID: 859e9dfb68e64314c938b12ca748d762 - Path: Assets/_Project/Prefabs/Characters/Swordsman/Swordsman.prefab - Importer: PreviewImporter' with importer (PreviewImporter)
Imported 'GUID: 859e9dfb68e64314c938b12ca748d762' -> (Import Result ID: '085e74d6d595cabc7585440b028e0161') in 0.033 seconds [static and dynamic dependencies]. Details - ImportResultOutputID=9fb1989046beea10f482954b5bb8c51d DependenciesID=6f62f0ced549313dc4e301f4f6046c40 StaticDependenciesID=cfe199c64948974589076994df0cc893 
Number of updated asset objects reloaded before import = 0
Number of asset objects unloaded after import = 136
========================================================================
Received Import Request.
  Time of request: 2026-08-15T11:23:21.7396491Z
  Time since last request: 4.2155454 seconds.
  importAddress: GUID: 859e9dfb68e64314c938b12ca748d762 - Path: Assets/_Project/Prefabs/Characters/Swordsman/Swordsman.prefab - Importer: PreviewImporter
Importing 'GUID: 859e9dfb68e64314c938b12ca748d762 - Path: Assets/_Project/Prefabs/Characters/Swordsman/Swordsman.prefab - Importer: PreviewImporter' with importer (PreviewImporter)
Imported 'GUID: 859e9dfb68e64314c938b12ca748d762' -> (Import Result ID: 'deaf4025eca5cd27563e62fb7380e9b1') in 0.032 seconds [static and dynamic dependencies]. Details - ImportResultOutputID=9fb1989046beea10f482954b5bb8c51d DependenciesID=0013e51ab8b0f4c7217cfbb1399cb1fa StaticDependenciesID=699af8c86ee76799aad9a2d7b874318f 
Number of updated asset objects reloaded before import = 0
Number of asset objects unloaded after import = 138
========================================================================
Received Import Request.
  Time of request: 2026-08-15T11:23:25.9841717Z
  Time since last request: 4.1843594 seconds.
  importAddress: GUID: 859e9dfb68e64314c938b12ca748d762 - Path: Assets/_Project/Prefabs/Characters/Swordsman/Swordsman.prefab - Importer: PreviewImporter
Importing 'GUID: 859e9dfb68e64314c938b12ca748d762 - Path: Assets/_Project/Prefabs/Characters/Swordsman/Swordsman.prefab - Importer: PreviewImporter' with importer (PreviewImporter)
Imported 'GUID: 859e9dfb68e64314c938b12ca748d762' -> (Import Result ID: '25d7782447f211166a33930e20a357b4') in 0.032 seconds [static and dynamic dependencies]. Details - ImportResultOutputID=9fb1989046beea10f482954b5bb8c51d DependenciesID=327a80d5f4556deaa89aca4a6067671c StaticDependenciesID=409d3b5e1fdb410b2c75928df846b6dd 
Number of updated asset objects reloaded before import = 0
Number of asset objects unloaded after import = 138
========================================================================
Received Import Request.
  Time of request: 2026-08-15T11:23:42.4264959Z
  Time since last request: 16.3826769 seconds.
  importAddress: GUID: 859e9dfb68e64314c938b12ca748d762 - Path: Assets/_Project/Prefabs/Characters/Swordsman/Swordsman.prefab - Importer: PreviewImporter
Importing 'GUID: 859e9dfb68e64314c938b12ca748d762 - Path: Assets/_Project/Prefabs/Characters/Swordsman/Swordsman.prefab - Importer: PreviewImporter' with importer (PreviewImporter)
Imported 'GUID: 859e9dfb68e64314c938b12ca748d762' -> (Import Result ID: 'a223daeeff4d09b9afb9f56b9596182f') in 0.029 seconds [static and dynamic dependencies]. Details - ImportResultOutputID=9fb1989046beea10f482954b5bb8c51d DependenciesID=3b84fd9d98765b37018600dbeba73fb1 StaticDependenciesID=f57de0c46fa89faae4f1bbfbb1db64a5 
Number of updated asset objects reloaded before import = 0
Number of asset objects unloaded after import = 138
========================================================================
Received Import Request.
  Time of request: 2026-08-15T11:23:46.8738414Z
  Time since last request: 4.3910814 seconds.
  importAddress: GUID: 859e9dfb68e64314c938b12ca748d762 - Path: Assets/_Project/Prefabs/Characters/Swordsman/Swordsman.prefab - Importer: PreviewImporter
Importing 'GUID: 859e9dfb68e64314c938b12ca748d762 - Path: Assets/_Project/Prefabs/Characters/Swordsman/Swordsman.prefab - Importer: PreviewImporter' with importer (PreviewImporter)
Imported 'GUID: 859e9dfb68e64314c938b12ca748d762' -> (Import Result ID: 'c72365f78e75011f6f61953506a3e9f6') in 0.031 seconds [static and dynamic dependencies]. Details - ImportResultOutputID=9fb1989046beea10f482954b5bb8c51d DependenciesID=f8d6dbb909c27f862f815e6b04a5252b StaticDependenciesID=0862aea22c70f5162279979fc9afe37e 
Number of updated asset objects reloaded before import = 0
Number of asset objects unloaded after import = 138
========================================================================
Received Import Request.
  Time of request: 2026-08-15T11:23:49.7091182Z
  Time since last request: 2.7778714 seconds.
  importAddress: GUID: 859e9dfb68e64314c938b12ca748d762 - Path: Assets/_Project/Prefabs/Characters/Swordsman/Swordsman.prefab - Importer: PreviewImporter
Importing 'GUID: 859e9dfb68e64314c938b12ca748d762 - Path: Assets/_Project/Prefabs/Characters/Swordsman/Swordsman.prefab - Importer: PreviewImporter' with importer (PreviewImporter)
Imported 'GUID: 859e9dfb68e64314c938b12ca748d762' -> (Import Result ID: 'a13dc00466341260324dbe24d3608c40') in 0.029 seconds [static and dynamic dependencies]. Details - ImportResultOutputID=9fb1989046beea10f482954b5bb8c51d DependenciesID=3910d380152aa6908fb419962dedcc7a StaticDependenciesID=bbe71bf476aa67c061a42a948500d2b1 
Number of updated asset objects reloaded before import = 0
Number of asset objects unloaded after import = 138
========================================================================
Received Import Request.
  Time of request: 2026-08-15T11:23:57.6119193Z
  Time since last request: 7.8470941 seconds.
  importAddress: GUID: 859e9dfb68e64314c938b12ca748d762 - Path: Assets/_Project/Prefabs/Characters/Swordsman/Swordsman.prefab - Importer: PreviewImporter
Importing 'GUID: 859e9dfb68e64314c938b12ca748d762 - Path: Assets/_Project/Prefabs/Characters/Swordsman/Swordsman.prefab - Importer: PreviewImporter' with importer (PreviewImporter)
Imported 'GUID: 859e9dfb68e64314c938b12ca748d762' -> (Import Result ID: '7057050520539000540eb8c3e21930e9') in 0.031 seconds [static and dynamic dependencies]. Details - ImportResultOutputID=9fb1989046beea10f482954b5bb8c51d DependenciesID=3a686fd241fe57b9f18ec462fcda1590 StaticDependenciesID=17ab9cc01b0e1a5683e91d83f4152b16 
Number of updated asset objects reloaded before import = 0
Number of asset objects unloaded after import = 138
========================================================================
Received Import Request.
  Time of request: 2026-08-15T11:24:00.4416157Z
  Time since last request: 2.7708544 seconds.
  importAddress: GUID: 859e9dfb68e64314c938b12ca748d762 - Path: Assets/_Project/Prefabs/Characters/Swordsman/Swordsman.prefab - Importer: PreviewImporter
Importing 'GUID: 859e9dfb68e64314c938b12ca748d762 - Path: Assets/_Project/Prefabs/Characters/Swordsman/Swordsman.prefab - Importer: PreviewImporter' with importer (PreviewImporter)
Imported 'GUID: 859e9dfb68e64314c938b12ca748d762' -> (Import Result ID: '722f105d6a0146261d1f6776d67eaa41') in 0.034 seconds [static and dynamic dependencies]. Details - ImportResultOutputID=9fb1989046beea10f482954b5bb8c51d DependenciesID=33aeb37f82d7821a0a7e1e4eeb762e69 StaticDependenciesID=97cace74f98ee71109b203bc4c6f8c55 
Number of updated asset objects reloaded before import = 0
Number of asset objects unloaded after import = 138
========================================================================
Received Import Request.
  Time of request: 2026-08-15T11:24:04.7011163Z
  Time since last request: 4.1990946 seconds.
  importAddress: GUID: 859e9dfb68e64314c938b12ca748d762 - Path: Assets/_Project/Prefabs/Characters/Swordsman/Swordsman.prefab - Importer: PreviewImporter
Importing 'GUID: 859e9dfb68e64314c938b12ca748d762 - Path: Assets/_Project/Prefabs/Characters/Swordsman/Swordsman.prefab - Importer: PreviewImporter' with importer (PreviewImporter)
Imported 'GUID: 859e9dfb68e64314c938b12ca748d762' -> (Import Result ID: 'f5d851462544821ce333f849057cbde5') in 0.032 seconds [static and dynamic dependencies]. Details - ImportResultOutputID=9fb1989046beea10f482954b5bb8c51d DependenciesID=4ad54df908564a2f3ec229595761988d StaticDependenciesID=0df9a4b2f59f8542f505008b5d3ae799 
Number of updated asset objects reloaded before import = 0
Number of asset objects unloaded after import = 138
========================================================================
Received Import Request.
  Time of request: 2026-08-15T11:24:14.8525232Z
  Time since last request: 10.0933244 seconds.
  importAddress: GUID: 859e9dfb68e64314c938b12ca748d762 - Path: Assets/_Project/Prefabs/Characters/Swordsman/Swordsman.prefab - Importer: PreviewImporter
Importing 'GUID: 859e9dfb68e64314c938b12ca748d762 - Path: Assets/_Project/Prefabs/Characters/Swordsman/Swordsman.prefab - Importer: PreviewImporter' with importer (PreviewImporter)
Imported 'GUID: 859e9dfb68e64314c938b12ca748d762' -> (Import Result ID: '3f9872850412101ad507adf7ca44fdb1') in 0.030 seconds [static and dynamic dependencies]. Details - ImportResultOutputID=9fb1989046beea10f482954b5bb8c51d DependenciesID=0da6d84b5c21a6a2802974dd7162fa9e StaticDependenciesID=84bcbb3fa3b36d8a941fc32fd0b08bb1 
Number of updated asset objects reloaded before import = 0
Number of asset objects unloaded after import = 138
========================================================================
Received Import Request.
  Time of request: 2026-08-15T11:24:17.8943347Z
  Time since last request: 2.9821921 seconds.
  importAddress: GUID: 859e9dfb68e64314c938b12ca748d762 - Path: Assets/_Project/Prefabs/Characters/Swordsman/Swordsman.prefab - Importer: PreviewImporter
Importing 'GUID: 859e9dfb68e64314c938b12ca748d762 - Path: Assets/_Project/Prefabs/Characters/Swordsman/Swordsman.prefab - Importer: PreviewImporter' with importer (PreviewImporter)
Imported 'GUID: 859e9dfb68e64314c938b12ca748d762' -> (Import Result ID: 'bfda6a4dd4ebba45418f45a2e2584b74') in 0.032 seconds [static and dynamic dependencies]. Details - ImportResultOutputID=9fb1989046beea10f482954b5bb8c51d DependenciesID=af390ddf23670745104ed69493e9db58 StaticDependenciesID=5884a44b08edcb9db604b0d2aec5e2ad 
Number of updated asset objects reloaded before import = 0
Number of asset objects unloaded after import = 138
========================================================================
Received Import Request.
  Time of request: 2026-08-15T11:24:24.1391944Z
  Time since last request: 6.1836396 seconds.
  importAddress: GUID: 859e9dfb68e64314c938b12ca748d762 - Path: Assets/_Project/Prefabs/Characters/Swordsman/Swordsman.prefab - Importer: PreviewImporter
Importing 'GUID: 859e9dfb68e64314c938b12ca748d762 - Path: Assets/_Project/Prefabs/Characters/Swordsman/Swordsman.prefab - Importer: PreviewImporter' with importer (PreviewImporter)
Imported 'GUID: 859e9dfb68e64314c938b12ca748d762' -> (Import Result ID: '7f487ced5eeebc6c50efb4f4b01197a9') in 0.032 seconds [static and dynamic dependencies]. Details - ImportResultOutputID=9fb1989046beea10f482954b5bb8c51d DependenciesID=4da4872672c4bc438c56c90339a0b622 StaticDependenciesID=4b31701da89e713ad59716979d84dacb 
Number of updated asset objects reloaded before import = 0
Number of asset objects unloaded after import = 138
========================================================================
Received Import Request.
  Time of request: 2026-08-15T11:24:34.7311582Z
  Time since last request: 10.532699 seconds.
  importAddress: GUID: 859e9dfb68e64314c938b12ca748d762 - Path: Assets/_Project/Prefabs/Characters/Swordsman/Swordsman.prefab - Importer: PreviewImporter
Importing 'GUID: 859e9dfb68e64314c938b12ca748d762 - Path: Assets/_Project/Prefabs/Characters/Swordsman/Swordsman.prefab - Importer: PreviewImporter' with importer (PreviewImporter)
Imported 'GUID: 859e9dfb68e64314c938b12ca748d762' -> (Import Result ID: '5e7e388c30a1a3eb426645301f46aceb') in 0.031 seconds [static and dynamic dependencies]. Details - ImportResultOutputID=9fb1989046beea10f482954b5bb8c51d DependenciesID=18c2e26e2a73f480f4e8769cf9a2b16f StaticDependenciesID=53300b840e8b97cfef34d50cf98dac6c 
Number of updated asset objects reloaded before import = 0
Number of asset objects unloaded after import = 138
========================================================================
Received Import Request.
  Time of request: 2026-08-15T11:24:48.8766136Z
  Time since last request: 14.0851652 seconds.
  importAddress: GUID: d2c31ace062002f40aaf81170ee7cbc1 - Path: Assets/_Project/Art/Items/Armor/armor-vest.png - Importer: PreviewImporter
Importing 'GUID: d2c31ace062002f40aaf81170ee7cbc1 - Path: Assets/_Project/Art/Items/Armor/armor-vest.png - Importer: PreviewImporter' with importer (PreviewImporter)
Imported 'GUID: d2c31ace062002f40aaf81170ee7cbc1' -> (Import Result ID: 'd4fcec78b1edea13227c7b6027a46ccf') in 0.044 seconds [static and dynamic dependencies]. Details - ImportResultOutputID=f558c617f0f2053fb5e21439d09d6e30 DependenciesID=fcafd1397bd500a1b21ac13c82e1ddfe StaticDependenciesID=6a47b9f25bba17a0d0312d5626f96811 
Number of updated asset objects reloaded before import = 0
Number of asset objects unloaded after import = 3
========================================================================
Received Import Request.
  Time of request: 2026-08-15T11:24:48.9535535Z
  Time since last request: 0.0022809 seconds.
  importAddress: GUID: ba5ddd03d1a53344ab116a7690797228 - Path: Assets/_Project/Art/Characters/Swordsman/ASEPRITE/Swordsman_lvl3/Swordsman_lvl3_Attack/Swordsman_lvl3_attack_front.aseprite - Importer: PreviewImporter
Importing 'GUID: ba5ddd03d1a53344ab116a7690797228 - Path: Assets/_Project/Art/Characters/Swordsman/ASEPRITE/Swordsman_lvl3/Swordsman_lvl3_Attack/Swordsman_lvl3_attack_front.aseprite - Importer: PreviewImporter' with importer (PreviewImporter)
Imported 'GUID: ba5ddd03d1a53344ab116a7690797228' -> (Import Result ID: '7c4098a021d0b3f046771c7b3fa76ff1') in 0.106 seconds [static and dynamic dependencies]. Details - ImportResultOutputID=366b3eb3b7d980d3f10b39b2621db1f1 DependenciesID=6bdeed245c40b4b676418b98e2c17fc6 StaticDependenciesID=3952693b02dc596ddd3e1f241d0d66ee 
Number of updated asset objects reloaded before import = 0
Number of asset objects unloaded after import = 19
========================================================================
Received Import Request.
  Time of request: 2026-08-15T11:24:49.0928774Z
  Time since last request: 0.0017882 seconds.
  importAddress: GUID: 6d69de3d866c80943ae78888d3d73919 - Path: Assets/_Project/Art/Characters/Swordsman/ASEPRITE/Swordsman_lvl3/Swordsman_lvl3_Attack/Swordsman_lvl3_attack_side_right.aseprite - Importer: PreviewImporter
Importing 'GUID: 6d69de3d866c80943ae78888d3d73919 - Path: Assets/_Project/Art/Characters/Swordsman/ASEPRITE/Swordsman_lvl3/Swordsman_lvl3_Attack/Swordsman_lvl3_attack_side_right.aseprite - Importer: PreviewImporter' with importer (PreviewImporter)
Imported 'GUID: 6d69de3d866c80943ae78888d3d73919' -> (Import Result ID: '5e5402cb464c419a8cbfeb5b0517d0ed') in 0.060 seconds [static and dynamic dependencies]. Details - ImportResultOutputID=6d1c6b6834211c8175c8cb5b691d0560 DependenciesID=27dc9a5a3a677869dbac476fb0978c97 StaticDependenciesID=6bb7476e013b3555c6943a1a8b99b4a2 
Number of updated asset objects reloaded before import = 0
Number of asset objects unloaded after import = 19
========================================================================
Received Import Request.
  Time of request: 2026-08-15T11:24:49.1841736Z
  Time since last request: 0.0022339 seconds.
  importAddress: GUID: eec19781926cd2248b7c9abfde8db555 - Path: Assets/NuGet/Resources/defaultIcon.png - Importer: PreviewImporter
Importing 'GUID: eec19781926cd2248b7c9abfde8db555 - Path: Assets/NuGet/Resources/defaultIcon.png - Importer: PreviewImporter' with importer (PreviewImporter)
Imported 'GUID: eec19781926cd2248b7c9abfde8db555' -> (Import Result ID: '108f17eba8eb2ca31d58cc31f3910ec6') in 0.014 seconds [static and dynamic dependencies]. Details - ImportResultOutputID=e6fbe93c9dc244248e54163b939bf330 DependenciesID=de0687f9f12e4c5fe5df5725761c3b0d StaticDependenciesID=bbb083211ece7cab1ee16adf915d58bd 
Number of updated asset objects reloaded before import = 0
Number of asset objects unloaded after import = 3
========================================================================
Received Import Request.
  Time of request: 2026-08-15T11:24:49.2271922Z
  Time since last request: 0.0013385 seconds.
  importAddress: GUID: 553cf651fe306c34397c0f4d8617a1cc - Path: Assets/_Project/Art/Environment/Background/fog of war.png - Importer: PreviewImporter
Importing 'GUID: 553cf651fe306c34397c0f4d8617a1cc - Path: Assets/_Project/Art/Environment/Background/fog of war.png - Importer: PreviewImporter' with importer (PreviewImporter)
Imported 'GUID: 553cf651fe306c34397c0f4d8617a1cc' -> (Import Result ID: 'a82a959ac404a374965f77e790525a55') in 0.050 seconds [static and dynamic dependencies]. Details - ImportResultOutputID=1ce5b7d17d13586523a7cf9c2ccdcd26 DependenciesID=c449dd3599cc8f61a48645e4b8bab9da StaticDependenciesID=a3b3aae7dcfb43356a522eba47d5cd26 
Number of updated asset objects reloaded before import = 0
Number of asset objects unloaded after import = 3
========================================================================
Received Import Request.
  Time of request: 2026-08-15T11:24:49.3069055Z
  Time since last request: 0.0017268 seconds.
  importAddress: GUID: 30ee9d54ddf11314f89dd3a6dccc7d94 - Path: Assets/_Project/Art/Characters/Swordsman/ASEPRITE/Swordsman_lvl3/Swordsman_lvl3_Attack/Swordsman_lvl3_attack_side_left.aseprite - Importer: PreviewImporter
Importing 'GUID: 30ee9d54ddf11314f89dd3a6dccc7d94 - Path: Assets/_Project/Art/Characters/Swordsman/ASEPRITE/Swordsman_lvl3/Swordsman_lvl3_Attack/Swordsman_lvl3_attack_side_left.aseprite - Importer: PreviewImporter' with importer (PreviewImporter)
Imported 'GUID: 30ee9d54ddf11314f89dd3a6dccc7d94' -> (Import Result ID: '9859a648d2275ed87abe6348265f1286') in 0.057 seconds [static and dynamic dependencies]. Details - ImportResultOutputID=fe740aa52fb26b2151728ea0e4378cf5 DependenciesID=6af04bad5a6fcf576db065bc0bd8cdfc StaticDependenciesID=c80485d9e2fc16c3cf276bee7a7e7c73 
Number of updated asset objects reloaded before import = 0
Number of asset objects unloaded after import = 19
========================================================================
Received Import Request.
  Time of request: 2026-08-15T11:24:50.0651721Z
  Time since last request: 0.672562 seconds.
  importAddress: GUID: ad772f252cb3a134d9a349ffd1a4481d - Path: Assets/_Project/Art/Characters/Slime/ASEPRITE/Slime1/Walk/Slime1_Walk_front.aseprite - Importer: PreviewImporter
Importing 'GUID: ad772f252cb3a134d9a349ffd1a4481d - Path: Assets/_Project/Art/Characters/Slime/ASEPRITE/Slime1/Walk/Slime1_Walk_front.aseprite - Importer: PreviewImporter' with importer (PreviewImporter)
Imported 'GUID: ad772f252cb3a134d9a349ffd1a4481d' -> (Import Result ID: 'b839bf2f4264ab7f3dafad410c3974bd') in 0.070 seconds [static and dynamic dependencies]. Details - ImportResultOutputID=9a28793f385ba589a1164e2c963ff83e DependenciesID=ad4a419dad9f762a3dd7a64deed4da12 StaticDependenciesID=27cd98f612639e2f5c9a0f55352f4a83 
Number of updated asset objects reloaded before import = 0
Number of asset objects unloaded after import = 19
========================================================================
Received Import Request.
  Time of request: 2026-08-15T11:24:50.5938778Z
  Time since last request: 0.4319875 seconds.
  importAddress: GUID: 8a22e27f3300dd84b9f319d6718c34ed - Path: Assets/_Project/Art/Characters/Swordsman/ASEPRITE/Swordsman_lvl3/Swordsman_lvl3_Death/Swordsman_lvl3_Death_front.aseprite - Importer: PreviewImporter
Importing 'GUID: 8a22e27f3300dd84b9f319d6718c34ed - Path: Assets/_Project/Art/Characters/Swordsman/ASEPRITE/Swordsman_lvl3/Swordsman_lvl3_Death/Swordsman_lvl3_Death_front.aseprite - Importer: PreviewImporter' with importer (PreviewImporter)
Imported 'GUID: 8a22e27f3300dd84b9f319d6718c34ed' -> (Import Result ID: '7b3980ef378ef5fb241d7ed5697f154e') in 0.053 seconds [static and dynamic dependencies]. Details - ImportResultOutputID=876bcd98f68e7bad91fd835bc975ce48 DependenciesID=8ed003e71326045b6f17ea94db666a3d StaticDependenciesID=25eb91cf6da1a9c8a2404b88f5d8dd31 
Number of updated asset objects reloaded before import = 0
Number of asset objects unloaded after import = 18
========================================================================
Received Import Request.
  Time of request: 2026-08-15T11:24:50.6778452Z
  Time since last request: 0.0005152 seconds.
  importAddress: GUID: aabc550f248615b4fbb1c904c5200047 - Path: Assets/_Project/Art/Characters/Slime/ASEPRITE/Slime1/Walk/Slime1_Walk_left.aseprite - Importer: PreviewImporter
Importing 'GUID: aabc550f248615b4fbb1c904c5200047 - Path: Assets/_Project/Art/Characters/Slime/ASEPRITE/Slime1/Walk/Slime1_Walk_left.aseprite - Importer: PreviewImporter' with importer (PreviewImporter)
Imported 'GUID: aabc550f248615b4fbb1c904c5200047' -> (Import Result ID: '444b8fbfb95d07750eda752d7769bbad') in 0.062 seconds [static and dynamic dependencies]. Details - ImportResultOutputID=8a12989472f0186b055037fc7cdf58a7 DependenciesID=0113852e4be5237db3dd77d665852eb8 StaticDependenciesID=9d48ceee4efa451bc350ba42f073d8c7 
Number of updated asset objects reloaded before import = 0
Number of asset objects unloaded after import = 19
========================================================================
Received Import Request.
  Time of request: 2026-08-15T11:24:51.1713008Z
  Time since last request: 0.400974 seconds.
  importAddress: GUID: b0f3231a566c5e0408e5493c5ec9e658 - Path: Assets/_Project/Art/Characters/Swordsman/ASEPRITE/Swordsman_lvl3/Swordsman_lvl3_Hurt/Swordsman_lvl3_Hurt_back.aseprite - Importer: PreviewImporter
Importing 'GUID: b0f3231a566c5e0408e5493c5ec9e658 - Path: Assets/_Project/Art/Characters/Swordsman/ASEPRITE/Swordsman_lvl3/Swordsman_lvl3_Hurt/Swordsman_lvl3_Hurt_back.aseprite - Importer: PreviewImporter' with importer (PreviewImporter)
Imported 'GUID: b0f3231a566c5e0408e5493c5ec9e658' -> (Import Result ID: '89fc2a464823ab7df0ad4944493ec310') in 0.041 seconds [static and dynamic dependencies]. Details - ImportResultOutputID=4878591d13957f9b9a9823d74e6121d5 DependenciesID=af0918558e1eb9f2858f02bbee8bce78 StaticDependenciesID=513ba56517b595bc945b7eba6da304de 
Number of updated asset objects reloaded before import = 0
Number of asset objects unloaded after import = 16
========================================================================
Received Import Request.
  Time of request: 2026-08-15T11:24:51.2380569Z
  Time since last request: 0.001847 seconds.
  importAddress: GUID: 9145c1cdfd3ef4145b04b16f7b4f6948 - Path: Assets/_Project/Art/Characters/Slime/ASEPRITE/Slime1/Walk/Slime1_Walk_right.aseprite - Importer: PreviewImporter
Importing 'GUID: 9145c1cdfd3ef4145b04b16f7b4f6948 - Path: Assets/_Project/Art/Characters/Slime/ASEPRITE/Slime1/Walk/Slime1_Walk_right.aseprite - Importer: PreviewImporter' with importer (PreviewImporter)
Imported 'GUID: 9145c1cdfd3ef4145b04b16f7b4f6948' -> (Import Result ID: '07713423516ec67378cc9d215c9ce8e1') in 0.051 seconds [static and dynamic dependencies]. Details - ImportResultOutputID=b4d36ebb44a749ec270aa5e1e09de6ed DependenciesID=8aa07e04d1b77df12624ba2ed95a58d0 StaticDependenciesID=6f989b19c2135a14a07a6400adf19dc1 
Number of updated asset objects reloaded before import = 0
Number of asset objects unloaded after import = 19
========================================================================
Received Import Request.
  Time of request: 2026-08-15T11:24:51.3172306Z
  Time since last request: 0.0016353 seconds.
  importAddress: GUID: 529c208e765663749873398c45255e55 - Path: Assets/_Project/Art/Characters/Slime/ASEPRITE/Slime3/Walk/Slime3_Walk_right.aseprite - Importer: PreviewImporter
Importing 'GUID: 529c208e765663749873398c45255e55 - Path: Assets/_Project/Art/Characters/Slime/ASEPRITE/Slime3/Walk/Slime3_Walk_right.aseprite - Importer: PreviewImporter' with importer (PreviewImporter)
Imported 'GUID: 529c208e765663749873398c45255e55' -> (Import Result ID: '4d496e8653daa8211e26b1d769492a72') in 0.064 seconds [static and dynamic dependencies]. Details - ImportResultOutputID=1b6093a94b5ac6f8ffc5f0afd4927a97 DependenciesID=0a8cab500defc98089420ba7275fdd74 StaticDependenciesID=635d0c693d8b8f9a142319ec0e0f96ae 
Number of updated asset objects reloaded before import = 0
Number of asset objects unloaded after import = 19
========================================================================
Received Import Request.
  Time of request: 2026-08-15T11:24:51.604691Z
  Time since last request: 0.1910093 seconds.
  importAddress: GUID: 63bb6289bf595c541b232fccfe50bfdf - Path: Assets/_Project/Art/Characters/Slime/ASEPRITE/Slime3/Walk/Slime3_Walk_left.aseprite - Importer: PreviewImporter
Importing 'GUID: 63bb6289bf595c541b232fccfe50bfdf - Path: Assets/_Project/Art/Characters/Slime/ASEPRITE/Slime3/Walk/Slime3_Walk_left.aseprite - Importer: PreviewImporter' with importer (PreviewImporter)
Imported 'GUID: 63bb6289bf595c541b232fccfe50bfdf' -> (Import Result ID: 'dea81d854b73be37557ad18db0ea2446') in 0.050 seconds [static and dynamic dependencies]. Details - ImportResultOutputID=31187bff73d8969a13afd4741f718d7e DependenciesID=e59dca87a23bc5698d44a1c0499dbf99 StaticDependenciesID=d57bb4505ffc2ed029a6fc2d6c119f8a 
Number of updated asset objects reloaded before import = 0
Number of asset objects unloaded after import = 19
========================================================================
Received Import Request.
  Time of request: 2026-08-15T11:24:51.7194897Z
  Time since last request: 0.0005657 seconds.
  importAddress: GUID: 44b771c1cc0bfd74184aa41aaf767551 - Path: Assets/_Project/Art/Characters/Swordsman/ASEPRITE/Swordsman_lvl3/Swordsman_lvl3_Hurt/Swordsman_lvl3_Hurt_side_right.aseprite - Importer: PreviewImporter
Importing 'GUID: 44b771c1cc0bfd74184aa41aaf767551 - Path: Assets/_Project/Art/Characters/Swordsman/ASEPRITE/Swordsman_lvl3/Swordsman_lvl3_Hurt/Swordsman_lvl3_Hurt_side_right.aseprite - Importer: PreviewImporter' with importer (PreviewImporter)
Imported 'GUID: 44b771c1cc0bfd74184aa41aaf767551' -> (Import Result ID: 'bae9790e014e072474c7211588835209') in 0.046 seconds [static and dynamic dependencies]. Details - ImportResultOutputID=a126f3328262299e78eb8297bc304d1f DependenciesID=ca21cde41fa48838b46a5544eadd80af StaticDependenciesID=3dd735fae1cbce093e7ca542c2c15dbe 
Number of updated asset objects reloaded before import = 0
Number of asset objects unloaded after import = 16
========================================================================
Received Import Request.
  Time of request: 2026-08-15T11:24:51.7931616Z
  Time since last request: 0.0019933 seconds.
  importAddress: GUID: f6361a858c2c82d408f9e85ce8d43fda - Path: Assets/_Project/Art/Characters/Slime/ASEPRITE/Slime3/Walk/Slime3_Walk_front.aseprite - Importer: PreviewImporter
Importing 'GUID: f6361a858c2c82d408f9e85ce8d43fda - Path: Assets/_Project/Art/Characters/Slime/ASEPRITE/Slime3/Walk/Slime3_Walk_front.aseprite - Importer: PreviewImporter' with importer (PreviewImporter)
Imported 'GUID: f6361a858c2c82d408f9e85ce8d43fda' -> (Import Result ID: 'af91d59feca0910f4017d8780b5769d1') in 0.062 seconds [static and dynamic dependencies]. Details - ImportResultOutputID=cc0bf0a170dafc6f2c2320bec06715ac DependenciesID=eedf15f06a8d920450c79ae743e120e8 StaticDependenciesID=16f365b4b952b75f30d0c6e92e9e15e0 
Number of updated asset objects reloaded before import = 0
Number of asset objects unloaded after import = 19
========================================================================
Received Import Request.
  Time of request: 2026-08-15T11:24:51.8830655Z
  Time since last request: 0.0010747 seconds.
  importAddress: GUID: e00fd2f03a4543248826fb1c8da7147e - Path: Assets/_Project/Art/Characters/Slime/ASEPRITE/Slime3/Walk/Slime3_Walk_back.aseprite - Importer: PreviewImporter
Importing 'GUID: e00fd2f03a4543248826fb1c8da7147e - Path: Assets/_Project/Art/Characters/Slime/ASEPRITE/Slime3/Walk/Slime3_Walk_back.aseprite - Importer: PreviewImporter' with importer (PreviewImporter)
Imported 'GUID: e00fd2f03a4543248826fb1c8da7147e' -> (Import Result ID: 'c54f5f3e479dccfb5faca0b80bfbb8c8') in 0.048 seconds [static and dynamic dependencies]. Details - ImportResultOutputID=2f213931c60948cacaa5fefeba1a9e83 DependenciesID=6770f5e36a9c2e7e47495f1cb687fa09 StaticDependenciesID=a6d7b90c1684c2f6b5af94288cc7510b 
Number of updated asset objects reloaded before import = 0
Number of asset objects unloaded after import = 19
========================================================================
Received Import Request.
  Time of request: 2026-08-15T11:24:54.1497273Z
  Time since last request: 2.1896172 seconds.
  importAddress: GUID: c74a342f284e9b148a9460ba0b006498 - Path: Assets/_Project/Art/Characters/Swordsman/ASEPRITE/Swordsman_lvl2/Swordsman_lvl2_Walk/Swordsman_lvl2_Walk_side_right.aseprite - Importer: PreviewImporter
Importing 'GUID: c74a342f284e9b148a9460ba0b006498 - Path: Assets/_Project/Art/Characters/Swordsman/ASEPRITE/Swordsman_lvl2/Swordsman_lvl2_Walk/Swordsman_lvl2_Walk_side_right.aseprite - Importer: PreviewImporter' with importer (PreviewImporter)
Imported 'GUID: c74a342f284e9b148a9460ba0b006498' -> (Import Result ID: '2b9ceb5fd5e16b2fe22fdab257ae6501') in 0.044 seconds [static and dynamic dependencies]. Details - ImportResultOutputID=4e8aa671235fb82d5b916dcfee358816 DependenciesID=0e6e24357d35e530f242b2aab69d5dd2 StaticDependenciesID=3c7f316f73825b9634ea5ffa32ea9cc6 
Number of updated asset objects reloaded before import = 0
Number of asset objects unloaded after import = 17
========================================================================
Received Import Request.
  Time of request: 2026-08-15T11:24:54.2191631Z
  Time since last request: 0.0012423 seconds.
  importAddress: GUID: 5afe71acf8b066343830e6515323a05e - Path: Assets/_Project/Art/Characters/Swordsman/ASEPRITE/Swordsman_lvl3/Swordsman_lvl3_Walk/Swordsman_lvl3_Walk_back.aseprite - Importer: PreviewImporter
Importing 'GUID: 5afe71acf8b066343830e6515323a05e - Path: Assets/_Project/Art/Characters/Swordsman/ASEPRITE/Swordsman_lvl3/Swordsman_lvl3_Walk/Swordsman_lvl3_Walk_back.aseprite - Importer: PreviewImporter' with importer (PreviewImporter)
Imported 'GUID: 5afe71acf8b066343830e6515323a05e' -> (Import Result ID: '8d2d3dc709cce4ed59ae764b83250c79') in 0.039 seconds [static and dynamic dependencies]. Details - ImportResultOutputID=d9a913393835a9480d366386c65f2fc4 DependenciesID=9da7222ba701d4e13a3e6737ac99a650 StaticDependenciesID=bc5583c94446845aa58b65abc0cc700a 
Number of updated asset objects reloaded before import = 0
Number of asset objects unloaded after import = 17
========================================================================
Received Import Request.
  Time of request: 2026-08-15T11:24:54.2851734Z
  Time since last request: 0.0014299 seconds.
  importAddress: GUID: 901ee6323d58c254f98197a61002a6b3 - Path: Assets/_Project/Art/Characters/Swordsman/ASEPRITE/Swordsman_lvl2/Swordsman_lvl2_Run/Swordsman_lvl2_Run_front.aseprite - Importer: PreviewImporter
Importing 'GUID: 901ee6323d58c254f98197a61002a6b3 - Path: Assets/_Project/Art/Characters/Swordsman/ASEPRITE/Swordsman_lvl2/Swordsman_lvl2_Run/Swordsman_lvl2_Run_front.aseprite - Importer: PreviewImporter' with importer (PreviewImporter)
Imported 'GUID: 901ee6323d58c254f98197a61002a6b3' -> (Import Result ID: '121f05ff3a11bbc92340b41246bb3064') in 0.052 seconds [static and dynamic dependencies]. Details - ImportResultOutputID=08cc24c76503388313223c7c66a10e59 DependenciesID=a4ef3b67f96f1780392ab29af77a915b StaticDependenciesID=87adde3ec57c39ee24fa76058918a8ba 
Number of updated asset objects reloaded before import = 0
Number of asset objects unloaded after import = 19
========================================================================
Received Import Request.
  Time of request: 2026-08-15T11:24:54.3668404Z
  Time since last request: 0.0017429 seconds.
  importAddress: GUID: 22bbf6d8df1e8b94db99f6e51627dbf5 - Path: Assets/_Project/Art/Characters/Swordsman/ASEPRITE/Swordsman_lvl2/Swordsman_lvl2_Attack/Swordsman_lvl2_attack_back.aseprite - Importer: PreviewImporter
Importing 'GUID: 22bbf6d8df1e8b94db99f6e51627dbf5 - Path: Assets/_Project/Art/Characters/Swordsman/ASEPRITE/Swordsman_lvl2/Swordsman_lvl2_Attack/Swordsman_lvl2_attack_back.aseprite - Importer: PreviewImporter' with importer (PreviewImporter)
Imported 'GUID: 22bbf6d8df1e8b94db99f6e51627dbf5' -> (Import Result ID: 'd0a7c9f0ba00276b1971f20f688bf4e3') in 0.059 seconds [static and dynamic dependencies]. Details - ImportResultOutputID=6afb516d05350a7de066607d8bbaa638 DependenciesID=2617eadc57fc6d3bf3dfde88b4add09c StaticDependenciesID=bfdd8e1b2a43bba2703a78118ade2acb 
Number of updated asset objects reloaded before import = 0
Number of asset objects unloaded after import = 19
========================================================================
Received Import Request.
  Time of request: 2026-08-15T11:24:54.4594642Z
  Time since last request: 0.0014051 seconds.
  importAddress: GUID: 3a1c5aa30851ecb44afad09e3ca28236 - Path: Assets/_Project/Art/Characters/Slime/ASEPRITE/Slime1/Attack/Slime1_Attack_left.aseprite - Importer: PreviewImporter
Importing 'GUID: 3a1c5aa30851ecb44afad09e3ca28236 - Path: Assets/_Project/Art/Characters/Slime/ASEPRITE/Slime1/Attack/Slime1_Attack_left.aseprite - Importer: PreviewImporter' with importer (PreviewImporter)
Imported 'GUID: 3a1c5aa30851ecb44afad09e3ca28236' -> (Import Result ID: '5d3df34bb9ae0f2afed65cde26b05dda') in 0.083 seconds [static and dynamic dependencies]. Details - ImportResultOutputID=30c75b5ce8b113afa931355dc6ae0998 DependenciesID=f427b849b8c195c2c7d330c11e77eec5 StaticDependenciesID=dc2db8e9b3d876067a6b464c6879d039 
Number of updated asset objects reloaded before import = 0
Number of asset objects unloaded after import = 21
========================================================================
Received Import Request.
  Time of request: 2026-08-15T11:24:54.5755089Z
  Time since last request: 0.001105 seconds.
  importAddress: GUID: a5baa1beb43c58846acf93541be08474 - Path: Assets/_Project/Art/Characters/Slime/ASEPRITE/Slime2/Attack/Slime2_Attack_front.aseprite - Importer: PreviewImporter
Importing 'GUID: a5baa1beb43c58846acf93541be08474 - Path: Assets/_Project/Art/Characters/Slime/ASEPRITE/Slime2/Attack/Slime2_Attack_front.aseprite - Importer: PreviewImporter' with importer (PreviewImporter)
Imported 'GUID: a5baa1beb43c58846acf93541be08474' -> (Import Result ID: '46efa496d4a994f13f9cd3ca633bac74') in 0.085 seconds [static and dynamic dependencies]. Details - ImportResultOutputID=76d6e4afd4f057be5f5a20f961c225ca DependenciesID=1d3b28e57c82bb7ca7ab8e7e49b243ea StaticDependenciesID=5de7c5d8a27d1e6bd37885f07238e1c9 
Number of updated asset objects reloaded before import = 0
Number of asset objects unloaded after import = 22
========================================================================
Received Import Request.
  Time of request: 2026-08-15T11:24:54.688299Z
  Time since last request: 0.0009798 seconds.
  importAddress: GUID: 1addcfb70012b014782c23fff05e9cf7 - Path: Assets/_Project/Art/Characters/Swordsman/PNG/Swordsman_lvl1/With_shadow/Swordsman_lvl1_Idle_with_shadow.png - Importer: PreviewImporter
Importing 'GUID: 1addcfb70012b014782c23fff05e9cf7 - Path: Assets/_Project/Art/Characters/Swordsman/PNG/Swordsman_lvl1/With_shadow/Swordsman_lvl1_Idle_with_shadow.png - Importer: PreviewImporter' with importer (PreviewImporter)
Imported 'GUID: 1addcfb70012b014782c23fff05e9cf7' -> (Import Result ID: '0a42ef5c9a966487e0ac83f3f1dd7577') in 0.164 seconds [static and dynamic dependencies]. Details - ImportResultOutputID=e9ac6401fde6a655fbff83d503c0a20e DependenciesID=ff2115e94ce7496baecd35379bb22b6d StaticDependenciesID=3d764c963e4185fd9374e17c866457cf 
Number of updated asset objects reloaded before import = 0
Number of asset objects unloaded after import = 42
========================================================================
Received Import Request.
  Time of request: 2026-08-15T11:24:54.8822417Z
  Time since last request: 0.0010941 seconds.
  importAddress: GUID: bd587934ae14745479264df5719db251 - Path: Assets/_Project/Art/Characters/Slime/ASEPRITE/Slime3/Run/Slime3_Run_front.aseprite - Importer: PreviewImporter
Importing 'GUID: bd587934ae14745479264df5719db251 - Path: Assets/_Project/Art/Characters/Slime/ASEPRITE/Slime3/Run/Slime3_Run_front.aseprite - Importer: PreviewImporter' with importer (PreviewImporter)
Imported 'GUID: bd587934ae14745479264df5719db251' -> (Import Result ID: '9cc52ea1549c186692021529dabb8ec8') in 0.064 seconds [static and dynamic dependencies]. Details - ImportResultOutputID=2d9d0032f612a5d489532e76bed28a81 DependenciesID=6d81ec3a03f8b2aa88d6533ad36a3322 StaticDependenciesID=931e9277129e529a8272905bdcaa0dda 
Number of updated asset objects reloaded before import = 0
Number of asset objects unloaded after import = 19
========================================================================
Received Import Request.
  Time of request: 2026-08-15T11:24:54.9791483Z
  Time since last request: 0.0015777 seconds.
  importAddress: GUID: 2473485d694dfbb40875dafc252366a4 - Path: Assets/_Project/Art/Characters/Slime/ASEPRITE/Slime1/Attack/Slime1_Attack_front.aseprite - Importer: PreviewImporter
Importing 'GUID: 2473485d694dfbb40875dafc252366a4 - Path: Assets/_Project/Art/Characters/Slime/ASEPRITE/Slime1/Attack/Slime1_Attack_front.aseprite - Importer: PreviewImporter' with importer (PreviewImporter)
Imported 'GUID: 2473485d694dfbb40875dafc252366a4' -> (Import Result ID: 'be4fd1d0e31618db00cdeba206fa97ee') in 0.069 seconds [static and dynamic dependencies]. Details - ImportResultOutputID=92417de1b458e0aa09f930ff11495b34 DependenciesID=880aff96b2a6d582acec1be3bf3b88ea StaticDependenciesID=2a96a6e7f0ee3f82d25f4d8fbde4e5bc 
Number of updated asset objects reloaded before import = 0
Number of asset objects unloaded after import = 21
========================================================================
Received Import Request.
  Time of request: 2026-08-15T11:24:56.2620431Z
  Time since last request: 1.1832725 seconds.
  importAddress: GUID: 859e9dfb68e64314c938b12ca748d762 - Path: Assets/_Project/Prefabs/Characters/Swordsman/Swordsman.prefab - Importer: PreviewImporter
Importing 'GUID: 859e9dfb68e64314c938b12ca748d762 - Path: Assets/_Project/Prefabs/Characters/Swordsman/Swordsman.prefab - Importer: PreviewImporter' with importer (PreviewImporter)
Imported 'GUID: 859e9dfb68e64314c938b12ca748d762' -> (Import Result ID: '337ea98e9edbbb6c2c915db6c05494af') in 0.032 seconds [static and dynamic dependencies]. Details - ImportResultOutputID=9fb1989046beea10f482954b5bb8c51d DependenciesID=7534c46fd27e4ba4ec31347308974010 StaticDependenciesID=700ed31052c264735fc6ad53543ec431 
Number of updated asset objects reloaded before import = 0
Number of asset objects unloaded after import = 138
========================================================================
Received Import Request.
  Time of request: 2026-08-15T11:25:01.2241823Z
  Time since last request: 4.9049789 seconds.
  importAddress: GUID: 859e9dfb68e64314c938b12ca748d762 - Path: Assets/_Project/Prefabs/Characters/Swordsman/Swordsman.prefab - Importer: PreviewImporter
Importing 'GUID: 859e9dfb68e64314c938b12ca748d762 - Path: Assets/_Project/Prefabs/Characters/Swordsman/Swordsman.prefab - Importer: PreviewImporter' with importer (PreviewImporter)
Imported 'GUID: 859e9dfb68e64314c938b12ca748d762' -> (Import Result ID: 'b0737d79923c2af4bc4c1102dfb5f162') in 0.031 seconds [static and dynamic dependencies]. Details - ImportResultOutputID=9fb1989046beea10f482954b5bb8c51d DependenciesID=42817b286683af55cc4b3bc1232d0e0b StaticDependenciesID=725ceebff4c8463b9a69b41f780936eb 
Number of updated asset objects reloaded before import = 0
Number of asset objects unloaded after import = 138
========================================================================
Received Import Request.
  Time of request: 2026-08-15T11:25:03.3042915Z
  Time since last request: 2.0206628 seconds.
  importAddress: GUID: 859e9dfb68e64314c938b12ca748d762 - Path: Assets/_Project/Prefabs/Characters/Swordsman/Swordsman.prefab - Importer: PreviewImporter
Importing 'GUID: 859e9dfb68e64314c938b12ca748d762 - Path: Assets/_Project/Prefabs/Characters/Swordsman/Swordsman.prefab - Importer: PreviewImporter' with importer (PreviewImporter)
Imported 'GUID: 859e9dfb68e64314c938b12ca748d762' -> (Import Result ID: '3a8d5dc2e40aade829bdcfa7cdaf621c') in 0.031 seconds [static and dynamic dependencies]. Details - ImportResultOutputID=9fb1989046beea10f482954b5bb8c51d DependenciesID=76df1b14e232167ee18363314767307d StaticDependenciesID=3a6fe3948982153fc0a7688a73bd3f02 
Number of updated asset objects reloaded before import = 0
Number of asset objects unloaded after import = 138
========================================================================
Received Import Request.
  Time of request: 2026-08-15T11:25:05.2964163Z
  Time since last request: 1.9333631 seconds.
  importAddress: GUID: 859e9dfb68e64314c938b12ca748d762 - Path: Assets/_Project/Prefabs/Characters/Swordsman/Swordsman.prefab - Importer: PreviewImporter
Importing 'GUID: 859e9dfb68e64314c938b12ca748d762 - Path: Assets/_Project/Prefabs/Characters/Swordsman/Swordsman.prefab - Importer: PreviewImporter' with importer (PreviewImporter)
Imported 'GUID: 859e9dfb68e64314c938b12ca748d762' -> (Import Result ID: 'a691454d51a4abac7dff710b4d28b787') in 0.030 seconds [static and dynamic dependencies]. Details - ImportResultOutputID=9fb1989046beea10f482954b5bb8c51d DependenciesID=f362d3c87d101233c796233f7ba952aa StaticDependenciesID=6c470853bbed44347ae3dd2f208b4e24 
Number of updated asset objects reloaded before import = 0
Number of asset objects unloaded after import = 138
========================================================================
Received Import Request.
  Time of request: 2026-08-15T11:25:15.7012523Z
  Time since last request: 10.3487324 seconds.
  importAddress: GUID: 859e9dfb68e64314c938b12ca748d762 - Path: Assets/_Project/Prefabs/Characters/Swordsman/Swordsman.prefab - Importer: PreviewImporter
Importing 'GUID: 859e9dfb68e64314c938b12ca748d762 - Path: Assets/_Project/Prefabs/Characters/Swordsman/Swordsman.prefab - Importer: PreviewImporter' with importer (PreviewImporter)
Imported 'GUID: 859e9dfb68e64314c938b12ca748d762' -> (Import Result ID: '4800b54ac8a04b34f66b50389af5cd92') in 0.035 seconds [static and dynamic dependencies]. Details - ImportResultOutputID=9fb1989046beea10f482954b5bb8c51d DependenciesID=102c0da25c94158bb7b3acacbac5b97a StaticDependenciesID=571eda7234fb52dca9131e13022eac4b 
Number of updated asset objects reloaded before import = 0
Number of asset objects unloaded after import = 138
========================================================================
Received Import Request.
  Time of request: 2026-08-15T11:25:19.1843998Z
  Time since last request: 3.4197569 seconds.
  importAddress: GUID: 859e9dfb68e64314c938b12ca748d762 - Path: Assets/_Project/Prefabs/Characters/Swordsman/Swordsman.prefab - Importer: PreviewImporter
Importing 'GUID: 859e9dfb68e64314c938b12ca748d762 - Path: Assets/_Project/Prefabs/Characters/Swordsman/Swordsman.prefab - Importer: PreviewImporter' with importer (PreviewImporter)
Imported 'GUID: 859e9dfb68e64314c938b12ca748d762' -> (Import Result ID: '696b6fcc4aff42ab6d3c02162c3750ef') in 0.034 seconds [static and dynamic dependencies]. Details - ImportResultOutputID=9fb1989046beea10f482954b5bb8c51d DependenciesID=895b1d09939705e90b7495c5cdb9e4d3 StaticDependenciesID=26e6f4d50c8c4c585e1f7dbe2231c790 
Number of updated asset objects reloaded before import = 0
Number of asset objects unloaded after import = 138
========================================================================
Received Import Request.
  Time of request: 2026-08-15T11:25:23.2400761Z
  Time since last request: 3.9938193 seconds.
  importAddress: GUID: 859e9dfb68e64314c938b12ca748d762 - Path: Assets/_Project/Prefabs/Characters/Swordsman/Swordsman.prefab - Importer: PreviewImporter
Importing 'GUID: 859e9dfb68e64314c938b12ca748d762 - Path: Assets/_Project/Prefabs/Characters/Swordsman/Swordsman.prefab - Importer: PreviewImporter' with importer (PreviewImporter)
Imported 'GUID: 859e9dfb68e64314c938b12ca748d762' -> (Import Result ID: '07949dc2f50c823b06a8d2156dc0271a') in 0.033 seconds [static and dynamic dependencies]. Details - ImportResultOutputID=9fb1989046beea10f482954b5bb8c51d DependenciesID=49401a226daed8927c3dc83b224eb12c StaticDependenciesID=4b887750e02d24ec31e80282d4c41d3a 
Number of updated asset objects reloaded before import = 0
Number of asset objects unloaded after import = 138
========================================================================
Received Import Request.
  Time of request: 2026-08-15T11:25:31.0533543Z
  Time since last request: 7.7560417 seconds.
  importAddress: GUID: 859e9dfb68e64314c938b12ca748d762 - Path: Assets/_Project/Prefabs/Characters/Swordsman/Swordsman.prefab - Importer: PreviewImporter
Importing 'GUID: 859e9dfb68e64314c938b12ca748d762 - Path: Assets/_Project/Prefabs/Characters/Swordsman/Swordsman.prefab - Importer: PreviewImporter' with importer (PreviewImporter)
Imported 'GUID: 859e9dfb68e64314c938b12ca748d762' -> (Import Result ID: '6d7fdc96e08f4e674e1c8983fef29aaa') in 0.033 seconds [static and dynamic dependencies]. Details - ImportResultOutputID=9fb1989046beea10f482954b5bb8c51d DependenciesID=bf199d311a92a91b3686303c64288dec StaticDependenciesID=a707c93d98bfbd96b3917fead6cb2689 
Number of updated asset objects reloaded before import = 0
Number of asset objects unloaded after import = 140
========================================================================
Received Import Request.
  Time of request: 2026-08-15T11:25:33.0694335Z
  Time since last request: 1.951821 seconds.
  importAddress: GUID: 859e9dfb68e64314c938b12ca748d762 - Path: Assets/_Project/Prefabs/Characters/Swordsman/Swordsman.prefab - Importer: PreviewImporter
Importing 'GUID: 859e9dfb68e64314c938b12ca748d762 - Path: Assets/_Project/Prefabs/Characters/Swordsman/Swordsman.prefab - Importer: PreviewImporter' with importer (PreviewImporter)
Imported 'GUID: 859e9dfb68e64314c938b12ca748d762' -> (Import Result ID: '65b1be0a782f1c948cc567a25b7e6568') in 0.030 seconds [static and dynamic dependencies]. Details - ImportResultOutputID=9fb1989046beea10f482954b5bb8c51d DependenciesID=48150dfe8169eb806aa4e6181486b838 StaticDependenciesID=2d773789f76dcd3aa0973dbd9071e55b 
Number of updated asset objects reloaded before import = 0
Number of asset objects unloaded after import = 140
========================================================================
Received Import Request.
  Time of request: 2026-08-15T11:25:36.5055624Z
  Time since last request: 3.3766747 seconds.
  importAddress: GUID: 859e9dfb68e64314c938b12ca748d762 - Path: Assets/_Project/Prefabs/Characters/Swordsman/Swordsman.prefab - Importer: PreviewImporter
Importing 'GUID: 859e9dfb68e64314c938b12ca748d762 - Path: Assets/_Project/Prefabs/Characters/Swordsman/Swordsman.prefab - Importer: PreviewImporter' with importer (PreviewImporter)
Imported 'GUID: 859e9dfb68e64314c938b12ca748d762' -> (Import Result ID: 'c7b83b0b23fe6d0b3d6d8ccf0a2f9b01') in 0.030 seconds [static and dynamic dependencies]. Details - ImportResultOutputID=9fb1989046beea10f482954b5bb8c51d DependenciesID=e299f961e62eb566f1868ac6236a110e StaticDependenciesID=243483462f8b5302edbc583560ba6618 
Number of updated asset objects reloaded before import = 0
Number of asset objects unloaded after import = 142
========================================================================
Received Import Request.
  Time of request: 2026-08-15T11:25:43.2009036Z
  Time since last request: 6.6394724 seconds.
  importAddress: GUID: 859e9dfb68e64314c938b12ca748d762 - Path: Assets/_Project/Prefabs/Characters/Swordsman/Swordsman.prefab - Importer: PreviewImporter
Importing 'GUID: 859e9dfb68e64314c938b12ca748d762 - Path: Assets/_Project/Prefabs/Characters/Swordsman/Swordsman.prefab - Importer: PreviewImporter' with importer (PreviewImporter)
Imported 'GUID: 859e9dfb68e64314c938b12ca748d762' -> (Import Result ID: 'd25a6a3c999d5addfea4ef6fb1499ab1') in 0.031 seconds [static and dynamic dependencies]. Details - ImportResultOutputID=9fb1989046beea10f482954b5bb8c51d DependenciesID=29c4d761d1655cb0ce4e74eed55b716b StaticDependenciesID=fe44c968531af8fa1fe4401fee71d324 
Number of updated asset objects reloaded before import = 0
Number of asset objects unloaded after import = 142
========================================================================
Received Import Request.
  Time of request: 2026-08-15T11:25:48.3143852Z
  Time since last request: 5.0546279 seconds.
  importAddress: GUID: 859e9dfb68e64314c938b12ca748d762 - Path: Assets/_Project/Prefabs/Characters/Swordsman/Swordsman.prefab - Importer: PreviewImporter
Importing 'GUID: 859e9dfb68e64314c938b12ca748d762 - Path: Assets/_Project/Prefabs/Characters/Swordsman/Swordsman.prefab - Importer: PreviewImporter' with importer (PreviewImporter)
Imported 'GUID: 859e9dfb68e64314c938b12ca748d762' -> (Import Result ID: '3e15405374c3ecca8540b4d5b25a81ac') in 0.031 seconds [static and dynamic dependencies]. Details - ImportResultOutputID=9fb1989046beea10f482954b5bb8c51d DependenciesID=9ae0c128b6c7a19d31dd548c01e7ec94 StaticDependenciesID=5536d3dd87eeaca324d0220e2bd5bfcd 
Number of updated asset objects reloaded before import = 0
Number of asset objects unloaded after import = 142
========================================================================
Received Import Request.
  Time of request: 2026-08-15T11:25:53.2128345Z
  Time since last request: 4.8376096 seconds.
  importAddress: GUID: 859e9dfb68e64314c938b12ca748d762 - Path: Assets/_Project/Prefabs/Characters/Swordsman/Swordsman.prefab - Importer: PreviewImporter
Importing 'GUID: 859e9dfb68e64314c938b12ca748d762 - Path: Assets/_Project/Prefabs/Characters/Swordsman/Swordsman.prefab - Importer: PreviewImporter' with importer (PreviewImporter)
Imported 'GUID: 859e9dfb68e64314c938b12ca748d762' -> (Import Result ID: '7f6c287a427e75fa2c19f8e6ee16de55') in 0.029 seconds [static and dynamic dependencies]. Details - ImportResultOutputID=9fb1989046beea10f482954b5bb8c51d DependenciesID=920005b4334dd15a9fe07e3ea3f2374d StaticDependenciesID=02e29fc588c41e5d85845b512d1dc86e 
Number of updated asset objects reloaded before import = 0
Number of asset objects unloaded after import = 142
========================================================================
Received Import Request.
  Time of request: 2026-08-15T11:26:09.8543133Z
  Time since last request: 16.5843894 seconds.
  importAddress: GUID: 859e9dfb68e64314c938b12ca748d762 - Path: Assets/_Project/Prefabs/Characters/Swordsman/Swordsman.prefab - Importer: PreviewImporter
Importing 'GUID: 859e9dfb68e64314c938b12ca748d762 - Path: Assets/_Project/Prefabs/Characters/Swordsman/Swordsman.prefab - Importer: PreviewImporter' with importer (PreviewImporter)
Imported 'GUID: 859e9dfb68e64314c938b12ca748d762' -> (Import Result ID: 'a6f343f705e5df3623e7aa117f5c54d3') in 0.032 seconds [static and dynamic dependencies]. Details - ImportResultOutputID=9fb1989046beea10f482954b5bb8c51d DependenciesID=34fd10dbd1bcf7d8b5429d3b2c9724db StaticDependenciesID=59cfad3866312e6f06dd99b95f32b02f 
Number of updated asset objects reloaded before import = 0
Number of asset objects unloaded after import = 142
========================================================================
Received Import Request.
  Time of request: 2026-08-15T11:26:14.152707Z
  Time since last request: 4.2381176 seconds.
  importAddress: GUID: 859e9dfb68e64314c938b12ca748d762 - Path: Assets/_Project/Prefabs/Characters/Swordsman/Swordsman.prefab - Importer: PreviewImporter
Importing 'GUID: 859e9dfb68e64314c938b12ca748d762 - Path: Assets/_Project/Prefabs/Characters/Swordsman/Swordsman.prefab - Importer: PreviewImporter' with importer (PreviewImporter)
Imported 'GUID: 859e9dfb68e64314c938b12ca748d762' -> (Import Result ID: '8907b74ffcedf05723ef5cb9952a90f0') in 0.028 seconds [static and dynamic dependencies]. Details - ImportResultOutputID=9fb1989046beea10f482954b5bb8c51d DependenciesID=5c9cf65dedb0371cf063db6c2d9c3995 StaticDependenciesID=f8b179ad09718e8cd1e739feb5c07d5e 
Number of updated asset objects reloaded before import = 0
Number of asset objects unloaded after import = 144
========================================================================
Received Import Request.
  Time of request: 2026-08-15T11:26:20.0067091Z
  Time since last request: 5.7975475 seconds.
  importAddress: GUID: 859e9dfb68e64314c938b12ca748d762 - Path: Assets/_Project/Prefabs/Characters/Swordsman/Swordsman.prefab - Importer: PreviewImporter
Importing 'GUID: 859e9dfb68e64314c938b12ca748d762 - Path: Assets/_Project/Prefabs/Characters/Swordsman/Swordsman.prefab - Importer: PreviewImporter' with importer (PreviewImporter)
Imported 'GUID: 859e9dfb68e64314c938b12ca748d762' -> (Import Result ID: '743e3f98010febe969dc93464beb8be7') in 0.033 seconds [static and dynamic dependencies]. Details - ImportResultOutputID=9fb1989046beea10f482954b5bb8c51d DependenciesID=a36489f34709df6772b77011708d58d0 StaticDependenciesID=63c160887d772eabc93c90c83d2e2ac6 
Number of updated asset objects reloaded before import = 0
Number of asset objects unloaded after import = 144
========================================================================
Received Import Request.
  Time of request: 2026-08-15T11:26:28.7358748Z
  Time since last request: 8.6651603 seconds.
  importAddress: GUID: 859e9dfb68e64314c938b12ca748d762 - Path: Assets/_Project/Prefabs/Characters/Swordsman/Swordsman.prefab - Importer: PreviewImporter
Importing 'GUID: 859e9dfb68e64314c938b12ca748d762 - Path: Assets/_Project/Prefabs/Characters/Swordsman/Swordsman.prefab - Importer: PreviewImporter' with importer (PreviewImporter)
Imported 'GUID: 859e9dfb68e64314c938b12ca748d762' -> (Import Result ID: 'ccd8b72c92a6f41e619e3f0b347a09cf') in 0.055 seconds [static and dynamic dependencies]. Details - ImportResultOutputID=9fb1989046beea10f482954b5bb8c51d DependenciesID=26f9b8859e52ba18c9d675e0d9b458d3 StaticDependenciesID=abc5d7f9c3dd9a6b0ff25a67bc73da59 
Number of updated asset objects reloaded before import = 0
Number of asset objects unloaded after import = 157
========================================================================
Received Import Request.
  Time of request: 2026-08-15T11:26:40.3623228Z
  Time since last request: 11.5402296 seconds.
  importAddress: GUID: 859e9dfb68e64314c938b12ca748d762 - Path: Assets/_Project/Prefabs/Characters/Swordsman/Swordsman.prefab - Importer: PreviewImporter
Importing 'GUID: 859e9dfb68e64314c938b12ca748d762 - Path: Assets/_Project/Prefabs/Characters/Swordsman/Swordsman.prefab - Importer: PreviewImporter' with importer (PreviewImporter)
Imported 'GUID: 859e9dfb68e64314c938b12ca748d762' -> (Import Result ID: '9abc45d2f67e7c4040f24517161405f0') in 0.056 seconds [static and dynamic dependencies]. Details - ImportResultOutputID=9fb1989046beea10f482954b5bb8c51d DependenciesID=7b13494f31e833297fb667322196980f StaticDependenciesID=f0081f428cd27e1bd591e2f544fcb317 
Number of updated asset objects reloaded before import = 0
Number of asset objects unloaded after import = 157
========================================================================
Received Import Request.
  Time of request: 2026-08-15T11:26:47.8279333Z
  Time since last request: 7.3822166 seconds.
  importAddress: GUID: 859e9dfb68e64314c938b12ca748d762 - Path: Assets/_Project/Prefabs/Characters/Swordsman/Swordsman.prefab - Importer: PreviewImporter
Importing 'GUID: 859e9dfb68e64314c938b12ca748d762 - Path: Assets/_Project/Prefabs/Characters/Swordsman/Swordsman.prefab - Importer: PreviewImporter' with importer (PreviewImporter)
Imported 'GUID: 859e9dfb68e64314c938b12ca748d762' -> (Import Result ID: '78c45a9f8bc70fed6f49fcacf96868f3') in 0.055 seconds [static and dynamic dependencies]. Details - ImportResultOutputID=9fb1989046beea10f482954b5bb8c51d DependenciesID=9e480bbbc76d44ff06836f0670ee5a27 StaticDependenciesID=f02817d403c21d2c2142193362b2018b 
Number of updated asset objects reloaded before import = 0
Number of asset objects unloaded after import = 157
========================================================================
Received Import Request.
  Time of request: 2026-08-15T11:26:58.2304563Z
  Time since last request: 10.3169103 seconds.
  importAddress: GUID: 859e9dfb68e64314c938b12ca748d762 - Path: Assets/_Project/Prefabs/Characters/Swordsman/Swordsman.prefab - Importer: PreviewImporter
Importing 'GUID: 859e9dfb68e64314c938b12ca748d762 - Path: Assets/_Project/Prefabs/Characters/Swordsman/Swordsman.prefab - Importer: PreviewImporter' with importer (PreviewImporter)
Imported 'GUID: 859e9dfb68e64314c938b12ca748d762' -> (Import Result ID: '96bd6a81a0f8bd61df50ef2353421730') in 0.048 seconds [static and dynamic dependencies]. Details - ImportResultOutputID=9fb1989046beea10f482954b5bb8c51d DependenciesID=885eaa94ce52d07e61adbb168fd8153b StaticDependenciesID=c69ff0c031a8bc4899183c2b7a78a4c9 
Number of updated asset objects reloaded before import = 0
Number of asset objects unloaded after import = 157
========================================================================
Received Import Request.
  Time of request: 2026-08-15T11:27:03.7343281Z
  Time since last request: 5.4288549 seconds.
  importAddress: GUID: 859e9dfb68e64314c938b12ca748d762 - Path: Assets/_Project/Prefabs/Characters/Swordsman/Swordsman.prefab - Importer: PreviewImporter
Importing 'GUID: 859e9dfb68e64314c938b12ca748d762 - Path: Assets/_Project/Prefabs/Characters/Swordsman/Swordsman.prefab - Importer: PreviewImporter' with importer (PreviewImporter)
Imported 'GUID: 859e9dfb68e64314c938b12ca748d762' -> (Import Result ID: 'eb2286146478a593234a3258c51f11e2') in 0.052 seconds [static and dynamic dependencies]. Details - ImportResultOutputID=9fb1989046beea10f482954b5bb8c51d DependenciesID=18210b82b39feacca654507ebcd2c663 StaticDependenciesID=7e4d551abe2b522ee5a1577f66a9992e 
Number of updated asset objects reloaded before import = 0
Number of asset objects unloaded after import = 157
========================================================================
Received Import Request.
  Time of request: 2026-08-15T11:27:27.2056535Z
  Time since last request: 23.3856127 seconds.
  importAddress: GUID: 859e9dfb68e64314c938b12ca748d762 - Path: Assets/_Project/Prefabs/Characters/Swordsman/Swordsman.prefab - Importer: PreviewImporter
Importing 'GUID: 859e9dfb68e64314c938b12ca748d762 - Path: Assets/_Project/Prefabs/Characters/Swordsman/Swordsman.prefab - Importer: PreviewImporter' with importer (PreviewImporter)
Imported 'GUID: 859e9dfb68e64314c938b12ca748d762' -> (Import Result ID: 'fb130ba1938fedb7e8b1d32825ebd2c6') in 0.043 seconds [static and dynamic dependencies]. Details - ImportResultOutputID=9fb1989046beea10f482954b5bb8c51d DependenciesID=1d44244573878e433cbf3357802505e4 StaticDependenciesID=60afc603ab2a89ab3d425fa05869d592 
Number of updated asset objects reloaded before import = 0
Number of asset objects unloaded after import = 147
========================================================================
Received Import Request.
  Time of request: 2026-08-15T11:27:29.8995491Z
  Time since last request: 2.6240536 seconds.
  importAddress: GUID: 859e9dfb68e64314c938b12ca748d762 - Path: Assets/_Project/Prefabs/Characters/Swordsman/Swordsman.prefab - Importer: PreviewImporter
Importing 'GUID: 859e9dfb68e64314c938b12ca748d762 - Path: Assets/_Project/Prefabs/Characters/Swordsman/Swordsman.prefab - Importer: PreviewImporter' with importer (PreviewImporter)
Imported 'GUID: 859e9dfb68e64314c938b12ca748d762' -> (Import Result ID: '926f4d70554857693f11f32eccfc6682') in 0.031 seconds [static and dynamic dependencies]. Details - ImportResultOutputID=9fb1989046beea10f482954b5bb8c51d DependenciesID=23852eb6a32ae7c92ae3408a40dd5c8c StaticDependenciesID=44cfea99cc4c1a1508380eba5abeda8a 
Number of updated asset objects reloaded before import = 0
Number of asset objects unloaded after import = 144
========================================================================
Received Import Request.
  Time of request: 2026-08-15T11:27:40.5195223Z
  Time since last request: 10.5602679 seconds.
  importAddress: GUID: 859e9dfb68e64314c938b12ca748d762 - Path: Assets/_Project/Prefabs/Characters/Swordsman/Swordsman.prefab - Importer: PreviewImporter
Importing 'GUID: 859e9dfb68e64314c938b12ca748d762 - Path: Assets/_Project/Prefabs/Characters/Swordsman/Swordsman.prefab - Importer: PreviewImporter' with importer (PreviewImporter)
Imported 'GUID: 859e9dfb68e64314c938b12ca748d762' -> (Import Result ID: '5e70e8b3004adf34969dd96432c885b3') in 0.049 seconds [static and dynamic dependencies]. Details - ImportResultOutputID=9fb1989046beea10f482954b5bb8c51d DependenciesID=c104c42354677a0c816c921c87194c3a StaticDependenciesID=240de03d6c016278e625eb11ec1d5d60 
Number of updated asset objects reloaded before import = 0
Number of asset objects unloaded after import = 157
========================================================================
Received Import Request.
  Time of request: 2026-08-15T11:27:46.5584369Z
  Time since last request: 5.9625109 seconds.
  importAddress: GUID: 859e9dfb68e64314c938b12ca748d762 - Path: Assets/_Project/Prefabs/Characters/Swordsman/Swordsman.prefab - Importer: PreviewImporter
Importing 'GUID: 859e9dfb68e64314c938b12ca748d762 - Path: Assets/_Project/Prefabs/Characters/Swordsman/Swordsman.prefab - Importer: PreviewImporter' with importer (PreviewImporter)
Imported 'GUID: 859e9dfb68e64314c938b12ca748d762' -> (Import Result ID: '77cc4004e86b52b8e0ee91661f242c1f') in 0.051 seconds [static and dynamic dependencies]. Details - ImportResultOutputID=9fb1989046beea10f482954b5bb8c51d DependenciesID=999efecd3875e13c046ca69845e395e4 StaticDependenciesID=5aea217fd7e47cc115f82ef0fd236af2 
Number of updated asset objects reloaded before import = 0
Number of asset objects unloaded after import = 157
========================================================================
Received Import Request.
  Time of request: 2026-08-15T11:27:52.2501533Z
  Time since last request: 5.6122144 seconds.
  importAddress: GUID: 859e9dfb68e64314c938b12ca748d762 - Path: Assets/_Project/Prefabs/Characters/Swordsman/Swordsman.prefab - Importer: PreviewImporter
Importing 'GUID: 859e9dfb68e64314c938b12ca748d762 - Path: Assets/_Project/Prefabs/Characters/Swordsman/Swordsman.prefab - Importer: PreviewImporter' with importer (PreviewImporter)
Imported 'GUID: 859e9dfb68e64314c938b12ca748d762' -> (Import Result ID: '05ff24e29167b056ac32dd9212e9505f') in 0.055 seconds [static and dynamic dependencies]. Details - ImportResultOutputID=9fb1989046beea10f482954b5bb8c51d DependenciesID=73a0af33b6923bdcb9ad48cf726df56c StaticDependenciesID=f5cd53c11ce941e6518d8b1224173e07 
Number of updated asset objects reloaded before import = 0
Number of asset objects unloaded after import = 157
========================================================================
Received Import Request.
  Time of request: 2026-08-15T11:27:52.8693651Z
  Time since last request: 0.5369332 seconds.
  importAddress: GUID: 859e9dfb68e64314c938b12ca748d762 - Path: Assets/_Project/Prefabs/Characters/Swordsman/Swordsman.prefab - Importer: PreviewImporter
Importing 'GUID: 859e9dfb68e64314c938b12ca748d762 - Path: Assets/_Project/Prefabs/Characters/Swordsman/Swordsman.prefab - Importer: PreviewImporter' with importer (PreviewImporter)
Imported 'GUID: 859e9dfb68e64314c938b12ca748d762' -> (Import Result ID: '942da8bd3780e6f8a23c8cc786e2bfb4') in 0.048 seconds [static and dynamic dependencies]. Details - ImportResultOutputID=9fb1989046beea10f482954b5bb8c51d DependenciesID=cab6c920200e0a9852ce4f64c3a742bd StaticDependenciesID=22ac26b12a491a28b66638217293d4ec 
Number of updated asset objects reloaded before import = 0
Number of asset objects unloaded after import = 157
========================================================================
Received Import Request.
  Time of request: 2026-08-15T11:28:07.4449391Z
  Time since last request: 14.5018202 seconds.
  importAddress: GUID: 859e9dfb68e64314c938b12ca748d762 - Path: Assets/_Project/Prefabs/Characters/Swordsman/Swordsman.prefab - Importer: PreviewImporter
Importing 'GUID: 859e9dfb68e64314c938b12ca748d762 - Path: Assets/_Project/Prefabs/Characters/Swordsman/Swordsman.prefab - Importer: PreviewImporter' with importer (PreviewImporter)
Imported 'GUID: 859e9dfb68e64314c938b12ca748d762' -> (Import Result ID: '57506d97efa4800d0edc62b7d9cbbee3') in 0.051 seconds [static and dynamic dependencies]. Details - ImportResultOutputID=9fb1989046beea10f482954b5bb8c51d DependenciesID=9366b9cae2152ae90539f14b04c5f1e6 StaticDependenciesID=5b1fe157dd9df6925e6e68f4a609a1e8 
Number of updated asset objects reloaded before import = 0
Number of asset objects unloaded after import = 157
========================================================================
Received Import Request.
  Time of request: 2026-08-15T11:28:12.804133Z
  Time since last request: 5.2790829 seconds.
  importAddress: GUID: 859e9dfb68e64314c938b12ca748d762 - Path: Assets/_Project/Prefabs/Characters/Swordsman/Swordsman.prefab - Importer: PreviewImporter
Importing 'GUID: 859e9dfb68e64314c938b12ca748d762 - Path: Assets/_Project/Prefabs/Characters/Swordsman/Swordsman.prefab - Importer: PreviewImporter' with importer (PreviewImporter)
Imported 'GUID: 859e9dfb68e64314c938b12ca748d762' -> (Import Result ID: 'f502b17cab02686b839998166e5e77d5') in 0.052 seconds [static and dynamic dependencies]. Details - ImportResultOutputID=9fb1989046beea10f482954b5bb8c51d DependenciesID=3febe3499bb716c75cc18354908a7737 StaticDependenciesID=1eaf786bc605805cc094e47e3977c088 
Number of updated asset objects reloaded before import = 0
Number of asset objects unloaded after import = 157
========================================================================
Received Import Request.
  Time of request: 2026-08-15T11:28:34.7813782Z
  Time since last request: 21.8957757 seconds.
  importAddress: GUID: 859e9dfb68e64314c938b12ca748d762 - Path: Assets/_Project/Prefabs/Characters/Swordsman/Swordsman.prefab - Importer: PreviewImporter
Importing 'GUID: 859e9dfb68e64314c938b12ca748d762 - Path: Assets/_Project/Prefabs/Characters/Swordsman/Swordsman.prefab - Importer: PreviewImporter' with importer (PreviewImporter)
Imported 'GUID: 859e9dfb68e64314c938b12ca748d762' -> (Import Result ID: 'be136d1dbbe5a5cc3c408dd0fd9c8702') in 0.055 seconds [static and dynamic dependencies]. Details - ImportResultOutputID=9fb1989046beea10f482954b5bb8c51d DependenciesID=72b666bc89883d49d9ba0dfc1d143186 StaticDependenciesID=48879b8a385d17e3a8f9c02e6ab034ca 
Number of updated asset objects reloaded before import = 0
Number of asset objects unloaded after import = 156
========================================================================
Received Import Request.
  Time of request: 2026-08-15T11:28:44.5772861Z
  Time since last request: 9.7135945 seconds.
  importAddress: GUID: 65c26aa036e33334ca396635843fb6a3 - Path: Assets/_Project/Prefabs/Characters/Slime/Slime.prefab - Importer: PreviewImporter
Importing 'GUID: 65c26aa036e33334ca396635843fb6a3 - Path: Assets/_Project/Prefabs/Characters/Slime/Slime.prefab - Importer: PreviewImporter' with importer (PreviewImporter)
Imported 'GUID: 65c26aa036e33334ca396635843fb6a3' -> (Import Result ID: '5bb588c72bdf60c6fd63cb3cd8ba65c2') in 0.060 seconds [static and dynamic dependencies]. Details - ImportResultOutputID=e89bb05351ea95f9a1ed952da3f64a40 DependenciesID=c0b3bf71c8eac4a19ddcaf98bb8e5f5b StaticDependenciesID=8b96d0e3ae76aeffb9d79896c0131ed0 
Number of updated asset objects reloaded before import = 0
Number of asset objects unloaded after import = 46
========================================================================
Received Prepare
AcceleratorClientConnectionCallback - disconnected - :0
Refreshing native plugins compatible for Editor in 5.66 ms, found 5 plugins.
Unloading 34 Unused Serialized files (Serialized files now loaded: 0)
Unloading 37 unused Assets / (3.3 MB). Loaded Objects now: 9205.
Memory consumption went from 399.2 MB to 395.9 MB.
Total: 13.614600 ms (FindLiveObjects: 0.810700 ms CreateObjectMapping: 1.313900 ms MarkObjects: 10.523000 ms  DeleteObjects: 0.965000 ms)

Prepare: number of updated asset objects reloaded= 0
EnvironmentDependencyValues requested are different than current active one (requested -> active):
  graphicsApiMask: 2099200 -> 2361344
========================================================================
Received Import Request.
  Time of request: 2026-08-15T11:28:50.1479106Z
  Time since last request: 5.4837962 seconds.
  importAddress: GUID: 65c26aa036e33334ca396635843fb6a3 - Path: Assets/_Project/Prefabs/Characters/Slime/Slime.prefab - Importer: PreviewImporter
Importing 'GUID: 65c26aa036e33334ca396635843fb6a3 - Path: Assets/_Project/Prefabs/Characters/Slime/Slime.prefab - Importer: PreviewImporter' with importer (PreviewImporter)
Imported 'GUID: 65c26aa036e33334ca396635843fb6a3' -> (Import Result ID: '05dd6cb979b65b6f73c72a32a3f5db6a') in 0.122 seconds [static and dynamic dependencies]. Details - ImportResultOutputID=e89bb05351ea95f9a1ed952da3f64a40 DependenciesID=3eb0cc977c7824ed8277d12643077ecf StaticDependenciesID=ab7f1050850f9f109575430b944bb138 
Number of updated asset objects reloaded before import = 0
Number of asset objects unloaded after import = 26
========================================================================
Received Prepare
AcceleratorClientConnectionCallback - disconnected - :0
Refreshing native plugins compatible for Editor in 7.73 ms, found 5 plugins.
Unloading 34 Unused Serialized files (Serialized files now loaded: 0)
Unloading 35 unused Assets / (3.3 MB). Loaded Objects now: 9205.
Memory consumption went from 399.2 MB to 395.9 MB.
Total: 13.232800 ms (FindLiveObjects: 0.733300 ms CreateObjectMapping: 1.296600 ms MarkObjects: 10.275400 ms  DeleteObjects: 0.926000 ms)

Prepare: number of updated asset objects reloaded= 0
EnvironmentDependencyValues requested are different than current active one (requested -> active):
  graphicsApiMask: 2099200 -> 2361344
========================================================================
Received Prepare
AcceleratorClientConnectionCallback - disconnected - :0
[Licensing::Client] Successfully resolved entitlement details
[Licensing::Client] Successfully resolved entitlement details
Begin MonoManager ReloadAssembly
Refreshing native plugins compatible for Editor in 5.45 ms, found 5 plugins.
Native extension for Android target not found
Native extension for WindowsStandalone target not found
Native extension for WebGL target not found
[Package Manager] Failed to launch server process. Reason: Unity was launched with the -noUpm command-line argument
[Package Manager] Unable to send message (not connected to server process).
[Package Manager] Cannot connect to Unity Package Manager local server
[Package Manager] Failed to launch server process. Reason: Unity was launched with the -noUpm command-line argument
[Package Manager] Unable to send message (not connected to server process).
[Package Manager] Cannot connect to Unity Package Manager local server
ScheduleIndexationOnStartup MainProcess:False IndexOnStartup:True
Mono: successfully reloaded assembly
- Finished resetting the current domain, in  1.405 seconds
Domain Reload Profiling: 3054ms
	BeginReloadAssembly (621ms)
		DisableScriptedObjects (123ms)
		CreateAndSetChildDomain (125ms)
	RebuildCommonClasses (19ms)
	RebuildNativeTypeToScriptingClass (28ms)
	initialDomainReloadingComplete (140ms)
	LoadAllAssembliesAndSetupDomain (839ms)
		LoadAssemblies (829ms)
		AnalyzeDomain (33ms)
			TypeCache.Refresh (13ms)
			ResolveRequiredComponents (10ms)
	FinalizeReload (1407ms)
		SetupLoadedEditorAssemblies (0ms)
			InitializePlatformSupportModulesInManaged (17ms)
			BeforeProcessingInitializeOnLoad (158ms)
			ProcessInitializeOnLoadAttributes (528ms)
			ProcessInitializeOnLoadMethodAttributes (250ms)
			AfterProcessingInitializeOnLoad (17ms)
		AwakeInstancesAfterBackupRestoration (57ms)
Refreshing native plugins compatible for Editor in 6.29 ms, found 5 plugins.
Unloading 34 Unused Serialized files (Serialized files now loaded: 0)
Unloading 7858 unused Assets / (8.3 MB). Loaded Objects now: 9135.
Memory consumption went from 403.8 MB to 395.5 MB.
Total: 22.483600 ms (FindLiveObjects: 1.782000 ms CreateObjectMapping: 4.981700 ms MarkObjects: 8.646800 ms  DeleteObjects: 7.071800 ms)

Prepare: number of updated asset objects reloaded= 0
EnvironmentDependencyValues requested are different than current active one (requested -> active):
  graphicsApiMask: 2099200 -> 2361344
========================================================================
Received Prepare
AcceleratorClientConnectionCallback - disconnected - :0
Refreshing native plugins compatible for Editor in 6.14 ms, found 5 plugins.
Unloading 34 Unused Serialized files (Serialized files now loaded: 0)
Unloading 35 unused Assets / (3.3 MB). Loaded Objects now: 9135.
Memory consumption went from 398.2 MB to 394.9 MB.
Total: 12.664400 ms (FindLiveObjects: 0.763300 ms CreateObjectMapping: 1.649700 ms MarkObjects: 9.291500 ms  DeleteObjects: 0.958500 ms)

Prepare: number of updated asset objects reloaded= 0
EnvironmentDependencyValues requested are different than current active one (requested -> active):
  graphicsApiMask: 2099200 -> 2361344
========================================================================
Received Import Request.
  Time of request: 2026-08-15T11:30:40.4275921Z
  Time since last request: 110.1317107 seconds.
  importAddress: GUID: 65c26aa036e33334ca396635843fb6a3 - Path: Assets/_Project/Prefabs/Characters/Slime/Slime.prefab - Importer: PreviewImporter
Importing 'GUID: 65c26aa036e33334ca396635843fb6a3 - Path: Assets/_Project/Prefabs/Characters/Slime/Slime.prefab - Importer: PreviewImporter' with importer (PreviewImporter)
Imported 'GUID: 65c26aa036e33334ca396635843fb6a3' -> (Import Result ID: '58ddd5ceab1c1fcdab63d900a9c5f1d2') in 0.613 seconds [static and dynamic dependencies]. Details - ImportResultOutputID=e89bb05351ea95f9a1ed952da3f64a40 DependenciesID=136321cd7bc88f6ff8cab4db442ad100 StaticDependenciesID=583d314e2fa2bbfb707e5412a2f93996 
Number of updated asset objects reloaded before import = 0
Number of asset objects unloaded after import = 59
========================================================================
Received Import Request.
  Time of request: 2026-08-15T11:30:49.3154808Z
  Time since last request: 8.244917 seconds.
  importAddress: GUID: 859e9dfb68e64314c938b12ca748d762 - Path: Assets/_Project/Prefabs/Characters/Swordsman/Swordsman.prefab - Importer: PreviewImporter
Importing 'GUID: 859e9dfb68e64314c938b12ca748d762 - Path: Assets/_Project/Prefabs/Characters/Swordsman/Swordsman.prefab - Importer: PreviewImporter' with importer (PreviewImporter)
Imported 'GUID: 859e9dfb68e64314c938b12ca748d762' -> (Import Result ID: '13720db845be19ab6ff413abeb8c61e0') in 0.054 seconds [static and dynamic dependencies]. Details - ImportResultOutputID=9fb1989046beea10f482954b5bb8c51d DependenciesID=a86e71c8c4af2203ca290b2b613635da StaticDependenciesID=51d630372203ca22cef912a714206623 
Number of updated asset objects reloaded before import = 0
Number of asset objects unloaded after import = 156
========================================================================
Received Import Request.
  Time of request: 2026-08-15T11:30:55.4303043Z
  Time since last request: 6.0305087 seconds.
  importAddress: GUID: 859e9dfb68e64314c938b12ca748d762 - Path: Assets/_Project/Prefabs/Characters/Swordsman/Swordsman.prefab - Importer: PreviewImporter
Importing 'GUID: 859e9dfb68e64314c938b12ca748d762 - Path: Assets/_Project/Prefabs/Characters/Swordsman/Swordsman.prefab - Importer: PreviewImporter' with importer (PreviewImporter)
Imported 'GUID: 859e9dfb68e64314c938b12ca748d762' -> (Import Result ID: '862cb86ef05a95a6bc048ac6b6622609') in 0.057 seconds [static and dynamic dependencies]. Details - ImportResultOutputID=9fb1989046beea10f482954b5bb8c51d DependenciesID=60ec89b9ea9fff73464cfb926db495f1 StaticDependenciesID=eefab63925e3802b6ee7301ca2fb6c83 
Number of updated asset objects reloaded before import = 0
Number of asset objects unloaded after import = 156
========================================================================
Received Prepare
AcceleratorClientConnectionCallback - disconnected - :0
[Licensing::Client] Successfully resolved entitlement details
[Licensing::Client] Successfully resolved entitlement details
Begin MonoManager ReloadAssembly
Refreshing native plugins compatible for Editor in 4.92 ms, found 5 plugins.
Native extension for Android target not found
Native extension for WindowsStandalone target not found
Native extension for WebGL target not found
[Package Manager] Failed to launch server process. Reason: Unity was launched with the -noUpm command-line argument
[Package Manager] Unable to send message (not connected to server process).
[Package Manager] Cannot connect to Unity Package Manager local server
[Package Manager] Failed to launch server process. Reason: Unity was launched with the -noUpm command-line argument
[Package Manager] Unable to send message (not connected to server process).
[Package Manager] Cannot connect to Unity Package Manager local server
ScheduleIndexationOnStartup MainProcess:False IndexOnStartup:True
Mono: successfully reloaded assembly
- Finished resetting the current domain, in  1.482 seconds
Domain Reload Profiling: 3097ms
	BeginReloadAssembly (518ms)
		DisableScriptedObjects (101ms)
		CreateAndSetChildDomain (122ms)
	RebuildCommonClasses (18ms)
	RebuildNativeTypeToScriptingClass (32ms)
	initialDomainReloadingComplete (144ms)
	LoadAllAssembliesAndSetupDomain (901ms)
		LoadAssemblies (833ms)
		AnalyzeDomain (25ms)
			TypeCache.Refresh (11ms)
			ResolveRequiredComponents (8ms)
	FinalizeReload (1484ms)
		SetupLoadedEditorAssemblies (0ms)
			InitializePlatformSupportModulesInManaged (13ms)
			BeforeProcessingInitializeOnLoad (150ms)
			ProcessInitializeOnLoadAttributes (510ms)
			ProcessInitializeOnLoadMethodAttributes (282ms)
			AfterProcessingInitializeOnLoad (21ms)
		AwakeInstancesAfterBackupRestoration (66ms)
Refreshing native plugins compatible for Editor in 6.44 ms, found 5 plugins.
Unloading 34 Unused Serialized files (Serialized files now loaded: 0)
Unloading 7860 unused Assets / (7.4 MB). Loaded Objects now: 9157.
Memory consumption went from 403.9 MB to 396.5 MB.
Total: 24.058500 ms (FindLiveObjects: 1.304700 ms CreateObjectMapping: 5.106100 ms MarkObjects: 11.205600 ms  DeleteObjects: 6.440800 ms)

Prepare: number of updated asset objects reloaded= 0
EnvironmentDependencyValues requested are different than current active one (requested -> active):
  graphicsApiMask: 2099200 -> 2361344
========================================================================
Received Prepare
AcceleratorClientConnectionCallback - disconnected - :0
Refreshing native plugins compatible for Editor in 5.71 ms, found 5 plugins.
Unloading 34 Unused Serialized files (Serialized files now loaded: 0)
Unloading 35 unused Assets / (3.3 MB). Loaded Objects now: 9157.
Memory consumption went from 398.2 MB to 394.9 MB.
Total: 12.020300 ms (FindLiveObjects: 0.656600 ms CreateObjectMapping: 1.531100 ms MarkObjects: 8.701400 ms  DeleteObjects: 1.129600 ms)

Prepare: number of updated asset objects reloaded= 0
EnvironmentDependencyValues requested are different than current active one (requested -> active):
  graphicsApiMask: 2099200 -> 2361344
========================================================================
Received Import Request.
  Time of request: 2026-08-15T11:34:19.1738852Z
  Time since last request: 203.6566345 seconds.
  importAddress: GUID: 859e9dfb68e64314c938b12ca748d762 - Path: Assets/_Project/Prefabs/Characters/Swordsman/Swordsman.prefab - Importer: PreviewImporter
Importing 'GUID: 859e9dfb68e64314c938b12ca748d762 - Path: Assets/_Project/Prefabs/Characters/Swordsman/Swordsman.prefab - Importer: PreviewImporter' with importer (PreviewImporter)
Imported 'GUID: 859e9dfb68e64314c938b12ca748d762' -> (Import Result ID: 'f7d056f2d140b9ed44e6c86e6beb31b3') in 0.561 seconds [static and dynamic dependencies]. Details - ImportResultOutputID=9fb1989046beea10f482954b5bb8c51d DependenciesID=09a9ba14eb9fae6a19b79abb3f281c4b StaticDependenciesID=bf9890eef9a834f8be0df019a050c5fb 
Number of updated asset objects reloaded before import = 0
Number of asset objects unloaded after import = 156
========================================================================
Received Import Request.
  Time of request: 2026-08-15T11:34:38.7819142Z
  Time since last request: 19.0216399 seconds.
  importAddress: GUID: f8651b923cdd5f644a0cebda5400e2bb - Path: Assets/_Project/Prefabs/Environment/Cave/Corridor.prefab - Importer: PreviewImporter
Importing 'GUID: f8651b923cdd5f644a0cebda5400e2bb - Path: Assets/_Project/Prefabs/Environment/Cave/Corridor.prefab - Importer: PreviewImporter' with importer (PreviewImporter)
Imported 'GUID: f8651b923cdd5f644a0cebda5400e2bb' -> (Import Result ID: 'b57a1c24b6e972965cbb66838ab586b5') in 0.220 seconds [static and dynamic dependencies]. Details - ImportResultOutputID=25f63e00b4af0c4c189f3cf85edf2c22 DependenciesID=6d863657a4d093c06b29e77f32849987 StaticDependenciesID=797f76dc874fa73717b4379447326d9c 
Number of updated asset objects reloaded before import = 0
Number of asset objects unloaded after import = 23
========================================================================
Received Import Request.
  Time of request: 2026-08-15T11:34:39.0312745Z
  Time since last request: 0.0008417 seconds.
  importAddress: GUID: 4b235410cd0351345ae07ec35629732a - Path: Assets/_Project/Prefabs/Environment/Cave/Level1.prefab - Importer: PreviewImporter
Importing 'GUID: 4b235410cd0351345ae07ec35629732a - Path: Assets/_Project/Prefabs/Environment/Cave/Level1.prefab - Importer: PreviewImporter' with importer (PreviewImporter)
Imported 'GUID: 4b235410cd0351345ae07ec35629732a' -> (Import Result ID: 'c0622898d8ac2db3ea8307f5a07369fc') in 0.051 seconds [static and dynamic dependencies]. Details - ImportResultOutputID=ba3ee98b3f482d062842be68b0cd29f0 DependenciesID=19d144bfe23f5385ff88afa5974f7ccd StaticDependenciesID=4bd70b9f0a03360d60fa01a4421c4a53 
Number of updated asset objects reloaded before import = 0
Number of asset objects unloaded after import = 156
========================================================================
Received Import Request.
  Time of request: 2026-08-15T11:34:39.1091142Z
  Time since last request: 0.0008123 seconds.
  importAddress: GUID: 46c82818a824d894da793cf50ba9cc1f - Path: Assets/_Project/Prefabs/Environment/Cave/WallCorner.prefab - Importer: PreviewImporter
Importing 'GUID: 46c82818a824d894da793cf50ba9cc1f - Path: Assets/_Project/Prefabs/Environment/Cave/WallCorner.prefab - Importer: PreviewImporter' with importer (PreviewImporter)
Imported 'GUID: 46c82818a824d894da793cf50ba9cc1f' -> (Import Result ID: 'cc9bc3793d906654f9f3ff37b8676e2f') in 0.021 seconds [static and dynamic dependencies]. Details - ImportResultOutputID=161905123ec9e2eec518009093bb46ee DependenciesID=7e28b6ca0ba77ff2fe83d69082974df6 StaticDependenciesID=382825d5806d0db11d33bfe9a37707f4 
Number of updated asset objects reloaded before import = 0
Number of asset objects unloaded after import = 23
========================================================================
Received Import Request.
  Time of request: 2026-08-15T11:34:39.1592277Z
  Time since last request: 0.0011916 seconds.
  importAddress: GUID: 73e68250ad55fa04daa35d3a8ac7346c - Path: Assets/_Project/Prefabs/Environment/Cave/Gate.prefab - Importer: PreviewImporter
Importing 'GUID: 73e68250ad55fa04daa35d3a8ac7346c - Path: Assets/_Project/Prefabs/Environment/Cave/Gate.prefab - Importer: PreviewImporter' with importer (PreviewImporter)
Imported 'GUID: 73e68250ad55fa04daa35d3a8ac7346c' -> (Import Result ID: '808d88c65239ca5c962631f3f302858a') in 0.031 seconds [static and dynamic dependencies]. Details - ImportResultOutputID=00d693640c74d57ab5d6d6dc02e46254 DependenciesID=486a0ad074f52c254c967b58f7e97488 StaticDependenciesID=984965320f44a99152f3bfe6772a2622 
Number of updated asset objects reloaded before import = 0
Number of asset objects unloaded after import = 32
========================================================================
Received Import Request.
  Time of request: 2026-08-15T11:34:39.2177593Z
  Time since last request: 0.001255 seconds.
  importAddress: GUID: 4b0a4780139443b41a7900faab1b8216 - Path: Assets/_Project/Prefabs/Environment/Cave/Exit.prefab - Importer: PreviewImporter
Importing 'GUID: 4b0a4780139443b41a7900faab1b8216 - Path: Assets/_Project/Prefabs/Environment/Cave/Exit.prefab - Importer: PreviewImporter' with importer (PreviewImporter)
Imported 'GUID: 4b0a4780139443b41a7900faab1b8216' -> (Import Result ID: 'a390e9ba746c7c38df50b01a1b1a8e97') in 0.026 seconds [static and dynamic dependencies]. Details - ImportResultOutputID=b7aa8f72b37f2f98ef30a996ff35376d DependenciesID=9450984f46f5830acfe032e4dba03409 StaticDependenciesID=b79a3f0ce7219df4ff7ed17efb480169 
Number of updated asset objects reloaded before import = 0
Number of asset objects unloaded after import = 23
========================================================================
Received Import Request.
  Time of request: 2026-08-15T11:34:39.2722671Z
  Time since last request: 0.0003762 seconds.
  importAddress: GUID: 1e245170d4b449644ac85425c7bbcb81 - Path: Assets/_Project/Prefabs/Environment/Cave/Wall.prefab - Importer: PreviewImporter
Importing 'GUID: 1e245170d4b449644ac85425c7bbcb81 - Path: Assets/_Project/Prefabs/Environment/Cave/Wall.prefab - Importer: PreviewImporter' with importer (PreviewImporter)
Imported 'GUID: 1e245170d4b449644ac85425c7bbcb81' -> (Import Result ID: 'c9bcb16cb98519895dc7c0bf612eda49') in 0.015 seconds [static and dynamic dependencies]. Details - ImportResultOutputID=3d072ff5ce278e0981995b13c88e6efc DependenciesID=7273b45d5c100e438f728caefa733aed StaticDependenciesID=9df074f5d0ba8f856b2a0656ee3c20e1 
Number of updated asset objects reloaded before import = 0
Number of asset objects unloaded after import = 23
========================================================================
Received Import Request.
  Time of request: 2026-08-15T11:34:39.3156384Z
  Time since last request: 0.0014879 seconds.
  importAddress: GUID: 0b5e8d3f191698b4f97e8ef36b36b094 - Path: Assets/_Project/Prefabs/Environment/Cave/Floor.prefab - Importer: PreviewImporter
Importing 'GUID: 0b5e8d3f191698b4f97e8ef36b36b094 - Path: Assets/_Project/Prefabs/Environment/Cave/Floor.prefab - Importer: PreviewImporter' with importer (PreviewImporter)
Imported 'GUID: 0b5e8d3f191698b4f97e8ef36b36b094' -> (Import Result ID: '4d6f3f42e0af81f732a4b0e5b8b3cec4') in 0.013 seconds [static and dynamic dependencies]. Details - ImportResultOutputID=b8ee99f30067dbad891f63d1be5ac168 DependenciesID=d056e982ef3201cd557d05dd3538e5f0 StaticDependenciesID=1147c4165ac01aedf3c5a09b46d8143a 
Number of updated asset objects reloaded before import = 0
Number of asset objects unloaded after import = 23
========================================================================
Received Prepare
AcceleratorClientConnectionCallback - disconnected - :0
Refreshing native plugins compatible for Editor in 5.25 ms, found 5 plugins.
Unloading 34 Unused Serialized files (Serialized files now loaded: 0)
Unloading 37 unused Assets / (3.2 MB). Loaded Objects now: 9249.
Memory consumption went from 399.4 MB to 396.1 MB.
Total: 17.913800 ms (FindLiveObjects: 0.860700 ms CreateObjectMapping: 1.779100 ms MarkObjects: 13.841200 ms  DeleteObjects: 1.431400 ms)

Prepare: number of updated asset objects reloaded= 0
EnvironmentDependencyValues requested are different than current active one (requested -> active):
  graphicsApiMask: 2099200 -> 2361344
========================================================================
Received Import Request.
  Time of request: 2026-08-15T11:34:44.7449041Z
  Time since last request: 5.389716 seconds.
  importAddress: GUID: 65c26aa036e33334ca396635843fb6a3 - Path: Assets/_Project/Prefabs/Characters/Slime/Slime.prefab - Importer: PreviewImporter
Importing 'GUID: 65c26aa036e33334ca396635843fb6a3 - Path: Assets/_Project/Prefabs/Characters/Slime/Slime.prefab - Importer: PreviewImporter' with importer (PreviewImporter)
Imported 'GUID: 65c26aa036e33334ca396635843fb6a3' -> (Import Result ID: '08aaf80f83631e7af87199f952bd83e7') in 0.038 seconds [static and dynamic dependencies]. Details - ImportResultOutputID=e89bb05351ea95f9a1ed952da3f64a40 DependenciesID=785f66de823a9776a771b3109cf64da1 StaticDependenciesID=60a206cd4dddcf79d6cf459791077c41 
Number of updated asset objects reloaded before import = 0
Number of asset objects unloaded after import = 59
========================================================================
Received Prepare
AcceleratorClientConnectionCallback - disconnected - :0
Refreshing native plugins compatible for Editor in 7.36 ms, found 5 plugins.
Unloading 34 Unused Serialized files (Serialized files now loaded: 0)
Unloading 7842 unused Assets / (7.5 MB). Loaded Objects now: 9249.
Memory consumption went from 405.2 MB to 397.7 MB.
Total: 21.738400 ms (FindLiveObjects: 1.284500 ms CreateObjectMapping: 3.680700 ms MarkObjects: 11.340000 ms  DeleteObjects: 5.431900 ms)

Prepare: number of updated asset objects reloaded= 0
EnvironmentDependencyValues requested are different than current active one (requested -> active):
  graphicsApiMask: 2099200 -> 2361344
========================================================================
Received Prepare
AcceleratorClientConnectionCallback - disconnected - :0
[Licensing::Client] Successfully resolved entitlement details
[Licensing::Client] Successfully resolved entitlement details
Begin MonoManager ReloadAssembly
Refreshing native plugins compatible for Editor in 6.45 ms, found 5 plugins.
Native extension for Android target not found
Native extension for WindowsStandalone target not found
Native extension for WebGL target not found
[Package Manager] Failed to launch server process. Reason: Unity was launched with the -noUpm command-line argument
[Package Manager] Unable to send message (not connected to server process).
[Package Manager] Cannot connect to Unity Package Manager local server
[Package Manager] Failed to launch server process. Reason: Unity was launched with the -noUpm command-line argument
[Package Manager] Unable to send message (not connected to server process).
[Package Manager] Cannot connect to Unity Package Manager local server
ScheduleIndexationOnStartup MainProcess:False IndexOnStartup:True
Mono: successfully reloaded assembly
- Finished resetting the current domain, in  1.936 seconds
Domain Reload Profiling: 3943ms
	BeginReloadAssembly (550ms)
		DisableScriptedObjects (116ms)
		CreateAndSetChildDomain (128ms)
	RebuildCommonClasses (15ms)
	RebuildNativeTypeToScriptingClass (28ms)
	initialDomainReloadingComplete (140ms)
	LoadAllAssembliesAndSetupDomain (1272ms)
		LoadAssemblies (809ms)
		AnalyzeDomain (440ms)
			TypeCache.Refresh (17ms)
			BuildScriptInfoCaches (411ms)
			ResolveRequiredComponents (9ms)
	FinalizeReload (1938ms)
		SetupLoadedEditorAssemblies (0ms)
			InitializePlatformSupportModulesInManaged (13ms)
			BeforeProcessingInitializeOnLoad (156ms)
			ProcessInitializeOnLoadAttributes (750ms)
			ProcessInitializeOnLoadMethodAttributes (538ms)
			AfterProcessingInitializeOnLoad (18ms)
		AwakeInstancesAfterBackupRestoration (65ms)
Refreshing native plugins compatible for Editor in 16.67 ms, found 5 plugins.
Unloading 34 Unused Serialized files (Serialized files now loaded: 0)
Unloading 7858 unused Assets / (4.2 MB). Loaded Objects now: 9179.
Memory consumption went from 404.5 MB to 400.3 MB.
Total: 31.595200 ms (FindLiveObjects: 2.495800 ms CreateObjectMapping: 5.944000 ms MarkObjects: 15.073200 ms  DeleteObjects: 8.080300 ms)

Prepare: number of updated asset objects reloaded= 0
EnvironmentDependencyValues requested are different than current active one (requested -> active):
  graphicsApiMask: 2099200 -> 2361344
========================================================================
Received Prepare
AcceleratorClientConnectionCallback - disconnected - :0
Refreshing native plugins compatible for Editor in 7.17 ms, found 5 plugins.
Unloading 34 Unused Serialized files (Serialized files now loaded: 0)
Unloading 7840 unused Assets / (5.5 MB). Loaded Objects now: 9179.
Memory consumption went from 404.5 MB to 399.0 MB.
Total: 27.834100 ms (FindLiveObjects: 1.667800 ms CreateObjectMapping: 5.837800 ms MarkObjects: 13.765100 ms  DeleteObjects: 6.562100 ms)

Prepare: number of updated asset objects reloaded= 0
EnvironmentDependencyValues requested are different than current active one (requested -> active):
  graphicsApiMask: 2099200 -> 2361344
========================================================================
Received Prepare
AcceleratorClientConnectionCallback - disconnected - :0
Begin MonoManager ReloadAssembly
Error loading the file 'ProjectSettings/ProjectAuditorSettings.asset'. File is either empty or corrupted, please verify the file contents.
UnityEngine.Debug:ExtractStackTraceNoAlloc (byte*,int,string)
UnityEngine.StackTraceUtility:ExtractStackTrace ()
UnityEditorInternal.InternalEditorUtility:SaveToSerializedFileAndForgetInternal (string,UnityEngine.Object[],bool)
UnityEditorInternal.InternalEditorUtility:SaveToSerializedFileAndForget (UnityEngine.Object[],string,bool)
UnityEditor.ScriptableSingleton`1<Unity.ProjectAuditor.Editor.ProjectAuditorSettings>:Save (bool)
Unity.ProjectAuditor.Editor.ProjectAuditorSettings:Save ()
Unity.ProjectAuditor.Editor.ProjectAuditorSettings:OnDisable ()

[ line 0]

Refreshing native plugins compatible for Editor in 7.98 ms, found 5 plugins.
Native extension for Android target not found
Native extension for WindowsStandalone target not found
Native extension for WebGL target not found
[Package Manager] Failed to launch server process. Reason: Unity was launched with the -noUpm command-line argument
[Package Manager] Unable to send message (not connected to server process).
[Package Manager] Cannot connect to Unity Package Manager local server
[Package Manager] Failed to launch server process. Reason: Unity was launched with the -noUpm command-line argument
[Package Manager] Unable to send message (not connected to server process).
[Package Manager] Cannot connect to Unity Package Manager local server
ScheduleIndexationOnStartup MainProcess:False IndexOnStartup:True
Mono: successfully reloaded assembly
- Finished resetting the current domain, in  1.310 seconds
Domain Reload Profiling: 3438ms
	BeginReloadAssembly (437ms)
		DisableScriptedObjects (78ms)
		CreateAndSetChildDomain (90ms)
	RebuildCommonClasses (14ms)
	RebuildNativeTypeToScriptingClass (28ms)
	initialDomainReloadingComplete (132ms)
	LoadAllAssembliesAndSetupDomain (1515ms)
		LoadAssemblies (937ms)
		AnalyzeDomain (488ms)
			TypeCache.Refresh (21ms)
			BuildScriptInfoCaches (453ms)
			ResolveRequiredComponents (11ms)
	FinalizeReload (1312ms)
		SetupLoadedEditorAssemblies (0ms)
			InitializePlatformSupportModulesInManaged (36ms)
			BeforeProcessingInitializeOnLoad (157ms)
			ProcessInitializeOnLoadAttributes (436ms)
			ProcessInitializeOnLoadMethodAttributes (212ms)
			AfterProcessingInitializeOnLoad (19ms)
		AwakeInstancesAfterBackupRestoration (45ms)
Refreshing native plugins compatible for Editor in 6.16 ms, found 5 plugins.
Unloading 34 Unused Serialized files (Serialized files now loaded: 0)
Unloading 7858 unused Assets / (7.6 MB). Loaded Objects now: 9182.
Memory consumption went from 404.7 MB to 397.1 MB.
Total: 20.647500 ms (FindLiveObjects: 1.705200 ms CreateObjectMapping: 3.940100 ms MarkObjects: 9.111900 ms  DeleteObjects: 5.888400 ms)

Prepare: number of updated asset objects reloaded= 0
EnvironmentDependencyValues requested are different than current active one (requested -> active):
  graphicsApiMask: 2099200 -> 2361344
========================================================================
Received Prepare
AcceleratorClientConnectionCallback - disconnected - :0
Begin MonoManager ReloadAssembly
Refreshing native plugins compatible for Editor in 6.60 ms, found 5 plugins.
Native extension for Android target not found
Native extension for WindowsStandalone target not found
Native extension for WebGL target not found
[Package Manager] Failed to launch server process. Reason: Unity was launched with the -noUpm command-line argument
[Package Manager] Unable to send message (not connected to server process).
[Package Manager] Cannot connect to Unity Package Manager local server
[Package Manager] Failed to launch server process. Reason: Unity was launched with the -noUpm command-line argument
[Package Manager] Unable to send message (not connected to server process).
[Package Manager] Cannot connect to Unity Package Manager local server
ScheduleIndexationOnStartup MainProcess:False IndexOnStartup:True
Mono: successfully reloaded assembly
- Finished resetting the current domain, in  1.358 seconds
Domain Reload Profiling: 2731ms
	BeginReloadAssembly (442ms)
		DisableScriptedObjects (69ms)
		CreateAndSetChildDomain (95ms)
	RebuildCommonClasses (14ms)
	RebuildNativeTypeToScriptingClass (31ms)
	initialDomainReloadingComplete (132ms)
	LoadAllAssembliesAndSetupDomain (755ms)
		LoadAssemblies (703ms)
		AnalyzeDomain (25ms)
			TypeCache.Refresh (11ms)
			ResolveRequiredComponents (8ms)
	FinalizeReload (1359ms)
		SetupLoadedEditorAssemblies (0ms)
			InitializePlatformSupportModulesInManaged (12ms)
			BeforeProcessingInitializeOnLoad (153ms)
			ProcessInitializeOnLoadAttributes (512ms)
			ProcessInitializeOnLoadMethodAttributes (248ms)
			AfterProcessingInitializeOnLoad (17ms)
		AwakeInstancesAfterBackupRestoration (55ms)
Refreshing native plugins compatible for Editor in 6.95 ms, found 5 plugins.
Unloading 34 Unused Serialized files (Serialized files now loaded: 0)
Unloading 7858 unused Assets / (8.9 MB). Loaded Objects now: 9185.
Memory consumption went from 404.7 MB to 395.8 MB.
Total: 24.513900 ms (FindLiveObjects: 1.269200 ms CreateObjectMapping: 4.514000 ms MarkObjects: 10.662300 ms  DeleteObjects: 8.066800 ms)

Prepare: number of updated asset objects reloaded= 0
EnvironmentDependencyValues requested are different than current active one (requested -> active):
  graphicsApiMask: 2099200 -> 2361344
========================================================================
Received Import Request.
  Time of request: 2026-08-15T11:37:40.5423501Z
  Time since last request: 175.73544989999999 seconds.
  importAddress: GUID: 65c26aa036e33334ca396635843fb6a3 - Path: Assets/_Project/Prefabs/Characters/Slime/Slime.prefab - Importer: PreviewImporter
Importing 'GUID: 65c26aa036e33334ca396635843fb6a3 - Path: Assets/_Project/Prefabs/Characters/Slime/Slime.prefab - Importer: PreviewImporter' with importer (PreviewImporter)
Imported 'GUID: 65c26aa036e33334ca396635843fb6a3' -> (Import Result ID: '5b65ab7f5fba30eb896abc7998b86a0a') in 0.611 seconds [static and dynamic dependencies]. Details - ImportResultOutputID=e89bb05351ea95f9a1ed952da3f64a40 DependenciesID=53de5f97e30c2c563784e1dce6abaad2 StaticDependenciesID=60a206cd4dddcf79d6cf459791077c41 
Number of updated asset objects reloaded before import = 0
Number of asset objects unloaded after import = 59
========================================================================
Received Prepare
AcceleratorClientConnectionCallback - disconnected - :0
Refreshing native plugins compatible for Editor in 6.28 ms, found 5 plugins.
Unloading 34 Unused Serialized files (Serialized files now loaded: 0)
Unloading 37 unused Assets / (3.3 MB). Loaded Objects now: 9277.
Memory consumption went from 399.6 MB to 396.4 MB.
Total: 22.156300 ms (FindLiveObjects: 2.118900 ms CreateObjectMapping: 1.845400 ms MarkObjects: 16.804000 ms  DeleteObjects: 1.386500 ms)

Prepare: number of updated asset objects reloaded= 0
EnvironmentDependencyValues requested are different than current active one (requested -> active):
  graphicsApiMask: 2099200 -> 2361344
Editor requested this worker to shutdown with reason: Editor is closing down
AcceleratorClientConnectionCallback - disconnected - :0
AssetImportWorker is now disconnected from the server
Process exiting
Exiting without the bug reporter. Application will terminate with return code 0